timestamp,runtime_sec,total_biomass,t0,t1,t2,t3,t4,deep_archive,lambda,phi_diff
2026-02-10T23:56:02+01:00,5,37500,37500,0,0,0,0,0,0.000100,1.6180
2026-02-10T23:56:07+01:00,10,39500,39500,0,0,0,0,0,0.000100,1.6180
2026-02-10T23:56:12+01:00,15,41500,41500,0,0,0,0,0,0.000100,1.6180
2026-02-10T23:56:17+01:00,20,43500,43500,0,0,0,0,0,0.000100,1.6180
2026-02-10T23:56:22+01:00,25,45500,45500,0,0,0,0,0,0.000100,1.6180
2026-02-10T23:56:27+01:00,30,47500,47500,0,0,0,0,0,0.000100,1.6180
2026-02-10T23:56:32+01:00,35,49500,49500,0,0,0,0,0,0.000100,1.6180
2026-02-10T23:56:37+01:00,40,51500,51500,0,0,0,0,0,0.000100,1.6180
2026-02-10T23:56:42+01:00,45,53500,53500,0,0,0,0,0,0.000100,1.6180
2026-02-10T23:56:47+01:00,50,55500,55500,0,0,0,0,0,0.000100,1.6180
2026-02-10T23:56:52+01:00,55,57500,57500,0,0,0,0,0,0.000100,1.6180
2026-02-10T23:56:57+01:00,60,59500,59500,0,0,0,0,0,0.000100,1.6180
2026-02-10T23:57:02+01:00,65,61500,61500,0,0,0,0,0,0.000100,1.6180
2026-02-10T23:57:07+01:00,70,63500,63500,0,0,0,0,0,0.000100,1.6180
2026-02-10T23:57:12+01:00,75,65500,65500,0,0,0,0,0,0.000100,1.6180
2026-02-10T23:57:17+01:00,80,67500,67500,0,0,0,0,0,0.000100,1.6180
2026-02-10T23:57:22+01:00,85,69500,69500,0,0,0,0,0,0.000100,1.6180
2026-02-10T23:57:27+01:00,90,71500,71500,0,0,0,0,0,0.000100,1.6180
2026-02-10T23:57:32+01:00,95,73500,73500,0,0,0,0,0,0.000100,1.6180
2026-02-10T23:57:37+01:00,100,75500,75500,0,0,0,0,0,0.000100,1.6180
2026-02-10T23:57:42+01:00,105,77500,77500,0,0,0,0,0,0.000100,1.6180
2026-02-10T23:57:47+01:00,110,79500,79500,0,0,0,0,0,0.000100,1.6180
2026-02-10T23:57:52+01:00,115,81500,81500,0,0,0,0,0,0.000100,1.6180
2026-02-10T23:57:57+01:00,120,83500,83500,0,0,0,0,0,0.000100,1.6180
2026-02-10T23:58:02+01:00,125,85500,85500,0,0,0,0,0,0.000100,1.6180
2026-02-10T23:58:07+01:00,130,87500,87500,0,0,0,0,0,0.000100,1.6180
2026-02-10T23:58:12+01:00,135,89500,89500,0,0,0,0,0,0.000100,1.6180
2026-02-10T23:58:17+01:00,140,91500,91500,0,0,0,0,0,0.000100,1.6180
2026-02-10T23:58:22+01:00,145,93500,93500,0,0,0,0,0,0.000100,1.6180
2026-02-10T23:58:27+01:00,150,95500,95500,0,0,0,0,0,0.000100,1.6180
2026-02-10T23:58:32+01:00,155,97500,97500,0,0,0,0,0,0.000100,1.6180
2026-02-10T23:58:37+01:00,160,99500,99500,0,0,0,0,0,0.000100,1.6180
2026-02-10T23:58:42+01:00,165,101500,101500,0,0,0,0,0,0.000100,1.6180
2026-02-10T23:58:47+01:00,170,103500,103500,0,0,0,0,0,0.000100,1.6180
2026-02-10T23:58:52+01:00,175,105500,105500,0,0,0,0,0,0.000100,1.6180
2026-02-10T23:58:57+01:00,180,107500,107500,0,0,0,0,0,0.000100,1.6180
2026-02-10T23:59:02+01:00,185,109500,109500,0,0,0,0,0,0.000100,1.6180
2026-02-10T23:59:07+01:00,190,111500,111500,0,0,0,0,0,0.000100,1.6180
2026-02-10T23:59:12+01:00,195,113500,113500,0,0,0,0,0,0.000100,1.6180
2026-02-10T23:59:17+01:00,200,115500,115500,0,0,0,0,0,0.000100,1.6180
2026-02-10T23:59:22+01:00,205,117500,117500,0,0,0,0,0,0.000100,1.6180
2026-02-10T23:59:27+01:00,210,119500,119500,0,0,0,0,0,0.000100,1.6180
2026-02-10T23:59:32+01:00,215,121500,121500,0,0,0,0,0,0.000100,1.6180
2026-02-10T23:59:37+01:00,220,123500,123500,0,0,0,0,0,0.000100,1.6180
2026-02-10T23:59:42+01:00,225,125500,125500,0,0,0,0,0,0.000100,1.6180
2026-02-10T23:59:47+01:00,230,127500,127500,0,0,0,0,0,0.000100,1.6180
2026-02-10T23:59:52+01:00,235,129500,129500,0,0,0,0,0,0.000100,1.6180
2026-02-10T23:59:57+01:00,240,131500,131500,0,0,0,0,0,0.000100,1.6180
2026-02-11T00:00:02+01:00,245,133500,133500,0,0,0,0,0,0.000100,1.6180
2026-02-11T00:00:07+01:00,250,135500,135500,0,0,0,0,0,0.000100,1.6180
2026-02-11T00:00:12+01:00,255,137500,137500,0,0,0,0,0,0.000100,1.6180
2026-02-11T00:00:17+01:00,260,139500,139500,0,0,0,0,0,0.000100,1.6180
2026-02-11T00:00:22+01:00,265,141500,141500,0,0,0,0,0,0.000100,1.6180
2026-02-11T00:00:27+01:00,270,143500,143500,0,0,0,0,0,0.000100,1.6180
2026-02-11T00:00:32+01:00,275,145500,145500,0,0,0,0,0,0.000100,1.6180
2026-02-11T00:00:37+01:00,280,147500,147500,0,0,0,0,0,0.000100,1.6180
2026-02-11T00:00:42+01:00,285,149500,149500,0,0,0,0,0,0.000100,1.6180
2026-02-11T00:00:47+01:00,290,151500,151500,0,0,0,0,0,0.000100,1.6180
2026-02-11T00:00:52+01:00,295,153500,153500,0,0,0,0,0,0.000100,1.6180
2026-02-11T00:00:57+01:00,300,155500,155500,0,0,0,0,0,0.000100,1.6180
2026-02-11T00:01:02+01:00,305,157500,157500,0,0,0,0,0,0.000100,1.6180
2026-02-11T00:01:07+01:00,310,159500,159500,0,0,0,0,0,0.000100,1.6180
2026-02-11T00:01:12+01:00,315,161500,161500,0,0,0,0,0,0.000100,1.6180
2026-02-11T00:01:17+01:00,320,163500,163500,0,0,0,0,0,0.000100,1.6180
2026-02-11T00:01:22+01:00,325,165500,165500,0,0,0,0,0,0.000100,1.6180
2026-02-11T00:01:27+01:00,330,167500,167500,0,0,0,0,0,0.000100,1.6180
2026-02-11T00:01:32+01:00,335,169500,169500,0,0,0,0,0,0.000100,1.6180
2026-02-11T00:01:37+01:00,340,171500,171500,0,0,0,0,0,0.000100,1.6180
2026-02-11T00:01:42+01:00,345,173500,173500,0,0,0,0,0,0.000100,1.6180
2026-02-11T00:01:47+01:00,350,175500,175500,0,0,0,0,0,0.000100,1.6180
2026-02-11T00:01:52+01:00,355,177500,177500,0,0,0,0,0,0.000100,1.6180
2026-02-11T00:01:57+01:00,360,179500,179500,0,0,0,0,0,0.000100,1.6180
2026-02-11T00:02:02+01:00,365,181500,181500,0,0,0,0,0,0.000100,1.6180
2026-02-11T00:02:07+01:00,370,183500,183500,0,0,0,0,0,0.000100,1.6180
2026-02-11T00:02:12+01:00,375,185500,185500,0,0,0,0,0,0.000100,1.6180
2026-02-11T00:02:17+01:00,380,187500,187500,0,0,0,0,0,0.000100,1.6180
2026-02-11T00:02:22+01:00,385,189500,189500,0,0,0,0,0,0.000100,1.6180
2026-02-11T00:02:27+01:00,390,191500,191500,0,0,0,0,0,0.000100,1.6180
2026-02-11T00:02:32+01:00,395,193500,193500,0,0,0,0,0,0.000100,1.6180
2026-02-11T00:02:37+01:00,400,195500,195500,0,0,0,0,0,0.000100,1.6180
2026-02-11T00:02:42+01:00,405,197500,197500,0,0,0,0,0,0.000100,1.6180
2026-02-11T00:02:47+01:00,410,199500,199500,0,0,0,0,0,0.000100,1.6180
2026-02-11T00:02:52+01:00,415,201500,201500,0,0,0,0,0,0.000100,1.6180
2026-02-11T00:02:57+01:00,420,203500,203500,0,0,0,0,0,0.000100,1.6180
2026-02-11T00:03:02+01:00,425,205500,205500,0,0,0,0,0,0.000100,1.6180
2026-02-11T00:03:07+01:00,430,207500,207500,0,0,0,0,0,0.000100,1.6180
2026-02-11T00:03:12+01:00,435,209500,209500,0,0,0,0,0,0.000100,1.6180
2026-02-11T00:03:17+01:00,440,211500,211500,0,0,0,0,0,0.000100,1.6180
2026-02-11T00:03:22+01:00,445,213500,213500,0,0,0,0,0,0.000100,1.6180
2026-02-11T00:03:27+01:00,450,215500,215500,0,0,0,0,0,0.000100,1.6180
2026-02-11T00:03:32+01:00,455,217500,217500,0,0,0,0,0,0.000100,1.6180
2026-02-11T00:03:37+01:00,460,219500,219500,0,0,0,0,0,0.000100,1.6180
2026-02-11T00:03:42+01:00,465,221500,221500,0,0,0,0,0,0.000100,1.6180
2026-02-11T00:03:47+01:00,470,223500,223500,0,0,0,0,0,0.000100,1.6180
2026-02-11T00:03:52+01:00,475,225500,225500,0,0,0,0,0,0.000100,1.6180
2026-02-11T00:03:57+01:00,480,227500,227500,0,0,0,0,0,0.000100,1.6180
2026-02-11T00:04:02+01:00,485,229500,229500,0,0,0,0,0,0.000100,1.6180
2026-02-11T00:04:07+01:00,490,231500,231500,0,0,0,0,0,0.000100,1.6180
2026-02-11T00:04:12+01:00,495,233500,233500,0,0,0,0,0,0.000100,1.6180
2026-02-11T00:04:17+01:00,500,235500,235500,0,0,0,0,0,0.000100,1.6180
2026-02-11T00:04:22+01:00,505,237500,237500,0,0,0,0,0,0.000100,1.6180
2026-02-11T00:04:27+01:00,510,239500,239500,0,0,0,0,0,0.000100,1.6180
2026-02-11T00:04:32+01:00,515,241500,241500,0,0,0,0,0,0.000100,1.6180
2026-02-11T00:04:37+01:00,520,243500,243500,0,0,0,0,0,0.000100,1.6180
2026-02-11T00:04:42+01:00,525,245500,245500,0,0,0,0,0,0.000100,1.6180
2026-02-11T00:04:47+01:00,530,247500,247500,0,0,0,0,0,0.000100,1.6180
2026-02-11T00:04:52+01:00,535,249500,249500,0,0,0,0,0,0.000100,1.6180
2026-02-11T00:04:57+01:00,540,251500,251500,0,0,0,0,0,0.000100,1.6180
2026-02-11T00:05:02+01:00,545,253500,253500,0,0,0,0,0,0.000100,1.6180
2026-02-11T00:05:07+01:00,550,255500,255500,0,0,0,0,0,0.000100,1.6180
2026-02-11T00:05:12+01:00,555,257500,257500,0,0,0,0,0,0.000100,1.6180
2026-02-11T00:05:17+01:00,560,259500,259500,0,0,0,0,0,0.000100,1.6180
2026-02-11T00:05:22+01:00,565,261500,261500,0,0,0,0,0,0.000100,1.6180
2026-02-11T00:05:27+01:00,570,263500,263500,0,0,0,0,0,0.000100,1.6180
2026-02-11T00:05:32+01:00,575,265500,265500,0,0,0,0,0,0.000100,1.6180
2026-02-11T00:05:37+01:00,580,267500,267500,0,0,0,0,0,0.000100,1.6180
2026-02-11T00:05:42+01:00,585,269500,269500,0,0,0,0,0,0.000100,1.6180
2026-02-11T00:05:47+01:00,590,271500,271500,0,0,0,0,0,0.000100,1.6180
2026-02-11T00:05:52+01:00,595,273500,273500,0,0,0,0,0,0.000100,1.6180
2026-02-11T00:05:57+01:00,600,275500,275500,0,0,0,0,0,0.000443,1.6180
2026-02-11T00:06:02+01:00,605,277500,277500,0,0,0,0,0,0.000100,1.6180
2026-02-11T00:06:07+01:00,610,279500,279500,0,0,0,0,0,0.000420,1.6180
2026-02-11T00:06:12+01:00,615,281500,281500,0,0,0,0,0,0.000100,1.6180
2026-02-11T00:06:17+01:00,620,283500,283500,0,0,0,0,0,0.000100,1.6180
2026-02-11T00:06:22+01:00,625,285500,285500,0,0,0,0,0,0.000100,1.6180
2026-02-11T00:06:27+01:00,630,287500,287500,0,0,0,0,0,0.000410,1.6180
2026-02-11T00:06:32+01:00,635,289500,289500,0,0,0,0,0,0.000100,1.6180
2026-02-11T00:06:37+01:00,640,291500,291500,0,0,0,0,0,0.005102,1.6180
2026-02-11T00:06:42+01:00,645,293500,293500,0,0,0,0,0,0.000100,1.6180
2026-02-11T00:06:47+01:00,650,295500,295500,0,0,0,0,0,0.005368,1.6180
2026-02-11T00:06:52+01:00,655,297500,297500,0,0,0,0,0,0.000517,1.6180
2026-02-11T00:06:57+01:00,660,299500,299500,0,0,0,0,0,0.007447,1.6180
2026-02-11T00:07:02+01:00,665,301500,301500,0,0,0,0,0,0.001112,1.6180
2026-02-11T00:07:07+01:00,670,303500,303500,0,0,0,0,0,0.009756,1.6180
2026-02-11T00:07:12+01:00,675,305500,305500,0,0,0,0,0,0.001700,1.6180
2026-02-11T00:07:17+01:00,680,307500,307500,0,0,0,0,0,0.012064,1.6180
2026-02-11T00:07:22+01:00,685,309500,309500,0,0,0,0,0,0.002299,1.6180
2026-02-11T00:07:27+01:00,690,311500,311500,0,0,0,0,0,0.014197,1.6180
2026-02-11T00:07:32+01:00,695,313500,313500,0,0,0,0,0,0.002713,1.6180
2026-02-11T00:07:37+01:00,700,315500,315500,0,0,0,0,0,0.016475,1.6180
2026-02-11T00:07:42+01:00,705,317500,317500,0,0,0,0,0,0.003262,1.6180
2026-02-11T00:07:47+01:00,710,319500,319500,0,0,0,0,0,0.018746,1.6180
2026-02-11T00:07:52+01:00,715,321500,321500,0,0,0,0,0,0.003578,1.6180
2026-02-11T00:07:57+01:00,720,323500,323500,0,0,0,0,0,0.020792,1.6180
2026-02-11T00:08:02+01:00,725,325500,325500,0,0,0,0,0,0.004095,1.6180
2026-02-11T00:08:07+01:00,730,327500,327500,0,0,0,0,0,0.022765,1.6180
2026-02-11T00:08:12+01:00,735,329500,329500,0,0,0,0,0,0.004295,1.6180
2026-02-11T00:08:17+01:00,740,331500,331500,0,0,0,0,0,0.024901,1.6180
2026-02-11T00:08:22+01:00,745,333500,333500,0,0,0,0,0,0.034562,1.6180
2026-02-11T00:08:27+01:00,750,335500,335500,0,0,0,0,0,0.079286,1.6180
2026-02-11T00:08:32+01:00,755,337500,337500,0,0,0,0,0,0.125097,1.6180
2026-02-11T00:08:37+01:00,760,339500,339500,0,0,0,0,0,0.172988,1.6180
2026-02-11T00:08:42+01:00,765,341500,341500,0,0,0,0,0,0.223033,1.6180
2026-02-11T00:08:47+01:00,770,343500,343500,0,0,0,0,0,0.273961,1.6180
2026-02-11T00:08:52+01:00,775,345500,345500,0,0,0,0,0,0.326613,1.6180
2026-02-11T00:08:57+01:00,780,347500,347500,0,0,0,0,0,0.381899,1.6180
2026-02-11T00:09:02+01:00,785,349500,349500,0,0,0,0,0,0.437862,1.6180
2026-02-11T00:09:07+01:00,790,351500,351500,0,0,0,0,0,0.496552,1.6180
2026-02-11T00:09:12+01:00,795,353505,352663,842,0,0,0,0,0.547341,1.6156
2026-02-11T00:09:17+01:00,800,355505,353595,1910,0,0,0,0,0.616831,1.6126
2026-02-11T00:09:22+01:00,805,357506,353570,3936,0,0,0,0,0.666017,1.6069
2026-02-11T00:09:27+01:00,810,359504,353592,5912,0,0,0,0,0.718785,1.6013
2026-02-11T00:09:32+01:00,815,361504,353500,8004,0,0,0,0,0.756421,1.5954
2026-02-11T00:09:37+01:00,820,363505,353512,9993,0,0,0,0,0.812660,1.5898
2026-02-11T00:09:42+01:00,825,365504,353483,12021,0,0,0,0,0.808702,1.5840
2026-02-11T00:09:47+01:00,830,367506,353653,13853,0,0,0,0,0.839327,1.5789
2026-02-11T00:09:52+01:00,835,369505,353572,15933,0,0,0,0,0.839040,1.5730
2026-02-11T00:09:57+01:00,840,371504,353635,17869,0,0,0,0,0.839689,1.5675
2026-02-11T00:10:02+01:00,845,373504,353526,19978,0,0,0,0,0.840010,1.5615
2026-02-11T00:10:07+01:00,850,375504,353682,21822,0,0,0,0,0.837237,1.5563
2026-02-11T00:10:12+01:00,855,377506,353641,23865,0,0,0,0,0.839121,1.5506
2026-02-11T00:10:17+01:00,860,379504,353576,25928,0,0,0,0,0.838235,1.5447
2026-02-11T00:10:22+01:00,865,381505,353561,27944,0,0,0,0,0.840925,1.5390
2026-02-11T00:10:27+01:00,870,383506,353573,29933,0,0,0,0,0.840450,1.5334
2026-02-11T00:10:32+01:00,875,385505,353574,31931,0,0,0,0,0.837538,1.5277
2026-02-11T00:10:37+01:00,880,387505,353592,33913,0,0,0,0,0.840866,1.5221
2026-02-11T00:10:42+01:00,885,389506,353572,35934,0,0,0,0,0.842338,1.5164
2026-02-11T00:10:47+01:00,890,391505,353601,37904,0,0,0,0,0.838119,1.5108
2026-02-11T00:10:52+01:00,895,393505,353606,39899,0,0,0,0,0.841428,1.5052
2026-02-11T00:10:57+01:00,900,395504,353608,41896,0,0,0,0,0.830228,1.4996
2026-02-11T00:11:02+01:00,905,397505,353594,43911,0,0,0,0,0.839267,1.4938
2026-02-11T00:11:07+01:00,910,399505,353657,45848,0,0,0,0,0.838591,1.4884
2026-02-11T00:11:12+01:00,915,401505,353734,47771,0,0,0,0,0.839843,1.4830
2026-02-11T00:11:17+01:00,920,403505,353692,49813,0,0,0,0,0.841917,1.4772
2026-02-11T00:11:22+01:00,925,405506,353670,51836,0,0,0,0,0.838586,1.4715
2026-02-11T00:11:27+01:00,930,407504,353650,53854,0,0,0,0,0.835294,1.4658
2026-02-11T00:11:32+01:00,935,409505,353614,55891,0,0,0,0,0.840490,1.4600
2026-02-11T00:11:37+01:00,940,411506,353630,57876,0,0,0,0,0.839217,1.4544
2026-02-11T00:11:42+01:00,945,413506,353615,59891,0,0,0,0,0.838860,1.4487
2026-02-11T00:11:47+01:00,950,415505,353633,61872,0,0,0,0,0.840967,1.4431
2026-02-11T00:11:52+01:00,955,417504,353658,63846,0,0,0,0,0.840228,1.4375
2026-02-11T00:11:57+01:00,960,419505,353670,65835,0,0,0,0,0.839940,1.4319
2026-02-11T00:12:02+01:00,965,421505,353660,67845,0,0,0,0,0.839013,1.4262
2026-02-11T00:12:07+01:00,970,423505,353671,69834,0,0,0,0,0.839135,1.4206
2026-02-11T00:12:12+01:00,975,425505,353653,71852,0,0,0,0,0.838360,1.4149
2026-02-11T00:12:17+01:00,980,427505,353636,73869,0,0,0,0,0.840177,1.4091
2026-02-11T00:12:22+01:00,985,429505,353644,75861,0,0,0,0,0.839526,1.4035
2026-02-11T00:12:27+01:00,990,431505,353706,77799,0,0,0,0,0.840931,1.3981
2026-02-11T00:12:32+01:00,995,433501,353713,79788,0,0,0,0,0.837207,1.3925
2026-02-11T00:12:37+01:00,1000,435505,353679,81826,0,0,0,0,0.842063,1.3867
2026-02-11T00:12:42+01:00,1005,437505,353675,83830,0,0,0,0,0.838615,1.3810
2026-02-11T00:12:47+01:00,1010,439504,353687,85817,0,0,0,0,0.843046,1.3754
2026-02-11T00:12:52+01:00,1015,441505,353725,87780,0,0,0,0,0.841147,1.3699
2026-02-11T00:12:57+01:00,1020,443505,353826,89679,0,0,0,0,0.837252,1.3646
2026-02-11T00:13:02+01:00,1025,445504,353729,91775,0,0,0,0,0.838963,1.3586
2026-02-11T00:13:07+01:00,1030,447505,353779,93726,0,0,0,0,0.839164,1.3531
2026-02-11T00:13:12+01:00,1035,449503,353913,95590,0,0,0,0,0.839809,1.3479
2026-02-11T00:13:17+01:00,1040,451505,353797,97708,0,0,0,0,0.841850,1.3419
2026-02-11T00:13:22+01:00,1045,453504,353791,99713,0,0,0,0,0.841120,1.3362
2026-02-11T00:13:27+01:00,1050,455504,353782,101722,0,0,0,0,0.839571,1.3305
2026-02-11T00:13:32+01:00,1055,457505,353755,103750,0,0,0,0,0.839388,1.3248
2026-02-11T00:13:37+01:00,1060,459505,353745,105760,0,0,0,0,0.841932,1.3191
2026-02-11T00:13:42+01:00,1065,461505,353778,107727,0,0,0,0,0.840672,1.3135
2026-02-11T00:13:47+01:00,1070,463504,353848,109656,0,0,0,0,0.840014,1.3081
2026-02-11T00:13:52+01:00,1075,465505,353814,111691,0,0,0,0,0.840898,1.3024
2026-02-11T00:13:57+01:00,1080,467505,353804,113701,0,0,0,0,0.840612,1.2967
2026-02-11T00:14:02+01:00,1085,469505,353804,115701,0,0,0,0,0.837481,1.2910
2026-02-11T00:14:07+01:00,1090,471505,353771,117734,0,0,0,0,0.838026,1.2852
2026-02-11T00:14:12+01:00,1095,473503,353788,119715,0,0,0,0,0.840212,1.2797
2026-02-11T00:14:17+01:00,1100,475505,353792,121713,0,0,0,0,0.839172,1.2740
2026-02-11T00:14:22+01:00,1105,477505,353812,123693,0,0,0,0,0.839298,1.2684
2026-02-11T00:14:27+01:00,1110,479504,354221,125283,0,0,0,0,0.838405,1.2643
2026-02-11T00:14:32+01:00,1115,481504,354377,127127,0,0,0,0,0.813863,1.2593
2026-02-11T00:14:37+01:00,1120,483505,354095,129410,0,0,0,0,0.813939,1.2526
2026-02-11T00:14:42+01:00,1125,485505,353825,131680,0,0,0,0,0.840235,1.2459
2026-02-11T00:14:47+01:00,1130,487506,353835,133671,0,0,0,0,0.836639,1.2403
2026-02-11T00:14:52+01:00,1135,489505,353849,135656,0,0,0,0,0.838490,1.2347
2026-02-11T00:14:57+01:00,1140,491505,353809,137696,0,0,0,0,0.841354,1.2289
2026-02-11T00:15:02+01:00,1145,493505,353813,139692,0,0,0,0,0.839659,1.2232
2026-02-11T00:15:07+01:00,1150,495504,353879,141625,0,0,0,0,0.837836,1.2178
2026-02-11T00:15:12+01:00,1155,497504,353860,143644,0,0,0,0,0.839531,1.2121
2026-02-11T00:15:17+01:00,1160,499505,353866,145639,0,0,0,0,0.837603,1.2065
2026-02-11T00:15:22+01:00,1165,501504,353869,147635,0,0,0,0,0.837975,1.2008
2026-02-11T00:15:27+01:00,1170,503505,353850,149655,0,0,0,0,0.839292,1.1951
2026-02-11T00:15:32+01:00,1175,505505,353772,151733,0,0,0,0,0.840351,1.1891
2026-02-11T00:15:37+01:00,1180,507505,353780,153725,0,0,0,0,0.838806,1.1835
2026-02-11T00:15:42+01:00,1185,509503,353787,155716,0,0,0,0,0.838675,1.1779
2026-02-11T00:15:47+01:00,1190,511505,353828,157677,0,0,0,0,0.841232,1.1724
2026-02-11T00:15:52+01:00,1195,513504,353803,159701,0,0,0,0,0.839580,1.1667
2026-02-11T00:15:57+01:00,1200,515505,353821,161684,0,0,0,0,0.840486,1.1611
2026-02-11T00:16:02+01:00,1205,517505,353830,163675,0,0,0,0,0.840684,1.1555
2026-02-11T00:16:07+01:00,1210,519505,353809,165696,0,0,0,0,0.838958,1.1497
2026-02-11T00:16:12+01:00,1215,521506,353819,167687,0,0,0,0,0.839663,1.1441
2026-02-11T00:16:17+01:00,1220,523504,353859,169645,0,0,0,0,0.840924,1.1386
2026-02-11T00:16:22+01:00,1225,525504,353860,171644,0,0,0,0,0.839872,1.1330
2026-02-11T00:16:27+01:00,1230,527505,353816,173689,0,0,0,0,0.840626,1.1271
2026-02-11T00:16:32+01:00,1235,529505,353864,175641,0,0,0,0,0.839733,1.1217
2026-02-11T00:16:37+01:00,1240,531504,353832,177672,0,0,0,0,0.840308,1.1159
2026-02-11T00:16:42+01:00,1245,533505,353858,179647,0,0,0,0,0.841187,1.1104
2026-02-11T00:16:47+01:00,1250,535505,353851,181654,0,0,0,0,0.839683,1.1047
2026-02-11T00:16:52+01:00,1255,537501,353938,183563,0,0,0,0,0.836388,1.0994
2026-02-11T00:16:57+01:00,1260,539505,353869,185636,0,0,0,0,0.838826,1.0934
2026-02-11T00:17:02+01:00,1265,541504,353868,187636,0,0,0,0,0.841944,1.0878
2026-02-11T00:17:07+01:00,1270,543504,353885,189619,0,0,0,0,0.840930,1.0822
2026-02-11T00:17:12+01:00,1275,545505,353915,191590,0,0,0,0,0.839120,1.0767
2026-02-11T00:17:17+01:00,1280,547505,353930,193575,0,0,0,0,0.837957,1.0711
2026-02-11T00:17:22+01:00,1285,549505,353922,195583,0,0,0,0,0.839094,1.0654
2026-02-11T00:17:27+01:00,1290,551504,353925,197579,0,0,0,0,0.840812,1.0598
2026-02-11T00:17:32+01:00,1295,553505,354016,199489,0,0,0,0,0.839491,1.0545
2026-02-11T00:17:37+01:00,1300,555505,353936,201569,0,0,0,0,0.838626,1.0485
2026-02-11T00:17:42+01:00,1305,557506,353980,203526,0,0,0,0,0.840522,1.0431
2026-02-11T00:17:47+01:00,1310,559505,353995,205510,0,0,0,0,0.837737,1.0375
2026-02-11T00:17:52+01:00,1315,561506,353996,207510,0,0,0,0,0.840662,1.0318
2026-02-11T00:17:57+01:00,1320,563505,353991,209514,0,0,0,0,0.840863,1.0262
2026-02-11T00:18:02+01:00,1325,565504,353982,211522,0,0,0,0,0.838173,1.0205
2026-02-11T00:18:07+01:00,1330,567505,354103,213402,0,0,0,0,0.837046,1.0154
2026-02-11T00:18:12+01:00,1335,569505,353961,215544,0,0,0,0,0.837931,1.0091
2026-02-11T00:18:17+01:00,1340,571505,353948,217557,0,0,0,0,0.840373,1.0034
2026-02-11T00:18:22+01:00,1345,573504,353954,219550,0,0,0,0,0.835987,0.9978
2026-02-11T00:18:27+01:00,1350,575505,353938,221567,0,0,0,0,0.840252,0.9920
2026-02-11T00:18:32+01:00,1355,577505,353950,223555,0,0,0,0,0.837510,0.9864
2026-02-11T00:18:37+01:00,1360,579505,353955,225550,0,0,0,0,0.841231,0.9808
2026-02-11T00:18:42+01:00,1365,581504,353987,227517,0,0,0,0,0.837400,0.9753
2026-02-11T00:18:47+01:00,1370,583505,353943,229562,0,0,0,0,0.842233,0.9694
2026-02-11T00:18:52+01:00,1375,585504,353963,231541,0,0,0,0,0.841019,0.9639
2026-02-11T00:18:57+01:00,1380,587506,353973,233533,0,0,0,0,0.840321,0.9583
2026-02-11T00:19:02+01:00,1385,589505,353968,235537,0,0,0,0,0.839197,0.9526
2026-02-11T00:19:07+01:00,1390,591505,353991,237514,0,0,0,0,0.840956,0.9471
2026-02-11T00:19:12+01:00,1395,593506,353980,239526,0,0,0,0,0.837708,0.9414
2026-02-11T00:19:17+01:00,1400,595505,354023,241482,0,0,0,0,0.837810,0.9359
2026-02-11T00:19:22+01:00,1405,597503,354021,243482,0,0,0,0,0.839107,0.9303
2026-02-11T00:19:27+01:00,1410,599505,354035,245470,0,0,0,0,0.843192,0.9247
2026-02-11T00:19:32+01:00,1415,601505,353971,247534,0,0,0,0,0.841352,0.9187
2026-02-11T00:19:37+01:00,1420,603504,353982,249522,0,0,0,0,0.838617,0.9131
2026-02-11T00:19:42+01:00,1425,605504,353977,251527,0,0,0,0,0.840799,0.9075
2026-02-11T00:19:47+01:00,1430,607505,353985,253520,0,0,0,0,0.838206,0.9018
2026-02-11T00:19:52+01:00,1435,609504,354006,255498,0,0,0,0,0.841420,0.8963
2026-02-11T00:19:57+01:00,1440,611505,353983,257522,0,0,0,0,0.839300,0.8905
2026-02-11T00:20:02+01:00,1445,613505,354006,259499,0,0,0,0,0.838908,0.8850
2026-02-11T00:20:07+01:00,1450,615505,354002,261503,0,0,0,0,0.839050,0.8793
2026-02-11T00:20:12+01:00,1455,617505,354003,263502,0,0,0,0,0.840983,0.8737
2026-02-11T00:20:17+01:00,1460,619504,354009,265495,0,0,0,0,0.841482,0.8681
2026-02-11T00:20:22+01:00,1465,621504,354027,267477,0,0,0,0,0.840222,0.8625
2026-02-11T00:20:27+01:00,1470,623504,354015,269489,0,0,0,0,0.837345,0.8568
2026-02-11T00:20:32+01:00,1475,625506,354037,271469,0,0,0,0,0.838214,0.8513
2026-02-11T00:20:37+01:00,1480,627505,354024,273481,0,0,0,0,0.836190,0.8455
2026-02-11T00:20:42+01:00,1485,629504,354026,275478,0,0,0,0,0.837994,0.8399
2026-02-11T00:20:47+01:00,1490,631506,354163,277343,0,0,0,0,0.838255,0.8349
2026-02-11T00:20:52+01:00,1495,633505,354160,279345,0,0,0,0,0.837967,0.8293
2026-02-11T00:20:57+01:00,1500,635505,354136,281369,0,0,0,0,0.840513,0.8235
2026-02-11T00:21:02+01:00,1505,637505,354144,283361,0,0,0,0,0.838259,0.8179
2026-02-11T00:21:07+01:00,1510,639504,354084,285420,0,0,0,0,0.838344,0.8120
2026-02-11T00:21:12+01:00,1515,641503,354098,287405,0,0,0,0,0.838746,0.8064
2026-02-11T00:21:17+01:00,1520,643506,354107,289399,0,0,0,0,0.837297,0.8008
2026-02-11T00:21:22+01:00,1525,645505,354110,291395,0,0,0,0,0.837708,0.7951
2026-02-11T00:21:27+01:00,1530,647504,354110,293394,0,0,0,0,0.839284,0.7895
2026-02-11T00:21:32+01:00,1535,649505,354163,295342,0,0,0,0,0.839511,0.7841
2026-02-11T00:21:37+01:00,1540,651506,354144,297362,0,0,0,0,0.840881,0.7784
2026-02-11T00:21:42+01:00,1545,653506,354197,299309,0,0,0,0,0.845183,0.7730
2026-02-11T00:21:47+01:00,1550,655503,354093,301410,0,0,0,0,0.838437,0.7668
2026-02-11T00:21:52+01:00,1555,657504,354201,303303,0,0,0,0,0.839639,0.7617
2026-02-11T00:21:57+01:00,1560,659504,354218,305286,0,0,0,0,0.842444,0.7562
2026-02-11T00:22:02+01:00,1565,661505,354129,307376,0,0,0,0,0.843357,0.7501
2026-02-11T00:22:07+01:00,1570,663504,354138,309366,0,0,0,0,0.840071,0.7445
2026-02-11T00:22:12+01:00,1575,665505,354123,311382,0,0,0,0,0.838735,0.7387
2026-02-11T00:22:17+01:00,1580,667505,354150,313355,0,0,0,0,0.835702,0.7332
2026-02-11T00:22:22+01:00,1585,669505,354145,315360,0,0,0,0,0.836903,0.7276
2026-02-11T00:22:27+01:00,1590,671506,354153,317353,0,0,0,0,0.834775,0.7219
2026-02-11T00:22:32+01:00,1595,673505,354160,319345,0,0,0,0,0.840148,0.7163
2026-02-11T00:22:37+01:00,1600,675505,354149,321356,0,0,0,0,0.838719,0.7106
2026-02-11T00:22:42+01:00,1605,677505,354147,323358,0,0,0,0,0.840466,0.7050
2026-02-11T00:22:47+01:00,1610,679501,354164,325337,0,0,0,0,0.837595,0.6994
2026-02-11T00:22:52+01:00,1615,681505,354163,327342,0,0,0,0,0.838345,0.6938
2026-02-11T00:22:57+01:00,1620,683505,354163,329342,0,0,0,0,0.838526,0.6881
2026-02-11T00:23:02+01:00,1625,685505,354160,331345,0,0,0,0,0.840300,0.6825
2026-02-11T00:23:07+01:00,1630,687504,354185,333319,0,0,0,0,0.839458,0.6769
2026-02-11T00:23:12+01:00,1635,689505,354176,335329,0,0,0,0,0.835750,0.6712
2026-02-11T00:23:17+01:00,1640,691505,354178,337327,0,0,0,0,0.838956,0.6656
2026-02-11T00:23:22+01:00,1645,693505,354185,339320,0,0,0,0,0.839808,0.6600
2026-02-11T00:23:27+01:00,1650,695505,354209,341296,0,0,0,0,0.839175,0.6545
2026-02-11T00:23:32+01:00,1655,697503,354167,343336,0,0,0,0,0.838703,0.6486
2026-02-11T00:23:37+01:00,1660,699503,354159,345344,0,0,0,0,0.839575,0.6429
2026-02-11T00:23:42+01:00,1665,701506,354175,347331,0,0,0,0,0.838890,0.6374
2026-02-11T00:23:47+01:00,1670,703504,354185,349319,0,0,0,0,0.840139,0.6318
2026-02-11T00:23:52+01:00,1675,705505,354215,351290,0,0,0,0,0.839891,0.6263
2026-02-11T00:23:57+01:00,1680,707504,354203,353301,0,0,0,0,0.839902,0.6206
2026-02-11T00:24:02+01:00,1685,709504,354195,355309,0,0,0,0,0.837494,0.6149
2026-02-11T00:24:07+01:00,1690,711506,354181,357325,0,0,0,0,0.839338,0.6092
2026-02-11T00:24:12+01:00,1695,713506,354201,359305,0,0,0,0,0.837047,0.6036
2026-02-11T00:24:17+01:00,1700,715506,354208,361298,0,0,0,0,0.839130,0.5980
2026-02-11T00:24:22+01:00,1705,717505,354198,363307,0,0,0,0,0.838733,0.5923
2026-02-11T00:24:27+01:00,1710,719505,354262,365243,0,0,0,0,0.833752,0.5870
2026-02-11T00:24:32+01:00,1715,721506,354273,367233,0,0,0,0,0.840259,0.5815
2026-02-11T00:24:37+01:00,1720,723504,354208,369296,0,0,0,0,0.841834,0.5754
2026-02-11T00:24:42+01:00,1725,725503,354260,371243,0,0,0,0,0.842211,0.5701
2026-02-11T00:24:47+01:00,1730,727505,354325,373180,0,0,0,0,0.841366,0.5648
2026-02-11T00:24:52+01:00,1735,729504,355737,373767,0,0,0,0,0.841366,0.5674
2026-02-11T00:24:57+01:00,1740,731505,355306,376199,0,0,0,0,0.819063,0.5592
2026-02-11T00:25:02+01:00,1745,733505,354904,378601,0,0,0,0,0.808176,0.5513
2026-02-11T00:25:07+01:00,1750,735501,354445,381056,0,0,0,0,0.813950,0.5430
2026-02-11T00:25:12+01:00,1755,737505,354270,383235,0,0,0,0,0.836495,0.5363
2026-02-11T00:25:17+01:00,1760,739505,354275,385230,0,0,0,0,0.836612,0.5307
2026-02-11T00:25:22+01:00,1765,741505,354267,387238,0,0,0,0,0.840554,0.5250
2026-02-11T00:25:27+01:00,1770,743504,354262,389242,0,0,0,0,0.837268,0.5193
2026-02-11T00:25:32+01:00,1775,745504,354316,391188,0,0,0,0,0.839766,0.5140
2026-02-11T00:25:37+01:00,1780,747505,354368,393137,0,0,0,0,0.839714,0.5086
2026-02-11T00:25:42+01:00,1785,749505,354280,395225,0,0,0,0,0.840262,0.5025
2026-02-11T00:25:47+01:00,1790,751505,354261,397244,0,0,0,0,0.842288,0.4967
2026-02-11T00:25:52+01:00,1795,753505,354286,399219,0,0,0,0,0.838697,0.4912
2026-02-11T00:25:57+01:00,1800,755505,354289,401216,0,0,0,0,0.839358,0.4856
2026-02-11T00:26:02+01:00,1805,757505,354285,403220,0,0,0,0,0.841996,0.4799
2026-02-11T00:26:07+01:00,1810,759505,354296,405209,0,0,0,0,0.840387,0.4743
2026-02-11T00:26:12+01:00,1815,761505,354295,407210,0,0,0,0,0.840466,0.4687
2026-02-11T00:26:17+01:00,1820,763505,354300,409205,0,0,0,0,0.836881,0.4631
2026-02-11T00:26:22+01:00,1825,765506,354301,411205,0,0,0,0,0.839720,0.4574
2026-02-11T00:26:27+01:00,1830,767505,354298,413207,0,0,0,0,0.839577,0.4518
2026-02-11T00:26:32+01:00,1835,769506,354306,415200,0,0,0,0,0.840679,0.4462
2026-02-11T00:26:37+01:00,1840,771504,354334,417170,0,0,0,0,0.835925,0.4407
2026-02-11T00:26:42+01:00,1845,773504,354325,419179,0,0,0,0,0.840706,0.4350
2026-02-11T00:26:47+01:00,1850,775505,354307,421198,0,0,0,0,0.838281,0.4292
2026-02-11T00:26:52+01:00,1855,777505,354311,423194,0,0,0,0,0.838747,0.4236
2026-02-11T00:26:57+01:00,1860,779505,354329,425176,0,0,0,0,0.837698,0.4181
2026-02-11T00:27:02+01:00,1865,781505,354331,427174,0,0,0,0,0.839447,0.4125
2026-02-11T00:27:07+01:00,1870,783504,354347,429157,0,0,0,0,0.838137,0.4069
2026-02-11T00:27:12+01:00,1875,785504,354337,431167,0,0,0,0,0.838870,0.4012
2026-02-11T00:27:17+01:00,1880,787504,354340,433164,0,0,0,0,0.838584,0.3956
2026-02-11T00:27:22+01:00,1885,789505,354344,435161,0,0,0,0,0.838419,0.3900
2026-02-11T00:27:27+01:00,1890,791504,354354,437150,0,0,0,0,0.836649,0.3844
2026-02-11T00:27:32+01:00,1895,793506,354327,439179,0,0,0,0,0.839810,0.3786
2026-02-11T00:27:37+01:00,1900,795504,354352,441152,0,0,0,0,0.842405,0.3731
2026-02-11T00:27:42+01:00,1905,797504,354345,443159,0,0,0,0,0.841294,0.3674
2026-02-11T00:27:47+01:00,1910,799505,354359,445146,0,0,0,0,0.842892,0.3618
2026-02-11T00:27:52+01:00,1915,801505,354356,447149,0,0,0,0,0.842210,0.3562
2026-02-11T00:27:57+01:00,1920,803505,354368,449137,0,0,0,0,0.837663,0.3506
2026-02-11T00:28:02+01:00,1925,805504,354376,451128,0,0,0,0,0.837869,0.3450
2026-02-11T00:28:07+01:00,1930,807504,354465,453039,0,0,0,0,0.839243,0.3399
2026-02-11T00:28:12+01:00,1935,809505,354381,455124,0,0,0,0,0.839305,0.3338
2026-02-11T00:28:17+01:00,1940,811505,354434,457071,0,0,0,0,0.839612,0.3285
2026-02-11T00:28:22+01:00,1945,813506,354389,459117,0,0,0,0,0.841448,0.3225
2026-02-11T00:28:27+01:00,1950,815505,354434,461071,0,0,0,0,0.840573,0.3172
2026-02-11T00:28:32+01:00,1955,817506,354400,463106,0,0,0,0,0.840956,0.3113
2026-02-11T00:28:37+01:00,1960,819505,354450,465055,0,0,0,0,0.840298,0.3060
2026-02-11T00:28:42+01:00,1965,821501,354491,467010,0,0,0,0,0.839129,0.3006
2026-02-11T00:28:47+01:00,1970,823506,354477,469029,0,0,0,0,0.839799,0.2949
2026-02-11T00:28:52+01:00,1975,825505,354426,471079,0,0,0,0,0.841244,0.2889
2026-02-11T00:28:57+01:00,1980,827506,354421,473085,0,0,0,0,0.839568,0.2832
2026-02-11T00:29:02+01:00,1985,829005,353934,475071,0,0,0,0,0.841755,0.2758
2026-02-11T00:29:07+01:00,1990,831003,353937,477066,0,0,0,0,0.839805,0.2702
2026-02-11T00:29:12+01:00,1995,832504,353441,479063,0,0,0,0,0.838997,0.2626
2026-02-11T00:29:17+01:00,2000,834505,353443,481062,0,0,0,0,0.838295,0.2570
2026-02-11T00:29:22+01:00,2005,836504,353446,483058,0,0,0,0,0.838532,0.2513
2026-02-11T00:29:27+01:00,2010,838505,353448,485057,0,0,0,0,0.841199,0.2457
2026-02-11T00:29:32+01:00,2015,840505,353453,487052,0,0,0,0,0.840998,0.2401
2026-02-11T00:29:37+01:00,2020,842505,353476,489029,0,0,0,0,0.839177,0.2345
2026-02-11T00:29:42+01:00,2025,844502,353488,491014,0,0,0,0,0.837549,0.2290
2026-02-11T00:29:47+01:00,2030,846504,353465,493039,0,0,0,0,0.839368,0.2232
2026-02-11T00:29:52+01:00,2035,848506,353481,495025,0,0,0,0,0.838959,0.2176
2026-02-11T00:29:57+01:00,2040,850506,353477,497029,0,0,0,0,0.835345,0.2119
2026-02-11T00:30:02+01:00,2045,852506,353478,499028,0,0,0,0,0.838771,0.2063
2026-02-11T00:30:07+01:00,2050,854005,352982,501023,0,0,0,0,0.839131,0.1986
2026-02-11T00:30:12+01:00,2055,856005,352985,503020,0,0,0,0,0.838790,0.1930
2026-02-11T00:30:17+01:00,2060,858006,352985,505021,0,0,0,0,0.838656,0.1873
2026-02-11T00:30:22+01:00,2065,860006,352995,507011,0,0,0,0,0.836287,0.1817
2026-02-11T00:30:27+01:00,2070,862005,352997,509008,0,0,0,0,0.837630,0.1761
2026-02-11T00:30:32+01:00,2075,864005,352996,511009,0,0,0,0,0.838724,0.1704
2026-02-11T00:30:37+01:00,2080,866004,353000,513004,0,0,0,0,0.836214,0.1648
2026-02-11T00:30:42+01:00,2085,868002,353000,515002,0,0,0,0,0.841423,0.1591
2026-02-11T00:30:47+01:00,2090,870000,353000,517000,0,0,0,0,0.840883,0.1534
2026-02-11T00:30:52+01:00,2095,872000,353000,519000,0,0,0,0,0.840224,0.1478
2026-02-11T00:30:57+01:00,2100,873500,352500,521000,0,0,0,0,0.837414,0.1400
2026-02-11T00:31:02+01:00,2105,875500,352500,523000,0,0,0,0,0.803414,0.1343
2026-02-11T00:31:07+01:00,2110,877500,352500,525000,0,0,0,0,0.803414,0.1287
2026-02-11T00:31:12+01:00,2115,879500,352500,527000,0,0,0,0,0.803414,0.1230
2026-02-11T00:31:17+01:00,2120,881500,352500,529000,0,0,0,0,0.803414,0.1173
2026-02-11T00:31:22+01:00,2125,883500,352500,531000,0,0,0,0,0.803414,0.1117
2026-02-11T00:31:27+01:00,2130,885500,352500,533000,0,0,0,0,0.803414,0.1060
2026-02-11T00:31:32+01:00,2135,887500,352500,535000,0,0,0,0,0.803414,0.1003
2026-02-11T00:31:37+01:00,2140,889500,352500,537000,0,0,0,0,0.803414,0.0946
2026-02-11T00:31:42+01:00,2145,891500,352500,539000,0,0,0,0,0.803414,0.0890
2026-02-11T00:31:47+01:00,2150,893500,352500,541000,0,0,0,0,0.803414,0.0833
2026-02-11T00:31:52+01:00,2155,895500,352500,543000,0,0,0,0,0.803414,0.0776
2026-02-11T00:31:57+01:00,2160,897500,352500,545000,0,0,0,0,0.803414,0.0719
2026-02-11T00:32:02+01:00,2165,899500,352500,547000,0,0,0,0,0.803414,0.0663
2026-02-11T00:32:07+01:00,2170,901500,352500,549000,0,0,0,0,0.803414,0.0606
2026-02-11T00:32:12+01:00,2175,903500,352500,551000,0,0,0,0,0.803414,0.0549
2026-02-11T00:32:17+01:00,2180,905500,352500,553000,0,0,0,0,0.803414,0.0492
2026-02-11T00:32:22+01:00,2185,907500,352500,555000,0,0,0,0,0.803414,0.0436
2026-02-11T00:32:27+01:00,2190,909500,352500,557000,0,0,0,0,0.803414,0.0379
2026-02-11T00:32:32+01:00,2195,911500,352500,559000,0,0,0,0,0.803414,0.0322
2026-02-11T00:32:37+01:00,2200,913500,352500,561000,0,0,0,0,0.803414,0.0265
2026-02-11T00:32:42+01:00,2205,915500,352500,563000,0,0,0,0,0.803414,0.0209
2026-02-11T00:32:47+01:00,2210,917500,352500,565000,0,0,0,0,0.803414,0.0152
2026-02-11T00:32:52+01:00,2215,919500,352500,567000,0,0,0,0,0.803414,0.0095
2026-02-11T00:32:57+01:00,2220,921500,352500,569000,0,0,0,0,0.803414,0.0038
2026-02-11T00:33:02+01:00,2225,923508,352500,570656,352,0,0,0,0.803414,0.0008
2026-02-11T00:33:07+01:00,2230,925509,353055,570873,1581,0,0,0,0.808624,0.0011
2026-02-11T00:33:12+01:00,2235,927507,353674,570880,2953,0,0,0,0.813804,0.0039
2026-02-11T00:33:17+01:00,2240,929507,354306,570891,4310,0,0,0,0.813434,0.0067
2026-02-11T00:33:22+01:00,2245,931508,354924,570897,5687,0,0,0,0.818908,0.0095
2026-02-11T00:33:27+01:00,2250,933508,355550,570918,7040,0,0,0,0.824010,0.0123
2026-02-11T00:33:32+01:00,2255,935507,356196,570916,8395,0,0,0,0.824006,0.0152
2026-02-11T00:33:37+01:00,2260,937507,356871,570924,9712,0,0,0,0.829108,0.0182
2026-02-11T00:33:42+01:00,2265,939507,357472,570940,11095,0,0,0,0.828732,0.0209
2026-02-11T00:33:47+01:00,2270,941507,358100,570948,12459,0,0,0,0.834213,0.0237
2026-02-11T00:33:52+01:00,2275,943509,358697,570955,13857,0,0,0,0.839317,0.0263
2026-02-11T00:33:57+01:00,2280,945507,359319,570964,15224,0,0,0,0.838942,0.0290
2026-02-11T00:34:02+01:00,2285,947507,359938,570971,16598,0,0,0,0.844417,0.0317
2026-02-11T00:34:07+01:00,2290,949507,360549,570981,17977,0,0,0,0.849520,0.0344
2026-02-11T00:34:12+01:00,2295,951509,361157,570993,19359,0,0,0,0.849521,0.0370
2026-02-11T00:34:17+01:00,2300,953507,361762,570998,20747,0,0,0,0.854623,0.0397
2026-02-11T00:34:22+01:00,2305,955507,362357,571012,22138,0,0,0,0.854242,0.0422
2026-02-11T00:34:27+01:00,2310,957507,363007,571019,23481,0,0,0,0.859723,0.0450
2026-02-11T00:34:32+01:00,2315,959503,364317,571018,24168,0,0,0,0.864802,0.0507
2026-02-11T00:34:37+01:00,2320,961502,366024,571017,24461,0,0,0,0.864802,0.0580
2026-02-11T00:34:42+01:00,2325,963503,367662,571017,24824,0,0,0,0.864802,0.0649
2026-02-11T00:34:47+01:00,2330,965502,369296,571017,25189,0,0,0,0.890373,0.0718
2026-02-11T00:34:52+01:00,2335,967504,370939,571018,25547,0,0,0,0.890373,0.0786
2026-02-11T00:34:57+01:00,2340,969503,372537,571018,25948,0,0,0,0.890373,0.0853
2026-02-11T00:35:02+01:00,2345,971503,374152,571020,26331,0,0,0,0.908183,0.0919
2026-02-11T00:35:07+01:00,2350,973503,375775,571021,26707,0,0,0,0.908183,0.0985
2026-02-11T00:35:12+01:00,2355,975506,376857,571026,27623,0,0,0,0.931211,0.1028
2026-02-11T00:35:17+01:00,2360,977506,377483,571026,28997,0,0,0,0.930773,0.1053
2026-02-11T00:35:22+01:00,2365,979508,378116,571043,30349,0,0,0,0.936249,0.1078
2026-02-11T00:35:27+01:00,2370,981507,378723,571048,31736,0,0,0,0.941351,0.1102
2026-02-11T00:35:32+01:00,2375,983505,379674,571052,32779,0,0,0,0.946449,0.1140
2026-02-11T00:35:37+01:00,2380,985507,380824,571058,33625,0,0,0,0.951508,0.1185
2026-02-11T00:35:42+01:00,2385,987506,381830,571056,34620,0,0,0,0.956590,0.1225
2026-02-11T00:35:47+01:00,2390,989507,382980,571059,35468,0,0,0,0.961707,0.1269
2026-02-11T00:35:52+01:00,2395,991505,383986,571062,36457,0,0,0,0.966793,0.1308
2026-02-11T00:35:57+01:00,2400,993506,384990,571068,37448,0,0,0,0.971911,0.1347
2026-02-11T00:36:02+01:00,2405,995506,385975,571073,38458,0,0,0,0.977013,0.1385
2026-02-11T00:36:07+01:00,2410,997506,386987,571077,39442,0,0,0,0.982118,0.1423
2026-02-11T00:36:12+01:00,2415,999505,387975,571081,40449,0,0,0,0.987219,0.1461
2026-02-11T00:36:17+01:00,2420,1001507,388967,571088,41452,0,0,0,0.992319,0.1498
2026-02-11T00:36:22+01:00,2425,1003502,390505,571087,41910,0,0,0,0.992319,0.1556
2026-02-11T00:36:27+01:00,2430,1005502,392216,571089,42197,0,0,0,0.997375,0.1620
2026-02-11T00:36:32+01:00,2435,1007503,393929,571089,42485,0,0,0,0.997375,0.1683
2026-02-11T00:36:37+01:00,2440,1009501,395641,571088,42772,0,0,0,0.997375,0.1746
2026-02-11T00:36:42+01:00,2445,1011502,397380,571090,43032,0,0,0,1.033271,0.1809
2026-02-11T00:36:47+01:00,2450,1013502,399096,571089,43317,0,0,0,1.033271,0.1871
2026-02-11T00:36:52+01:00,2455,1015502,400836,571090,43576,0,0,0,1.033271,0.1933
2026-02-11T00:36:57+01:00,2460,1017502,402555,571089,43858,0,0,0,1.033271,0.1994
2026-02-11T00:37:02+01:00,2465,1019503,404246,571092,44165,0,0,0,1.068974,0.2053
2026-02-11T00:37:07+01:00,2470,1021502,405982,571091,44429,0,0,0,1.068974,0.2113
2026-02-11T00:37:12+01:00,2475,1023507,407349,571097,45061,0,0,0,1.084170,0.2160
2026-02-11T00:37:17+01:00,2480,1025506,408366,571102,46038,0,0,0,1.089255,0.2195
2026-02-11T00:37:22+01:00,2485,1027505,409334,571107,47064,0,0,0,1.094361,0.2228
2026-02-11T00:37:27+01:00,2490,1029506,410330,571110,48066,0,0,0,1.099460,0.2262
2026-02-11T00:37:32+01:00,2495,1031506,411319,571117,49070,0,0,0,1.104563,0.2295
2026-02-11T00:37:37+01:00,2500,1033506,412310,571124,50072,0,0,0,1.109666,0.2329
2026-02-11T00:37:42+01:00,2505,1035505,413296,571130,51079,0,0,0,1.114765,0.2361
2026-02-11T00:37:47+01:00,2510,1037506,414283,571136,52087,0,0,0,1.119871,0.2394
2026-02-11T00:37:52+01:00,2515,1039506,415266,571140,53100,0,0,0,1.124971,0.2427
2026-02-11T00:37:57+01:00,2520,1041507,416423,571136,53948,0,0,0,1.130073,0.2465
2026-02-11T00:38:02+01:00,2525,1043505,417392,571143,54970,0,0,0,1.135156,0.2497
2026-02-11T00:38:07+01:00,2530,1045506,418360,571150,55996,0,0,0,1.140278,0.2528
2026-02-11T00:38:12+01:00,2535,1047505,419349,571156,57000,0,0,0,1.145380,0.2560
2026-02-11T00:38:17+01:00,2540,1049507,420315,571169,58023,0,0,0,1.150481,0.2591
2026-02-11T00:38:22+01:00,2545,1051506,421300,571174,59032,0,0,0,1.155582,0.2623
2026-02-11T00:38:27+01:00,2550,1053507,422286,571179,60042,0,0,0,1.160686,0.2654
2026-02-11T00:38:32+01:00,2555,1055506,423260,571181,61065,0,0,0,1.165787,0.2686
2026-02-11T00:38:37+01:00,2560,1057505,424255,571184,62066,0,0,0,1.170887,0.2717
2026-02-11T00:38:42+01:00,2565,1059506,425249,571189,63068,0,0,0,1.175989,0.2748
2026-02-11T00:38:47+01:00,2570,1061505,426252,571192,64061,0,0,0,1.181090,0.2780
2026-02-11T00:38:52+01:00,2575,1063506,427254,571195,65057,0,0,0,1.186192,0.2811
2026-02-11T00:38:57+01:00,2580,1065506,428239,571202,66065,0,0,0,1.191295,0.2842
2026-02-11T00:39:02+01:00,2585,1067502,429228,571207,67067,0,0,0,1.196398,0.2873
2026-02-11T00:39:07+01:00,2590,1069505,430238,571209,68058,0,0,0,1.201497,0.2904
2026-02-11T00:39:12+01:00,2595,1071507,431240,571212,69055,0,0,0,1.206598,0.2935
2026-02-11T00:39:17+01:00,2600,1073505,432231,571213,70061,0,0,0,1.211701,0.2965
2026-02-11T00:39:22+01:00,2605,1075505,433214,571216,71075,0,0,0,1.216805,0.2995
2026-02-11T00:39:27+01:00,2610,1077506,434229,571220,72057,0,0,0,1.221905,0.3026
2026-02-11T00:39:32+01:00,2615,1079507,435215,571225,73067,0,0,0,1.227006,0.3055
2026-02-11T00:39:37+01:00,2620,1081507,436187,571228,74092,0,0,0,1.232112,0.3084
2026-02-11T00:39:42+01:00,2625,1083507,437177,571232,75098,0,0,0,1.237213,0.3114
2026-02-11T00:39:47+01:00,2630,1085507,438162,571238,76107,0,0,0,1.242315,0.3143
2026-02-11T00:39:52+01:00,2635,1087507,439170,571240,77097,0,0,0,1.247414,0.3173
2026-02-11T00:39:57+01:00,2640,1089501,440501,571240,77760,0,0,0,1.247414,0.3212
2026-02-11T00:40:02+01:00,2645,1091506,441632,571250,78624,0,0,0,1.252482,0.3245
2026-02-11T00:40:07+01:00,2650,1093506,442617,571253,79636,0,0,0,1.257603,0.3274
2026-02-11T00:40:12+01:00,2655,1095506,443613,571256,80637,0,0,0,1.262721,0.3303
2026-02-11T00:40:17+01:00,2660,1097507,444608,571259,81640,0,0,0,1.267822,0.3332
2026-02-11T00:40:22+01:00,2665,1099502,446094,571255,82153,0,0,0,1.272926,0.3375
2026-02-11T00:40:27+01:00,2670,1101502,447817,571255,82430,0,0,0,1.272926,0.3424
2026-02-11T00:40:32+01:00,2675,1103503,449536,571256,82711,0,0,0,1.272926,0.3473
2026-02-11T00:40:37+01:00,2680,1105502,451265,571254,82983,0,0,0,1.298523,0.3521
2026-02-11T00:40:42+01:00,2685,1107502,453013,571257,83232,0,0,0,1.298523,0.3570
2026-02-11T00:40:47+01:00,2690,1109502,454762,571257,83483,0,0,0,1.298523,0.3619
2026-02-11T00:40:52+01:00,2695,1111503,456484,571257,83762,0,0,0,1.334259,0.3666
2026-02-11T00:40:57+01:00,2700,1113503,458187,571259,84057,0,0,0,1.334259,0.3713
2026-02-11T00:41:02+01:00,2705,1115502,459936,571259,84307,0,0,0,1.334259,0.3760
2026-02-11T00:41:07+01:00,2710,1117502,461652,571258,84592,0,0,0,1.334259,0.3806
2026-02-11T00:41:12+01:00,2715,1119504,463342,571257,84905,0,0,0,1.369993,0.3851
2026-02-11T00:41:17+01:00,2720,1121503,465012,571260,85231,0,0,0,1.369993,0.3895
2026-02-11T00:41:22+01:00,2725,1123503,466683,571260,85560,0,0,0,1.369993,0.3939
2026-02-11T00:41:27+01:00,2730,1125502,468366,571259,85877,0,0,0,1.395454,0.3983
2026-02-11T00:41:32+01:00,2735,1127503,470038,571263,86202,0,0,0,1.395454,0.4027
2026-02-11T00:41:37+01:00,2740,1129502,471711,571263,86528,0,0,0,1.395454,0.4070
2026-02-11T00:41:42+01:00,2745,1131503,473358,571262,86883,0,0,0,1.420967,0.4112
2026-02-11T00:41:47+01:00,2750,1133503,475020,571265,87218,0,0,0,1.420967,0.4154
2026-02-11T00:41:52+01:00,2755,1135503,476685,571265,87553,0,0,0,1.420967,0.4196
2026-02-11T00:41:57+01:00,2760,1137506,478420,571262,87824,0,0,0,1.446467,0.4240
2026-02-11T00:42:02+01:00,2765,1139506,479402,571267,88837,0,0,0,1.451473,0.4264
2026-02-11T00:42:07+01:00,2770,1141506,480385,571272,89849,0,0,0,1.456594,0.4288
2026-02-11T00:42:12+01:00,2775,1143506,481360,571276,90870,0,0,0,1.461695,0.4312
2026-02-11T00:42:17+01:00,2780,1145507,482355,571280,91872,0,0,0,1.466798,0.4337
2026-02-11T00:42:22+01:00,2785,1147506,483348,571283,92875,0,0,0,1.471898,0.4361
2026-02-11T00:42:27+01:00,2790,1149505,484329,571285,93891,0,0,0,1.477003,0.4385
2026-02-11T00:42:32+01:00,2795,1151506,485295,571289,94922,0,0,0,1.482104,0.4408
2026-02-11T00:42:37+01:00,2800,1153503,486280,571290,95933,0,0,0,1.487206,0.4432
2026-02-11T00:42:42+01:00,2805,1155507,487275,571294,96938,0,0,0,1.492306,0.4456
2026-02-11T00:42:47+01:00,2810,1157506,488273,571296,97937,0,0,0,1.497409,0.4480
2026-02-11T00:42:52+01:00,2815,1159507,489236,571299,98972,0,0,0,1.502511,0.4503
2026-02-11T00:42:57+01:00,2820,1161507,490206,571303,99998,0,0,0,1.507614,0.4526
2026-02-11T00:43:02+01:00,2825,1163507,491179,571317,101011,0,0,0,1.512717,0.4549
2026-02-11T00:43:07+01:00,2830,1165506,492164,571320,102022,0,0,0,1.517817,0.4572
2026-02-11T00:43:12+01:00,2835,1167506,493150,571324,103032,0,0,0,1.522916,0.4595
2026-02-11T00:43:17+01:00,2840,1169506,494145,571326,104035,0,0,0,1.528020,0.4618
2026-02-11T00:43:22+01:00,2845,1171505,495133,571330,105042,0,0,0,1.533121,0.4641
2026-02-11T00:43:27+01:00,2850,1173505,496129,571331,106045,0,0,0,1.538223,0.4665
2026-02-11T00:43:32+01:00,2855,1175505,497136,571335,107034,0,0,0,1.543323,0.4688
2026-02-11T00:43:37+01:00,2860,1177507,498125,571339,108043,0,0,0,1.548427,0.4711
2026-02-11T00:43:42+01:00,2865,1179507,499143,571341,109023,0,0,0,1.553525,0.4734
2026-02-11T00:43:47+01:00,2870,1181507,500114,571345,110048,0,0,0,1.558632,0.4756
2026-02-11T00:43:52+01:00,2875,1183506,501103,571350,111053,0,0,0,1.563733,0.4778
2026-02-11T00:43:57+01:00,2880,1185507,502107,571352,112048,0,0,0,1.568833,0.4801
2026-02-11T00:44:02+01:00,2885,1187505,503107,571353,113045,0,0,0,1.573935,0.4824
2026-02-11T00:44:07+01:00,2890,1189506,504107,571358,114041,0,0,0,1.579037,0.4846
2026-02-11T00:44:12+01:00,2895,1191506,505112,571363,115031,0,0,0,1.584139,0.4869
2026-02-11T00:44:17+01:00,2900,1193507,506092,571366,116049,0,0,0,1.589241,0.4891
2026-02-11T00:44:22+01:00,2905,1195506,507090,571367,117049,0,0,0,1.594345,0.4913
2026-02-11T00:44:27+01:00,2910,1197506,508070,571371,118065,0,0,0,1.599446,0.4934
2026-02-11T00:44:32+01:00,2915,1199507,509039,571374,119094,0,0,0,1.604548,0.4956
2026-02-11T00:44:37+01:00,2920,1201505,510021,571378,120106,0,0,0,1.609653,0.4977
2026-02-11T00:44:42+01:00,2925,1203505,510985,571381,121139,0,0,0,1.614754,0.4998
2026-02-11T00:44:47+01:00,2930,1205507,511954,571386,122167,0,0,0,1.619855,0.5019
2026-02-11T00:44:52+01:00,2935,1207505,512920,571389,123196,0,0,0,1.624959,0.5040
2026-02-11T00:44:57+01:00,2940,1209502,514174,571382,123946,0,0,0,1.630061,0.5068
2026-02-11T00:45:02+01:00,2945,1211503,515908,571384,124211,0,0,0,1.630061,0.5105
2026-02-11T00:45:07+01:00,2950,1213502,517647,571383,124472,0,0,0,1.630061,0.5142
2026-02-11T00:45:12+01:00,2955,1215504,519329,571383,124792,0,0,0,1.655653,0.5178
2026-02-11T00:45:17+01:00,2960,1217502,521000,571384,125118,0,0,0,1.655653,0.5213
2026-02-11T00:45:22+01:00,2965,1219502,522682,571385,125435,0,0,0,1.655653,0.5249
2026-02-11T00:45:27+01:00,2970,1221504,524334,571384,125786,0,0,0,1.681159,0.5283
2026-02-11T00:45:32+01:00,2975,1223502,525992,571386,126124,0,0,0,1.681159,0.5317
2026-02-11T00:45:37+01:00,2980,1225503,527670,571387,126446,0,0,0,1.681159,0.5352
2026-02-11T00:45:42+01:00,2985,1227506,529016,571389,127101,0,0,0,1.706674,0.5379
2026-02-11T00:45:47+01:00,2990,1229505,530010,571390,128105,0,0,0,1.711688,0.5400
2026-02-11T00:45:52+01:00,2995,1231506,531000,571393,129113,0,0,0,1.716788,0.5420
2026-02-11T00:45:57+01:00,3000,1233506,531982,571397,130127,0,0,0,1.721893,0.5439
2026-02-11T00:46:02+01:00,3005,1235506,532961,571401,131144,0,0,0,1.726992,0.5459
2026-02-11T00:46:07+01:00,3010,1237506,533968,571402,132136,0,0,0,1.732096,0.5479
2026-02-11T00:46:12+01:00,3015,1239507,534961,571407,133139,0,0,0,1.737195,0.5499
2026-02-11T00:46:17+01:00,3020,1241506,535955,571410,134141,0,0,0,1.742300,0.5519
2026-02-11T00:46:22+01:00,3025,1243506,536943,571411,135152,0,0,0,1.747399,0.5538
2026-02-11T00:46:27+01:00,3030,1245504,538604,571412,135488,0,0,0,1.747399,0.5571
2026-02-11T00:46:32+01:00,3035,1247502,540353,571409,135740,0,0,0,1.762778,0.5606
2026-02-11T00:46:37+01:00,3040,1249503,542075,571412,136016,0,0,0,1.762778,0.5639
2026-02-11T00:46:42+01:00,3045,1251503,543801,571413,136289,0,0,0,1.762778,0.5673
2026-02-11T00:46:47+01:00,3050,1253502,545492,571410,136600,0,0,0,1.788269,0.5705
2026-02-11T00:46:52+01:00,3055,1255501,547367,571410,136724,0,0,0,1.788269,0.5741
2026-02-11T00:46:57+01:00,3060,1257502,549053,571413,137036,0,0,0,1.788269,0.5773
2026-02-11T00:47:02+01:00,3065,1259502,550708,571412,137382,0,0,0,1.788269,0.5804
2026-02-11T00:47:07+01:00,3070,1261503,552373,571411,137719,0,0,0,1.824052,0.5836
2026-02-11T00:47:12+01:00,3075,1263503,554045,571413,138045,0,0,0,1.824052,0.5867
2026-02-11T00:47:17+01:00,3080,1265506,555296,571407,138803,0,0,0,1.839284,0.5890
2026-02-11T00:47:22+01:00,3085,1267506,556290,571410,139806,0,0,0,1.844338,0.5909
2026-02-11T00:47:27+01:00,3090,1269506,557277,571413,140816,0,0,0,1.849438,0.5927
2026-02-11T00:47:32+01:00,3095,1271506,558265,571413,141828,0,0,0,1.854539,0.5945
2026-02-11T00:47:37+01:00,3100,1273506,559265,571419,142822,0,0,0,1.859644,0.5963
2026-02-11T00:47:42+01:00,3105,1275506,560259,571422,143825,0,0,0,1.864740,0.5981
2026-02-11T00:47:47+01:00,3110,1277506,561264,571424,144818,0,0,0,1.869846,0.5999
2026-02-11T00:47:52+01:00,3115,1279506,562256,571426,145824,0,0,0,1.874945,0.6017
2026-02-11T00:47:57+01:00,3120,1281506,563261,571429,146816,0,0,0,1.880049,0.6035
2026-02-11T00:48:02+01:00,3125,1283506,564251,571432,147823,0,0,0,1.885150,0.6053
2026-02-11T00:48:07+01:00,3130,1285506,565234,571433,148839,0,0,0,1.890254,0.6071
2026-02-11T00:48:12+01:00,3135,1287506,566221,571437,149848,0,0,0,1.895356,0.6088
2026-02-11T00:48:17+01:00,3140,1289506,567203,571439,150864,0,0,0,1.900458,0.6106
2026-02-11T00:48:22+01:00,3145,1291505,568197,571441,151867,0,0,0,1.905559,0.6123
2026-02-11T00:48:27+01:00,3150,1293506,569196,571440,152870,0,0,0,1.910660,0.6141
2026-02-11T00:48:32+01:00,3155,1295506,570196,571440,153870,0,0,0,1.915759,0.6159
2026-02-11T00:48:37+01:00,3160,1297502,571593,571451,154458,0,0,0,1.915759,0.6183
2026-02-11T00:48:42+01:00,3165,1299502,573316,571450,154736,0,0,0,1.923399,0.6213
2026-02-11T00:48:47+01:00,3170,1301503,575026,571451,155026,0,0,0,1.923399,0.6243
2026-02-11T00:48:52+01:00,3175,1303501,576772,571451,155278,0,0,0,1.923399,0.6273
2026-02-11T00:48:57+01:00,3180,1305502,578477,571450,155575,0,0,0,1.956691,0.6302
2026-02-11T00:49:02+01:00,3185,1307502,580229,571450,155823,0,0,0,1.956691,0.6332
2026-02-11T00:49:07+01:00,3190,1309502,581952,571452,156098,0,0,0,1.956691,0.6361
2026-02-11T00:49:12+01:00,3195,1311503,583645,571452,156406,0,0,0,1.956691,0.6389
2026-02-11T00:49:17+01:00,3200,1313503,585317,571451,156735,0,0,0,1.989853,0.6417
2026-02-11T00:49:22+01:00,3205,1315503,587009,571454,157040,0,0,0,1.989853,0.6445
2026-02-11T00:49:27+01:00,3210,1317503,588725,571453,157325,0,0,0,1.989853,0.6474
2026-02-11T00:49:32+01:00,3215,1319502,590468,571451,157583,0,0,0,2.017882,0.6502
2026-02-11T00:49:37+01:00,3220,1321503,592261,571452,157790,0,0,0,2.017882,0.6532
2026-02-11T00:49:42+01:00,3225,1323503,593935,571455,158113,0,0,0,2.017882,0.6559
2026-02-11T00:49:47+01:00,3230,1325502,595614,571455,158433,0,0,0,2.017882,0.6586
2026-02-11T00:49:52+01:00,3235,1327502,597302,571453,158747,0,0,0,2.043367,0.6613
2026-02-11T00:49:57+01:00,3240,1329503,598949,571457,159097,0,0,0,2.043367,0.6639
2026-02-11T00:50:02+01:00,3245,1331504,600607,571458,159439,0,0,0,2.043367,0.6666
2026-02-11T00:50:07+01:00,3250,1333502,602270,571454,159778,0,0,0,2.068911,0.6692
2026-02-11T00:50:12+01:00,3255,1335502,603937,571458,160107,0,0,0,2.068911,0.6718
2026-02-11T00:50:17+01:00,3260,1337506,605241,571451,160814,0,0,0,2.094473,0.6739
2026-02-11T00:50:22+01:00,3265,1339506,606245,571451,161810,0,0,0,2.099428,0.6754
2026-02-11T00:50:27+01:00,3270,1341507,607226,571452,162829,0,0,0,2.104532,0.6769
2026-02-11T00:50:32+01:00,3275,1343507,608190,571455,163862,0,0,0,2.109637,0.6784
2026-02-11T00:50:37+01:00,3280,1345506,609228,571457,164821,0,0,0,2.114732,0.6800
2026-02-11T00:50:42+01:00,3285,1347506,610205,571461,165840,0,0,0,2.119838,0.6815
2026-02-11T00:50:47+01:00,3290,1349506,611185,571465,166856,0,0,0,2.124941,0.6830
2026-02-11T00:50:52+01:00,3295,1351506,612189,571466,167851,0,0,0,2.130042,0.6846
2026-02-11T00:50:57+01:00,3300,1353506,613189,571468,168849,0,0,0,2.135143,0.6861
2026-02-11T00:51:02+01:00,3305,1355505,614173,571470,169862,0,0,0,2.140246,0.6876
2026-02-11T00:51:07+01:00,3310,1357506,615163,571475,170868,0,0,0,2.145347,0.6891
2026-02-11T00:51:12+01:00,3315,1359506,616154,571478,171874,0,0,0,2.150449,0.6905
2026-02-11T00:51:17+01:00,3320,1361507,617156,571480,172871,0,0,0,2.155549,0.6920
2026-02-11T00:51:22+01:00,3325,1363506,618143,571480,173883,0,0,0,2.160654,0.6935
2026-02-11T00:51:27+01:00,3330,1365504,619120,571481,174903,0,0,0,2.165757,0.6950
2026-02-11T00:51:32+01:00,3335,1367506,620110,571483,175913,0,0,0,2.170857,0.6965
2026-02-11T00:51:37+01:00,3340,1369503,621771,571494,176238,0,0,0,2.170857,0.6989
2026-02-11T00:51:42+01:00,3345,1371502,623671,571494,176337,0,0,0,2.170857,0.7017
2026-02-11T00:51:47+01:00,3350,1373506,625078,571486,176942,0,0,0,2.196458,0.7038
2026-02-11T00:51:52+01:00,3355,1375506,626072,571488,177946,0,0,0,2.201467,0.7052
2026-02-11T00:51:57+01:00,3360,1377506,627058,571488,178960,0,0,0,2.206570,0.7067
2026-02-11T00:52:02+01:00,3365,1379507,628039,571490,179978,0,0,0,2.211674,0.7081
2026-02-11T00:52:07+01:00,3370,1381506,629038,571492,180976,0,0,0,2.216774,0.7095
2026-02-11T00:52:12+01:00,3375,1383506,630055,571493,181958,0,0,0,2.221872,0.7110
2026-02-11T00:52:17+01:00,3380,1385506,631044,571494,182968,0,0,0,2.226976,0.7124
2026-02-11T00:52:22+01:00,3385,1387506,632031,571495,183980,0,0,0,2.232078,0.7138
2026-02-11T00:52:27+01:00,3390,1389505,633030,571495,184980,0,0,0,2.231942,0.7152
2026-02-11T00:52:32+01:00,3395,1391506,634042,571498,185966,0,0,0,2.242415,0.7167
2026-02-11T00:52:37+01:00,3400,1393506,635040,571497,186969,0,0,0,2.247382,0.7181
2026-02-11T00:52:42+01:00,3405,1395506,636039,571498,187969,0,0,0,2.252488,0.7195
2026-02-11T00:52:47+01:00,3410,1397507,637022,571500,188985,0,0,0,2.249730,0.7209
2026-02-11T00:52:52+01:00,3415,1399506,638014,571500,189992,0,0,0,2.255038,0.7223
2026-02-11T00:52:57+01:00,3420,1401506,639006,571502,190998,0,0,0,2.260140,0.7237
2026-02-11T00:53:02+01:00,3425,1403510,639995,571512,192003,0,0,0,2.265241,0.7250
2026-02-11T00:53:07+01:00,3430,1405507,640987,571514,193006,0,0,0,2.270343,0.7264
2026-02-11T00:53:12+01:00,3435,1407506,642004,571508,193994,0,0,0,2.275444,0.7278
2026-02-11T00:53:17+01:00,3440,1409507,643002,571506,194999,0,0,0,2.280544,0.7292
2026-02-11T00:53:22+01:00,3445,1411506,643992,571513,196001,0,0,0,2.285649,0.7306
2026-02-11T00:53:27+01:00,3450,1413509,644988,571519,197002,0,0,0,2.288132,0.7319
2026-02-11T00:53:32+01:00,3455,1415506,645970,571517,198019,0,0,0,2.293301,0.7333
2026-02-11T00:53:37+01:00,3460,1417506,646945,571519,199042,0,0,0,2.298406,0.7346
2026-02-11T00:53:42+01:00,3465,1419507,647934,571524,200049,0,0,0,2.303506,0.7360
2026-02-11T00:53:47+01:00,3470,1421506,648938,571525,201043,0,0,0,2.308608,0.7373
2026-02-11T00:53:52+01:00,3475,1423507,649914,571526,202067,0,0,0,2.313709,0.7386
2026-02-11T00:53:57+01:00,3480,1425506,650888,571528,203090,0,0,0,2.318814,0.7400
2026-02-11T00:54:02+01:00,3485,1427501,651924,571529,204048,0,0,0,2.323915,0.7414
2026-02-11T00:54:07+01:00,3490,1429506,653179,571519,204808,0,0,0,2.339396,0.7431
2026-02-11T00:54:12+01:00,3495,1431505,654177,571519,205809,0,0,0,2.344321,0.7444
2026-02-11T00:54:17+01:00,3500,1433507,655190,571520,206797,0,0,0,2.349420,0.7457
2026-02-11T00:54:22+01:00,3505,1435507,656186,571522,207799,0,0,0,2.354523,0.7471
2026-02-11T00:54:27+01:00,3510,1437503,657637,571532,208334,0,0,0,2.354523,0.7490
2026-02-11T00:54:32+01:00,3515,1439504,659363,571529,208612,0,0,0,2.359564,0.7512
2026-02-11T00:54:37+01:00,3520,1441502,661092,571529,208881,0,0,0,2.359564,0.7535
2026-02-11T00:54:42+01:00,3525,1443502,662816,571531,209155,0,0,0,2.359564,0.7558
2026-02-11T00:54:47+01:00,3530,1445502,664551,571531,209420,0,0,0,2.359564,0.7580
2026-02-11T00:54:52+01:00,3535,1447502,666309,571529,209664,0,0,0,2.395459,0.7603
2026-02-11T00:54:57+01:00,3540,1449502,668025,571529,209948,0,0,0,2.395459,0.7625
2026-02-11T00:55:02+01:00,3545,1451502,669722,571532,210248,0,0,0,2.395459,0.7646
2026-02-11T00:55:07+01:00,3550,1453502,671428,571529,210545,0,0,0,2.431185,0.7668
2026-02-11T00:55:12+01:00,3555,1455503,673127,571530,210846,0,0,0,2.431185,0.7690
2026-02-11T00:55:17+01:00,3560,1457503,674802,571531,211170,0,0,0,2.431185,0.7711
2026-02-11T00:55:22+01:00,3565,1459502,676482,571529,211491,0,0,0,2.456637,0.7732
2026-02-11T00:55:27+01:00,3570,1461503,678153,571529,211821,0,0,0,2.456637,0.7753
2026-02-11T00:55:32+01:00,3575,1463503,679832,571531,212140,0,0,0,2.456637,0.7773
2026-02-11T00:55:37+01:00,3580,1465503,681506,571531,212466,0,0,0,2.456637,0.7794
2026-02-11T00:55:42+01:00,3585,1467503,683177,571529,212797,0,0,0,2.482155,0.7815
2026-02-11T00:55:47+01:00,3590,1469503,684823,571532,213148,0,0,0,2.482155,0.7835
2026-02-11T00:55:52+01:00,3595,1471503,686486,571529,213488,0,0,0,2.507676,0.7855
2026-02-11T00:55:57+01:00,3600,1473502,688154,571528,213820,0,0,0,2.507676,0.7875
2026-02-11T00:56:02+01:00,3605,1475502,689828,571535,214139,0,0,0,2.507676,0.7895
2026-02-11T00:56:07+01:00,3610,1477502,691606,571534,214362,0,0,0,2.507676,0.7916
2026-02-11T00:56:12+01:00,3615,1479503,693330,571533,214640,0,0,0,2.533150,0.7937
2026-02-11T00:56:17+01:00,3620,1481502,695010,571533,214959,0,0,0,2.533150,0.7957
2026-02-11T00:56:22+01:00,3625,1483503,696681,571537,215285,0,0,0,2.533150,0.7977
2026-02-11T00:56:27+01:00,3630,1485503,698353,571534,215616,0,0,0,2.561251,0.7996
2026-02-11T00:56:32+01:00,3635,1487502,700000,571533,215969,0,0,0,2.561251,0.8016
2026-02-11T00:56:37+01:00,3640,1489502,701667,571537,216298,0,0,0,2.561251,0.8035
2026-02-11T00:56:42+01:00,3645,1491503,703338,571535,216630,0,0,0,2.584182,0.8054
2026-02-11T00:56:47+01:00,3650,1493508,704695,571543,217270,0,0,0,2.584182,0.8070
2026-02-11T00:56:52+01:00,3655,1495507,705686,571544,218277,0,0,0,2.599520,0.8081
2026-02-11T00:56:57+01:00,3660,1497507,706700,571543,219264,0,0,0,2.604515,0.8093
2026-02-11T00:57:02+01:00,3665,1499505,707693,571543,220269,0,0,0,2.609617,0.8104
2026-02-11T00:57:07+01:00,3670,1501506,708686,571543,221277,0,0,0,2.614721,0.8116
2026-02-11T00:57:12+01:00,3675,1503507,709686,571544,222277,0,0,0,2.619820,0.8127
2026-02-11T00:57:17+01:00,3680,1505506,710692,571544,223270,0,0,0,2.624923,0.8138
2026-02-11T00:57:22+01:00,3685,1507505,711702,571543,224260,0,0,0,2.630025,0.8150
2026-02-11T00:57:27+01:00,3690,1509508,712691,571543,225274,0,0,0,2.635127,0.8161
2026-02-11T00:57:32+01:00,3695,1511506,713693,571544,226269,0,0,0,2.640227,0.8172
2026-02-11T00:57:37+01:00,3700,1513506,714662,571547,227297,0,0,0,2.645333,0.8183
2026-02-11T00:57:42+01:00,3705,1515506,715642,571547,228317,0,0,0,2.650437,0.8194
2026-02-11T00:57:47+01:00,3710,1517506,716617,571547,229342,0,0,0,2.655538,0.8205
2026-02-11T00:57:52+01:00,3715,1519506,717583,571549,230374,0,0,0,2.660639,0.8215
2026-02-11T00:57:57+01:00,3720,1521506,718575,571547,231384,0,0,0,2.665742,0.8226
2026-02-11T00:58:02+01:00,3725,1523506,719599,571548,232359,0,0,0,2.670842,0.8238
2026-02-11T00:58:07+01:00,3730,1525506,720579,571546,233381,0,0,0,2.675940,0.8249
2026-02-11T00:58:12+01:00,3735,1527506,721578,571548,234380,0,0,0,2.681045,0.8260
2026-02-11T00:58:17+01:00,3740,1529507,722579,571549,235379,0,0,0,2.686146,0.8270
2026-02-11T00:58:22+01:00,3745,1531503,723592,571549,236362,0,0,0,2.691247,0.8282
2026-02-11T00:58:27+01:00,3750,1533506,724591,571548,237367,0,0,0,2.696349,0.8292
2026-02-11T00:58:32+01:00,3755,1535506,725607,571549,238350,0,0,0,2.701451,0.8304
2026-02-11T00:58:37+01:00,3760,1537507,726679,571548,239280,0,0,0,2.706551,0.8315
2026-02-11T00:58:42+01:00,3765,1539506,727710,571548,240248,0,0,0,2.711646,0.8326
2026-02-11T00:58:47+01:00,3770,1541509,728713,571549,241247,0,0,0,2.716754,0.8337
2026-02-11T00:58:52+01:00,3775,1543507,729708,571550,242249,0,0,0,2.721859,0.8348
2026-02-11T00:58:57+01:00,3780,1545507,730704,571547,243256,0,0,0,2.726962,0.8358
2026-02-11T00:59:02+01:00,3785,1547507,731701,571545,244261,0,0,0,2.732062,0.8369
2026-02-11T00:59:07+01:00,3790,1549506,732719,571543,245244,0,0,0,2.737165,0.8380
2026-02-11T00:59:12+01:00,3795,1551508,733718,571544,246246,0,0,0,2.742264,0.8391
2026-02-11T00:59:17+01:00,3800,1553507,734721,571543,247243,0,0,0,2.747369,0.8401
2026-02-11T00:59:22+01:00,3805,1555507,735704,571542,248261,0,0,0,2.752471,0.8412
2026-02-11T00:59:27+01:00,3810,1557507,736693,571543,249271,0,0,0,2.757575,0.8422
2026-02-11T00:59:32+01:00,3815,1559506,737689,571542,250275,0,0,0,2.762674,0.8433
2026-02-11T00:59:37+01:00,3820,1561502,739052,571533,250917,0,0,0,2.767776,0.8447
2026-02-11T00:59:42+01:00,3825,1563504,740782,571536,251186,0,0,0,2.767776,0.8465
2026-02-11T00:59:47+01:00,3830,1565502,742523,571535,251444,0,0,0,2.767776,0.8483
2026-02-11T00:59:52+01:00,3835,1567502,744251,571533,251718,0,0,0,2.793385,0.8501
2026-02-11T00:59:57+01:00,3840,1569502,745961,571535,252006,0,0,0,2.793385,0.8519
2026-02-11T01:00:02+01:00,3845,1571502,747694,571535,252273,0,0,0,2.793385,0.8536
2026-02-11T01:00:07+01:00,3850,1573502,749373,571531,252598,0,0,0,2.818852,0.8554
2026-02-11T01:00:12+01:00,3855,1575502,751082,571531,252889,0,0,0,2.818852,0.8571
2026-02-11T01:00:17+01:00,3860,1577502,752776,571535,253191,0,0,0,2.818852,0.8588
2026-02-11T01:00:22+01:00,3865,1579502,754500,571531,253471,0,0,0,2.854653,0.8605
2026-02-11T01:00:27+01:00,3870,1581502,756231,571531,253740,0,0,0,2.854653,0.8623
2026-02-11T01:00:32+01:00,3875,1583502,757955,571535,254012,0,0,0,2.854653,0.8640
2026-02-11T01:00:37+01:00,3880,1585502,759640,571535,254327,0,0,0,2.854653,0.8657
2026-02-11T01:00:42+01:00,3885,1587501,761491,571535,254475,0,0,0,2.890330,0.8675
2026-02-11T01:00:47+01:00,3890,1589503,763280,571535,254688,0,0,0,2.890330,0.8692
2026-02-11T01:00:52+01:00,3895,1591502,764961,571537,255004,0,0,0,2.890330,0.8709
2026-02-11T01:00:57+01:00,3900,1593503,766614,571538,255351,0,0,0,2.890330,0.8725
2026-02-11T01:01:02+01:00,3905,1595502,768263,571535,255704,0,0,0,2.915793,0.8741
2026-02-11T01:01:07+01:00,3910,1597503,769923,571539,256041,0,0,0,2.915793,0.8757
2026-02-11T01:01:12+01:00,3915,1599503,771592,571539,256372,0,0,0,2.915793,0.8773
2026-02-11T01:01:17+01:00,3920,1601508,772846,571545,257117,0,0,0,2.941332,0.8785
2026-02-11T01:01:22+01:00,3925,1603506,773847,571545,258114,0,0,0,2.946337,0.8795
2026-02-11T01:01:27+01:00,3930,1605506,774845,571544,259117,0,0,0,2.951444,0.8804
2026-02-11T01:01:32+01:00,3935,1607507,775835,571543,260129,0,0,0,2.956546,0.8814
2026-02-11T01:01:37+01:00,3940,1609506,776823,571542,261141,0,0,0,2.961648,0.8823
2026-02-11T01:01:42+01:00,3945,1611507,777815,571542,262150,0,0,0,2.966751,0.8832
2026-02-11T01:01:47+01:00,3950,1613507,778827,571541,263139,0,0,0,2.971853,0.8842
2026-02-11T01:01:52+01:00,3955,1615506,779826,571539,264141,0,0,0,2.976952,0.8851
2026-02-11T01:01:57+01:00,3960,1617508,780806,571539,265163,0,0,0,2.982056,0.8860
2026-02-11T01:02:02+01:00,3965,1619506,781796,571540,266170,0,0,0,2.987158,0.8870
2026-02-11T01:02:07+01:00,3970,1621506,782781,571540,267185,0,0,0,2.992261,0.8879
2026-02-11T01:02:12+01:00,3975,1623506,783764,571539,268203,0,0,0,2.997363,0.8888
2026-02-11T01:02:17+01:00,3980,1625507,784776,571540,269191,0,0,0,3.002465,0.8897
2026-02-11T01:02:22+01:00,3985,1627508,785754,571539,270215,0,0,0,3.007563,0.8907
2026-02-11T01:02:27+01:00,3990,1629507,786725,571538,271244,0,0,0,3.012669,0.8916
2026-02-11T01:02:32+01:00,3995,1631506,787708,571536,272262,0,0,0,3.017773,0.8925
2026-02-11T01:02:37+01:00,4000,1633507,788712,571532,273263,0,0,0,3.022870,0.8934
2026-02-11T01:02:42+01:00,4005,1635506,789705,571531,274270,0,0,0,3.027973,0.8943
2026-02-11T01:02:47+01:00,4010,1637507,790693,571531,275283,0,0,0,3.033077,0.8952
2026-02-11T01:02:52+01:00,4015,1639507,791697,571530,276280,0,0,0,3.038175,0.8961
2026-02-11T01:02:57+01:00,4020,1641507,792670,571530,277307,0,0,0,3.043280,0.8970
2026-02-11T01:03:02+01:00,4025,1643506,793672,571530,278304,0,0,0,3.048380,0.8979
2026-02-11T01:03:07+01:00,4030,1645509,794669,571528,279312,0,0,0,3.053482,0.8988
2026-02-11T01:03:12+01:00,4035,1647508,795652,571528,280328,0,0,0,3.058587,0.8997
2026-02-11T01:03:17+01:00,4040,1649507,796683,571525,281299,0,0,0,3.063686,0.9007
2026-02-11T01:03:22+01:00,4045,1651506,797684,571524,282298,0,0,0,3.068784,0.9016
2026-02-11T01:03:27+01:00,4050,1653507,798686,571525,283296,0,0,0,3.073887,0.9025
2026-02-11T01:03:32+01:00,4055,1655507,799688,571522,284297,0,0,0,3.078992,0.9034
2026-02-11T01:03:37+01:00,4060,1657506,800726,571520,285260,0,0,0,3.084093,0.9043
2026-02-11T01:03:42+01:00,4065,1659506,801749,571520,286237,0,0,0,3.089187,0.9052
2026-02-11T01:03:47+01:00,4070,1661505,802759,571520,287226,0,0,0,3.094294,0.9061
2026-02-11T01:03:52+01:00,4075,1663507,803756,571520,288231,0,0,0,3.099398,0.9070
2026-02-11T01:03:57+01:00,4080,1665506,804756,571519,289231,0,0,0,3.104502,0.9079
2026-02-11T01:04:02+01:00,4085,1667508,805741,571520,290247,0,0,0,3.109602,0.9087
2026-02-11T01:04:07+01:00,4090,1669506,806725,571520,291261,0,0,0,3.114707,0.9096
2026-02-11T01:04:12+01:00,4095,1671505,807712,571520,292273,0,0,0,3.119805,0.9105
2026-02-11T01:04:17+01:00,4100,1673502,808810,571522,293170,0,0,0,3.124910,0.9114
2026-02-11T01:04:22+01:00,4105,1675502,810559,571522,293421,0,0,0,3.124910,0.9129
2026-02-11T01:04:27+01:00,4110,1677502,812290,571519,293693,0,0,0,3.140280,0.9144
2026-02-11T01:04:32+01:00,4115,1679504,814013,571520,293971,0,0,0,3.140280,0.9159
2026-02-11T01:04:37+01:00,4120,1681503,815722,571522,294259,0,0,0,3.140280,0.9174
2026-02-11T01:04:42+01:00,4125,1683502,817434,571520,294548,0,0,0,3.168351,0.9189
2026-02-11T01:04:47+01:00,4130,1685502,819114,571520,294868,0,0,0,3.168351,0.9203
2026-02-11T01:04:52+01:00,4135,1687502,820834,571521,295147,0,0,0,3.168351,0.9218
2026-02-11T01:04:57+01:00,4140,1689503,822550,571521,295432,0,0,0,3.168351,0.9232
2026-02-11T01:05:02+01:00,4145,1691502,824267,571518,295717,0,0,0,3.201557,0.9247
2026-02-11T01:05:07+01:00,4150,1693502,826013,571518,295971,0,0,0,3.201557,0.9261
2026-02-11T01:05:12+01:00,4155,1695502,827755,571518,296229,0,0,0,3.201557,0.9276
2026-02-11T01:05:17+01:00,4160,1697502,829448,571517,296537,0,0,0,3.229568,0.9290
2026-02-11T01:05:22+01:00,4165,1699503,831276,571517,296710,0,0,0,3.229568,0.9305
2026-02-11T01:05:27+01:00,4170,1701502,832968,571518,297016,0,0,0,3.229568,0.9319
2026-02-11T01:05:32+01:00,4175,1703503,834644,571519,297340,0,0,0,3.229568,0.9333
2026-02-11T01:05:37+01:00,4180,1705503,836314,571512,297677,0,0,0,3.262764,0.9347
2026-02-11T01:05:42+01:00,4185,1707503,837956,571516,298031,0,0,0,3.262764,0.9360
2026-02-11T01:05:47+01:00,4190,1709502,839621,571516,298365,0,0,0,3.262764,0.9374
2026-02-11T01:05:52+01:00,4195,1711503,841287,571513,298703,0,0,0,3.288266,0.9387
2026-02-11T01:05:57+01:00,4200,1713507,842749,571521,299237,0,0,0,3.288266,0.9399
2026-02-11T01:06:02+01:00,4205,1715507,843735,571523,300249,0,0,0,3.303553,0.9407
2026-02-11T01:06:07+01:00,4210,1717506,844725,571523,301258,0,0,0,3.308580,0.9415
2026-02-11T01:06:12+01:00,4215,1719506,845703,571525,302278,0,0,0,3.313678,0.9422
2026-02-11T01:06:17+01:00,4220,1721506,846687,571524,303295,0,0,0,3.318782,0.9430
2026-02-11T01:06:22+01:00,4225,1723508,847670,571524,304314,0,0,0,3.323884,0.9438
2026-02-11T01:06:27+01:00,4230,1725507,848661,571524,305322,0,0,0,3.328984,0.9446
2026-02-11T01:06:32+01:00,4235,1727507,849669,571526,306312,0,0,0,3.334087,0.9454
2026-02-11T01:06:37+01:00,4240,1729507,850661,571523,307323,0,0,0,3.339187,0.9462
2026-02-11T01:06:42+01:00,4245,1731508,851642,571523,308343,0,0,0,3.344290,0.9470
2026-02-11T01:06:47+01:00,4250,1733507,852629,571520,309358,0,0,0,3.349392,0.9477
2026-02-11T01:06:52+01:00,4255,1735508,853623,571520,310365,0,0,0,3.354496,0.9485
2026-02-11T01:06:57+01:00,4260,1737506,854599,571519,311388,0,0,0,3.359596,0.9493
2026-02-11T01:07:02+01:00,4265,1739506,855594,571518,312394,0,0,0,3.364699,0.9501
2026-02-11T01:07:07+01:00,4270,1741507,856578,571518,313411,0,0,0,3.369798,0.9508
2026-02-11T01:07:12+01:00,4275,1743507,857566,571517,314424,0,0,0,3.374903,0.9516
2026-02-11T01:07:17+01:00,4280,1745507,858562,571518,315427,0,0,0,3.380004,0.9524
2026-02-11T01:07:22+01:00,4285,1747507,859567,571518,316422,0,0,0,3.385105,0.9531
2026-02-11T01:07:27+01:00,4290,1749507,860559,571517,317431,0,0,0,3.390205,0.9539
2026-02-11T01:07:32+01:00,4295,1751507,861566,571516,318425,0,0,0,3.395309,0.9547
2026-02-11T01:07:37+01:00,4300,1753507,862568,571514,319425,0,0,0,3.400409,0.9555
2026-02-11T01:07:42+01:00,4305,1755507,863562,571516,320429,0,0,0,3.405510,0.9562
2026-02-11T01:07:47+01:00,4310,1757509,864575,571515,321419,0,0,0,3.410615,0.9570
2026-02-11T01:07:52+01:00,4315,1759507,865568,571513,322426,0,0,0,3.415713,0.9578
2026-02-11T01:07:57+01:00,4320,1761507,866543,571514,323450,0,0,0,3.420818,0.9585
2026-02-11T01:08:02+01:00,4325,1763507,867531,571508,324468,0,0,0,3.425923,0.9593
2026-02-11T01:08:07+01:00,4330,1765508,868519,571506,325483,0,0,0,3.431022,0.9600
2026-02-11T01:08:12+01:00,4335,1767508,869515,571504,326489,0,0,0,3.436125,0.9608
2026-02-11T01:08:17+01:00,4340,1769508,870511,571504,327493,0,0,0,3.441225,0.9615
2026-02-11T01:08:22+01:00,4345,1771506,871512,571501,328493,0,0,0,3.446327,0.9623
2026-02-11T01:08:27+01:00,4350,1773506,872507,571500,329499,0,0,0,3.451428,0.9630
2026-02-11T01:08:32+01:00,4355,1775508,873832,571498,330178,0,0,0,3.456531,0.9640
2026-02-11T01:08:37+01:00,4360,1777506,874835,571497,331174,0,0,0,3.461599,0.9648
2026-02-11T01:08:42+01:00,4365,1779508,875842,571496,332170,0,0,0,3.466734,0.9655
2026-02-11T01:08:47+01:00,4370,1781508,876805,571497,333206,0,0,0,3.471836,0.9662
2026-02-11T01:08:52+01:00,4375,1783509,877765,571495,334249,0,0,0,3.476945,0.9670
2026-02-11T01:08:57+01:00,4380,1785506,878755,571494,335257,0,0,0,3.482042,0.9677
2026-02-11T01:09:02+01:00,4385,1787508,879752,571495,336261,0,0,0,3.487145,0.9684
2026-02-11T01:09:07+01:00,4390,1789507,880750,571494,337263,0,0,0,3.492244,0.9692
2026-02-11T01:09:12+01:00,4395,1791507,881742,571493,338272,0,0,0,3.497346,0.9699
2026-02-11T01:09:17+01:00,4400,1793504,883303,571491,338710,0,0,0,3.502444,0.9710
2026-02-11T01:09:22+01:00,4405,1795503,885034,571490,338979,0,0,0,3.502444,0.9723
2026-02-11T01:09:27+01:00,4410,1797504,886743,571493,339268,0,0,0,3.502444,0.9735
2026-02-11T01:09:32+01:00,4415,1799502,848487,611463,339552,0,0,0,3.530581,0.8974
2026-02-11T01:09:37+01:00,4420,1801502,850240,611463,339799,0,0,0,3.530581,0.8989
2026-02-11T01:09:42+01:00,4425,1803502,851995,611466,340041,0,0,0,3.530581,0.9003
2026-02-11T01:09:47+01:00,4430,1805503,853713,611466,340324,0,0,0,3.530581,0.9018
2026-02-11T01:09:52+01:00,4435,1807503,855442,611462,340599,0,0,0,3.358300,0.9032
2026-02-11T01:09:57+01:00,4440,1809503,857147,611462,340894,0,0,0,3.358300,0.9047
2026-02-11T01:10:02+01:00,4445,1811502,858886,611464,341152,0,0,0,3.358300,0.9061
2026-02-11T01:10:07+01:00,4450,1813502,860586,611463,341453,0,0,0,3.358300,0.9075
2026-02-11T01:10:12+01:00,4455,1815504,862259,611459,341786,0,0,0,3.395446,0.9089
2026-02-11T01:10:17+01:00,4460,1817502,863933,611460,342109,0,0,0,3.395446,0.9103
2026-02-11T01:10:22+01:00,4465,1819503,865607,611461,342435,0,0,0,3.395446,0.9116
2026-02-11T01:10:27+01:00,4470,1821503,867288,611457,342758,0,0,0,3.420903,0.9130
2026-02-11T01:10:32+01:00,4475,1823502,869106,611457,342939,0,0,0,3.420903,0.9145
2026-02-11T01:10:37+01:00,4480,1825503,870862,611462,343179,0,0,0,3.420903,0.9159
2026-02-11T01:10:42+01:00,4485,1827503,872520,611461,343522,0,0,0,3.420903,0.9172
2026-02-11T01:10:47+01:00,4490,1829503,874180,611457,343866,0,0,0,3.456650,0.9186
2026-02-11T01:10:52+01:00,4495,1831508,875787,611460,344261,0,0,0,3.456650,0.9199
2026-02-11T01:10:57+01:00,4500,1833507,876772,611457,345278,0,0,0,3.471883,0.9206
2026-02-11T01:11:02+01:00,4505,1835508,877769,611455,346284,0,0,0,3.476939,0.9214
2026-02-11T01:11:07+01:00,4510,1837508,878778,611450,347280,0,0,0,3.482039,0.9222
2026-02-11T01:11:12+01:00,4515,1839508,879763,611451,348294,0,0,0,3.487143,0.9230
2026-02-11T01:11:17+01:00,4520,1841507,880743,611450,349314,0,0,0,3.492246,0.9238
2026-02-11T01:11:22+01:00,4525,1843508,881738,611447,350323,0,0,0,3.497346,0.9246
2026-02-11T01:11:27+01:00,4530,1845507,882709,611445,351353,0,0,0,3.502449,0.9253
2026-02-11T01:11:32+01:00,4535,1847507,843781,651328,352398,0,0,0,3.507555,0.8461
2026-02-11T01:11:37+01:00,4540,1849507,844771,651326,353410,0,0,0,3.303463,0.8470
2026-02-11T01:11:42+01:00,4545,1851504,845826,651324,354354,0,0,0,3.313672,0.8480
2026-02-11T01:11:47+01:00,4550,1853505,846809,651323,355373,0,0,0,3.318777,0.8489
2026-02-11T01:11:52+01:00,4555,1855508,847807,651325,356376,0,0,0,3.323883,0.8498
2026-02-11T01:11:57+01:00,4560,1857507,848783,651322,357402,0,0,0,3.328985,0.8507
2026-02-11T01:12:02+01:00,4565,1859507,849754,651320,358433,0,0,0,3.334089,0.8516
2026-02-11T01:12:07+01:00,4570,1861507,850737,651320,359450,0,0,0,3.339189,0.8524
2026-02-11T01:12:12+01:00,4575,1863507,851713,651319,360475,0,0,0,3.344293,0.8533
2026-02-11T01:12:17+01:00,4580,1865507,852714,651315,361478,0,0,0,3.349392,0.8542
2026-02-11T01:12:22+01:00,4585,1867507,853735,651314,362458,0,0,0,3.354493,0.8551
2026-02-11T01:12:27+01:00,4590,1869508,854736,651314,363458,0,0,0,3.359593,0.8560
2026-02-11T01:12:32+01:00,4595,1871509,855731,651317,364461,0,0,0,3.364695,0.8569
2026-02-11T01:12:37+01:00,4600,1873509,856741,651316,365452,0,0,0,3.369798,0.8578
2026-02-11T01:12:42+01:00,4605,1875508,857739,651313,366456,0,0,0,3.374900,0.8587
2026-02-11T01:12:47+01:00,4610,1877505,858732,651312,367461,0,0,0,3.380002,0.8596
2026-02-11T01:12:52+01:00,4615,1879507,859711,651312,368484,0,0,0,3.385106,0.8604
2026-02-11T01:12:57+01:00,4620,1881507,860711,651307,369489,0,0,0,3.390206,0.8613
2026-02-11T01:13:02+01:00,4625,1883509,861709,651307,370493,0,0,0,3.395310,0.8622
2026-02-11T01:13:07+01:00,4630,1885507,862711,651307,371489,0,0,0,3.400411,0.8631
2026-02-11T01:13:12+01:00,4635,1887508,863699,651307,372502,0,0,0,3.405511,0.8639
2026-02-11T01:13:17+01:00,4640,1889506,864697,651305,373504,0,0,0,3.410614,0.8648
2026-02-11T01:13:22+01:00,4645,1891507,865702,651306,374499,0,0,0,3.415715,0.8657
2026-02-11T01:13:27+01:00,4650,1893508,866717,651307,375484,0,0,0,3.420818,0.8666
2026-02-11T01:13:32+01:00,4655,1895507,867703,651302,376502,0,0,0,3.425918,0.8674
2026-02-11T01:13:37+01:00,4660,1897507,868681,651300,377526,0,0,0,3.431022,0.8683
2026-02-11T01:13:42+01:00,4665,1899502,869674,651299,378529,0,0,0,3.436126,0.8691
2026-02-11T01:13:47+01:00,4670,1900508,869788,651296,379424,0,0,0,3.441209,0.8692
2026-02-11T01:13:52+01:00,4675,1902506,870904,651294,380308,0,0,0,3.446312,0.8702
2026-02-11T01:13:57+01:00,4680,1904507,871893,651290,381324,0,0,0,3.451431,0.8711
2026-02-11T01:14:02+01:00,4685,1906507,872855,651292,382360,0,0,0,3.456535,0.8719
2026-02-11T01:14:07+01:00,4690,1908504,873926,651292,383286,0,0,0,3.461637,0.8728
2026-02-11T01:14:12+01:00,4695,1910504,875661,651292,383551,0,0,0,3.461637,0.8743
2026-02-11T01:14:17+01:00,4700,1912504,877376,651289,383839,0,0,0,3.476985,0.8757
2026-02-11T01:14:22+01:00,4705,1914003,878601,651291,384111,0,0,0,3.476985,0.8768
2026-02-11T01:14:27+01:00,4710,1916004,880297,651291,384416,0,0,0,3.476985,0.8782
2026-02-11T01:14:32+01:00,4715,1918002,881983,651288,384731,0,0,0,3.505085,0.8796
2026-02-11T01:14:37+01:00,4720,1920003,883640,651292,385071,0,0,0,3.505085,0.8810
2026-02-11T01:14:42+01:00,4725,1922003,885291,651291,385421,0,0,0,3.505085,0.8824
2026-02-11T01:14:47+01:00,4730,1924002,846979,691247,385776,0,0,0,3.528030,0.8019
2026-02-11T01:14:52+01:00,4735,1926003,848652,691250,386101,0,0,0,3.528030,0.8035
2026-02-11T01:14:57+01:00,4740,1928007,849866,691239,386902,0,0,0,3.336540,0.8047
2026-02-11T01:15:02+01:00,4745,1930008,850864,691239,387905,0,0,0,3.344289,0.8056
2026-02-11T01:15:07+01:00,4750,1932008,851874,691241,388893,0,0,0,3.349391,0.8066
2026-02-11T01:15:12+01:00,4755,1934007,852864,691238,389905,0,0,0,3.354494,0.8075
2026-02-11T01:15:17+01:00,4760,1936008,853861,691236,390911,0,0,0,3.359593,0.8085
2026-02-11T01:15:22+01:00,4765,1938008,854851,691237,391920,0,0,0,3.364699,0.8094
2026-02-11T01:15:27+01:00,4770,1940006,855834,691237,392935,0,0,0,3.369800,0.8104
2026-02-11T01:15:32+01:00,4775,1942008,856859,691236,393913,0,0,0,3.374900,0.8113
2026-02-11T01:15:37+01:00,4780,1944007,857883,691234,394890,0,0,0,3.380000,0.8123
2026-02-11T01:15:42+01:00,4785,1946006,859057,691244,395705,0,0,0,3.380000,0.8134
2026-02-11T01:15:47+01:00,4790,1948007,860056,691243,396708,0,0,0,3.390296,0.8143
2026-02-11T01:15:52+01:00,4795,1950002,861450,691241,397311,0,0,0,3.395309,0.8156
2026-02-11T01:15:57+01:00,4800,1952003,863164,691241,397598,0,0,0,3.395309,0.8172
2026-02-11T01:16:02+01:00,4805,1954003,864857,691238,397908,0,0,0,3.415798,0.8188
2026-02-11T01:16:07+01:00,4810,1956002,866571,691239,398192,0,0,0,3.415798,0.8204
2026-02-11T01:16:12+01:00,4815,1958003,868286,691240,398477,0,0,0,3.415798,0.8219
2026-02-11T01:16:17+01:00,4820,1960003,869996,691237,398770,0,0,0,3.443858,0.8235
2026-02-11T01:16:22+01:00,4825,1962002,871701,691241,399060,0,0,0,3.443858,0.8251
2026-02-11T01:16:27+01:00,4830,1964002,873408,691241,399353,0,0,0,3.443858,0.8266
2026-02-11T01:16:32+01:00,4835,1966002,875154,691241,399607,0,0,0,3.443858,0.8282
2026-02-11T01:16:37+01:00,4840,1968003,876856,691239,399908,0,0,0,3.477051,0.8297
2026-02-11T01:16:42+01:00,4845,1970002,878535,691241,400226,0,0,0,3.477051,0.8312
2026-02-11T01:16:47+01:00,4850,1972003,880232,691241,400530,0,0,0,3.477051,0.8327
2026-02-11T01:16:52+01:00,4855,1974004,881920,691238,400846,0,0,0,3.502523,0.8342
2026-02-11T01:16:57+01:00,4860,1976003,883600,691239,401164,0,0,0,3.502523,0.8357
2026-02-11T01:17:02+01:00,4865,1978003,885281,691239,401483,0,0,0,3.502523,0.8372
2026-02-11T01:17:07+01:00,4870,1980003,846976,731199,401828,0,0,0,3.528040,0.7547
2026-02-11T01:17:12+01:00,4875,1982004,848628,731202,402174,0,0,0,3.528040,0.7564
2026-02-11T01:17:17+01:00,4880,1984003,850291,731202,402510,0,0,0,3.528040,0.7581
2026-02-11T01:17:22+01:00,4885,1986003,851962,731199,402842,0,0,0,3.347683,0.7598
2026-02-11T01:17:27+01:00,4890,1988006,853333,731200,403473,0,0,0,3.347683,0.7612
2026-02-11T01:17:32+01:00,4895,1990008,854305,731202,404501,0,0,0,3.364842,0.7621
2026-02-11T01:17:37+01:00,4900,1992002,855307,731202,405493,0,0,0,3.369802,0.7631
2026-02-11T01:17:42+01:00,4905,1994008,856727,731201,406080,0,0,0,3.374859,0.7646
2026-02-11T01:17:47+01:00,4910,1996009,857721,731201,407087,0,0,0,3.380003,0.7655
2026-02-11T01:17:52+01:00,4915,1998006,858716,731196,408094,0,0,0,3.385104,0.7665
2026-02-11T01:17:57+01:00,4920,2000007,859697,731195,409115,0,0,0,3.390209,0.7675
2026-02-11T01:18:02+01:00,4925,2002008,860700,731194,410114,0,0,0,3.395307,0.7685
2026-02-11T01:18:07+01:00,4930,2004007,861688,731193,411126,0,0,0,3.400411,0.7695
2026-02-11T01:18:12+01:00,4935,2006008,862686,731191,412131,0,0,0,3.405512,0.7705
2026-02-11T01:18:17+01:00,4940,2008006,863668,731190,413148,0,0,0,3.410615,0.7714
2026-02-11T01:18:22+01:00,4945,2010008,864669,731189,414150,0,0,0,3.415716,0.7724
2026-02-11T01:18:27+01:00,4950,2012008,865668,731187,415153,0,0,0,3.420817,0.7734
2026-02-11T01:18:32+01:00,4955,2014007,866651,731187,416169,0,0,0,3.425920,0.7743
2026-02-11T01:18:37+01:00,4960,2016007,867654,731184,417169,0,0,0,3.431022,0.7753
2026-02-11T01:18:42+01:00,4965,2018008,868662,731180,418166,0,0,0,3.436122,0.7763
2026-02-11T01:18:47+01:00,4970,2020008,869680,731180,419148,0,0,0,3.441222,0.7773
2026-02-11T01:18:52+01:00,4975,2022008,870680,731179,420149,0,0,0,3.446326,0.7783
2026-02-11T01:18:57+01:00,4980,2024006,871654,731176,421176,0,0,0,3.451431,0.7792
2026-02-11T01:19:02+01:00,4985,2026007,872646,731175,422186,0,0,0,3.456533,0.7802
2026-02-11T01:19:07+01:00,4990,2028008,873635,731175,423198,0,0,0,3.461635,0.7811
2026-02-11T01:19:12+01:00,4995,2030008,874789,731170,424049,0,0,0,3.466716,0.7822
2026-02-11T01:19:17+01:00,5000,2032009,875809,731165,425035,0,0,0,3.471832,0.7832
2026-02-11T01:19:22+01:00,5005,2034009,876807,731162,426040,0,0,0,3.476940,0.7841
2026-02-11T01:19:27+01:00,5010,2036008,877763,731160,427085,0,0,0,3.482043,0.7851
2026-02-11T01:19:32+01:00,5015,2038007,878737,731161,428109,0,0,0,3.487147,0.7860
2026-02-11T01:19:37+01:00,5020,2040002,879778,731159,429065,0,0,0,3.492243,0.7870
2026-02-11T01:19:42+01:00,5025,2041502,881196,731159,429147,0,0,0,3.492243,0.7883
2026-02-11T01:19:47+01:00,5030,2043503,882942,731159,429402,0,0,0,3.492243,0.7899
2026-02-11T01:19:52+01:00,5035,2045503,884572,731157,429774,0,0,0,3.492243,0.7915
2026-02-11T01:19:57+01:00,5040,2047504,846186,771111,430207,0,0,0,3.522956,0.7068
2026-02-11T01:20:02+01:00,5045,2049504,847740,771111,430653,0,0,0,3.522956,0.7084
2026-02-11T01:20:07+01:00,5050,2051503,849323,771111,431069,0,0,0,3.336987,0.7101
2026-02-11T01:20:12+01:00,5055,2053504,850910,771111,431483,0,0,0,3.336987,0.7118
2026-02-11T01:20:17+01:00,5060,2055504,852454,771105,431945,0,0,0,3.354531,0.7135
2026-02-11T01:20:22+01:00,5065,2057505,854003,771110,432392,0,0,0,3.354531,0.7151
2026-02-11T01:20:27+01:00,5070,2059503,855589,771109,432805,0,0,0,3.354531,0.7168
2026-02-11T01:20:32+01:00,5075,2061503,857180,771108,433215,0,0,0,3.375002,0.7184
2026-02-11T01:20:37+01:00,5080,2063503,858752,771108,433643,0,0,0,3.375002,0.7201
2026-02-11T01:20:42+01:00,5085,2065503,860328,771108,434067,0,0,0,3.395396,0.7217
2026-02-11T01:20:47+01:00,5090,2067504,861862,771109,434533,0,0,0,3.395396,0.7233
2026-02-11T01:20:52+01:00,5095,2069504,863442,771104,434958,0,0,0,3.410658,0.7250
2026-02-11T01:20:57+01:00,5100,2071503,864981,771107,435415,0,0,0,3.410658,0.7266
2026-02-11T01:21:02+01:00,5105,2073506,866555,771108,435843,0,0,0,3.410658,0.7282
2026-02-11T01:21:07+01:00,5110,2075504,868066,771108,436330,0,0,0,3.428548,0.7297
2026-02-11T01:21:12+01:00,5115,2077505,869572,771108,436825,0,0,0,3.428548,0.7313
2026-02-11T01:21:17+01:00,5120,2079504,871061,771105,437338,0,0,0,3.443840,0.7328
2026-02-11T01:21:22+01:00,5125,2081505,872568,771105,437832,0,0,0,3.443840,0.7343
2026-02-11T01:21:27+01:00,5130,2083503,874133,771105,438265,0,0,0,3.459149,0.7359
2026-02-11T01:21:32+01:00,5135,2085507,875524,771105,438878,0,0,0,3.459149,0.7373
2026-02-11T01:21:37+01:00,5140,2087509,876532,771103,439874,0,0,0,3.471881,0.7383
2026-02-11T01:21:42+01:00,5145,2089506,877542,771099,440865,0,0,0,3.476937,0.7393
2026-02-11T01:21:47+01:00,5150,2091507,878548,771098,441861,0,0,0,3.482038,0.7403
2026-02-11T01:21:52+01:00,5155,2093505,879550,771097,442858,0,0,0,3.489760,0.7413
2026-02-11T01:21:57+01:00,5160,2095509,880560,771095,443854,0,0,0,3.492176,0.7423
2026-02-11T01:22:02+01:00,5165,2097507,881547,771094,444866,0,0,0,3.499963,0.7433
2026-02-11T01:22:07+01:00,5170,2099507,882532,771094,445881,0,0,0,3.502380,0.7443
2026-02-11T01:22:12+01:00,5175,2101509,843607,810974,446928,0,0,0,3.507551,0.6567
2026-02-11T01:22:17+01:00,5180,2103508,844585,810977,447946,0,0,0,3.306057,0.6578
2026-02-11T01:22:22+01:00,5185,2105507,845581,810975,448951,0,0,0,3.316231,0.6590
2026-02-11T01:22:27+01:00,5190,2107508,846580,810972,449956,0,0,0,3.321330,0.6601
2026-02-11T01:22:32+01:00,5195,2109507,847582,810971,450954,0,0,0,3.326433,0.6612
2026-02-11T01:22:37+01:00,5200,2111508,848606,810969,451933,0,0,0,3.331533,0.6624
2026-02-11T01:22:42+01:00,5205,2113507,849649,810969,452889,0,0,0,3.336633,0.6636
2026-02-11T01:22:47+01:00,5210,2115508,850639,810966,453903,0,0,0,3.341733,0.6647
2026-02-11T01:22:52+01:00,5215,2117506,851640,810963,454903,0,0,0,3.346841,0.6658
2026-02-11T01:22:57+01:00,5220,2119508,852638,810962,455908,0,0,0,3.351943,0.6669
2026-02-11T01:23:02+01:00,5225,2121507,853651,810960,456896,0,0,0,3.357044,0.6680
2026-02-11T01:23:07+01:00,5230,2123507,854669,810959,457879,0,0,0,3.362142,0.6692
2026-02-11T01:23:12+01:00,5235,2125509,855671,810957,458881,0,0,0,3.367246,0.6703
2026-02-11T01:23:17+01:00,5240,2127508,856665,810957,459886,0,0,0,3.372350,0.6714
2026-02-11T01:23:22+01:00,5245,2129508,857669,810955,460884,0,0,0,3.377451,0.6725
2026-02-11T01:23:27+01:00,5250,2131507,858672,810952,461883,0,0,0,3.382552,0.6736
2026-02-11T01:23:32+01:00,5255,2133508,859672,810952,462884,0,0,0,3.387655,0.6747
2026-02-11T01:23:37+01:00,5260,2135509,860648,810949,463912,0,0,0,3.392758,0.6758
2026-02-11T01:23:42+01:00,5265,2137508,861629,810947,464932,0,0,0,3.397863,0.6769
2026-02-11T01:23:47+01:00,5270,2139507,862612,810945,465950,0,0,0,3.402962,0.6779
2026-02-11T01:23:52+01:00,5275,2141508,863592,810946,466970,0,0,0,3.408065,0.6790
2026-02-11T01:23:57+01:00,5280,2143507,864597,810944,467966,0,0,0,3.413167,0.6801
2026-02-11T01:24:02+01:00,5285,2145507,865615,810943,468949,0,0,0,3.418265,0.6812
2026-02-11T01:24:07+01:00,5290,2147508,866615,810940,469953,0,0,0,3.423367,0.6823
2026-02-11T01:24:12+01:00,5295,2149508,867607,810937,470964,0,0,0,3.428471,0.6834
2026-02-11T01:24:17+01:00,5300,2151507,868623,810936,471948,0,0,0,3.433572,0.6844
2026-02-11T01:24:22+01:00,5305,2153508,869644,810934,472930,0,0,0,3.438672,0.6855
2026-02-11T01:24:27+01:00,5310,2155507,870641,810931,473935,0,0,0,3.443773,0.6866
2026-02-11T01:24:32+01:00,5315,2157509,871635,810930,474944,0,0,0,3.448879,0.6877
2026-02-11T01:24:37+01:00,5320,2159501,872722,810928,475851,0,0,0,3.453980,0.6888
2026-02-11T01:24:42+01:00,5325,2161508,874107,810926,476475,0,0,0,3.466828,0.6903
2026-02-11T01:24:47+01:00,5330,2163509,875127,810924,477458,0,0,0,3.471835,0.6914
2026-02-11T01:24:52+01:00,5335,2165506,876145,810923,478438,0,0,0,3.476936,0.6925
2026-02-11T01:24:57+01:00,5340,2167507,877127,810923,479457,0,0,0,3.482040,0.6935
2026-02-11T01:25:02+01:00,5345,2169503,878347,810920,480236,0,0,0,3.487141,0.6948
2026-02-11T01:25:07+01:00,5350,2171503,880075,810920,480508,0,0,0,3.487141,0.6966
2026-02-11T01:25:12+01:00,5355,2173503,881786,810920,480797,0,0,0,3.487141,0.6984
2026-02-11T01:25:17+01:00,5360,2175503,883503,810922,481078,0,0,0,3.487141,0.7002
2026-02-11T01:25:22+01:00,5365,2177502,845253,850890,481359,0,0,0,3.512716,0.6114
2026-02-11T01:25:27+01:00,5370,2179504,846988,850891,481625,0,0,0,3.512716,0.6134
2026-02-11T01:25:32+01:00,5375,2181505,848724,850891,481890,0,0,0,3.512716,0.6155
2026-02-11T01:25:37+01:00,5380,2183503,850423,850891,482189,0,0,0,3.342924,0.6175
2026-02-11T01:25:42+01:00,5385,2185503,852135,850891,482477,0,0,0,3.342924,0.6195
2026-02-11T01:25:47+01:00,5390,2187502,853878,850890,482734,0,0,0,3.342924,0.6215
2026-02-11T01:25:52+01:00,5395,2189503,855597,850893,483013,0,0,0,3.342924,0.6235
2026-02-11T01:25:57+01:00,5400,2191504,857320,850892,483201,91,0,0,3.374989,0.6255
2026-02-11T01:26:02+01:00,5405,2193504,859036,850892,483203,171,202,0,3.374989,0.6275
2026-02-11T01:26:07+01:00,5410,2195503,860708,850892,483447,0,456,0,3.374989,0.6294
2026-02-11T01:26:12+01:00,5415,2197502,862393,850891,483762,0,456,0,3.405619,0.6314
2026-02-11T01:26:17+01:00,5420,2199503,864036,850891,484120,0,456,0,3.405619,0.6332
2026-02-11T01:26:22+01:00,5425,2201504,865689,850892,484467,0,456,0,3.405619,0.6351
2026-02-11T01:26:27+01:00,5430,2203504,867346,850891,484811,0,456,0,3.431120,0.6370
2026-02-11T01:26:32+01:00,5435,2205504,869029,850890,485128,0,146,311,3.431120,0.6389
2026-02-11T01:26:37+01:00,5440,2207503,870695,850890,485462,0,0,456,3.431120,0.6408
2026-02-11T01:26:42+01:00,5445,2209504,872432,850891,485725,0,0,456,3.456605,0.6427
2026-02-11T01:26:47+01:00,5450,2211503,874118,850890,486039,0,0,456,3.456605,0.6446
2026-02-11T01:26:52+01:00,5455,2213503,875790,850890,486367,0,0,456,3.456605,0.6465
2026-02-11T01:26:57+01:00,5460,2215503,877474,850885,486688,0,0,456,3.482120,0.6483
2026-02-11T01:27:02+01:00,5465,2217505,879123,850886,487040,0,0,456,3.482120,0.6502
2026-02-11T01:27:07+01:00,5470,2219503,880784,850885,487378,0,0,456,3.482120,0.6520
2026-02-11T01:27:12+01:00,5475,2221504,842474,890863,487602,99,10,456,3.507647,0.5606
2026-02-11T01:27:17+01:00,5480,2223508,844040,890862,487668,218,264,456,3.507647,0.5626
2026-02-11T01:27:22+01:00,5485,2225509,845028,890862,488681,0,482,456,3.315672,0.5638
2026-02-11T01:27:27+01:00,5490,2227506,846016,890860,489692,0,482,456,3.323883,0.5650
2026-02-11T01:27:32+01:00,5495,2229508,846993,890862,490715,0,482,456,3.326366,0.5662
2026-02-11T01:27:37+01:00,5500,2231509,847992,890861,491718,0,104,834,3.331536,0.5675
2026-02-11T01:27:42+01:00,5505,2233507,848978,890861,492730,0,0,938,3.336637,0.5687
2026-02-11T01:27:47+01:00,5510,2235509,849976,890858,493737,0,0,938,3.341738,0.5699
2026-02-11T01:27:52+01:00,5515,2237507,850970,890857,494742,0,0,938,3.346841,0.5712
2026-02-11T01:27:57+01:00,5520,2239507,851974,890856,495739,0,0,938,3.351942,0.5724
2026-02-11T01:28:02+01:00,5525,2241508,852974,890857,496739,0,0,938,3.354425,0.5736
2026-02-11T01:28:07+01:00,5530,2243508,853960,890853,497757,0,0,938,3.359595,0.5748
2026-02-11T01:28:12+01:00,5535,2245508,854956,890851,498763,0,0,938,3.364697,0.5760
2026-02-11T01:28:17+01:00,5540,2247509,855960,890853,499758,0,0,938,3.369800,0.5773
2026-02-11T01:28:22+01:00,5545,2249508,856978,890852,500740,0,0,938,3.374898,0.5785
2026-02-11T01:28:27+01:00,5550,2251513,857987,890852,501736,0,0,938,3.382618,0.5797
2026-02-11T01:28:32+01:00,5555,2253509,858987,890847,502737,0,0,938,3.387655,0.5809
2026-02-11T01:28:37+01:00,5560,2255509,860001,890847,503723,0,0,938,3.392755,0.5822
2026-02-11T01:28:42+01:00,5565,2257508,860993,890843,504734,0,0,938,3.397860,0.5834
2026-02-11T01:28:47+01:00,5570,2259510,861988,890838,505746,0,0,938,3.402960,0.5846
2026-02-11T01:28:52+01:00,5575,2261507,862980,890836,506753,0,0,938,3.405444,0.5858
2026-02-11T01:28:57+01:00,5580,2263510,863975,890834,507763,0,0,938,3.410615,0.5869
2026-02-11T01:29:02+01:00,5585,2265511,864949,890833,508791,0,0,938,3.415718,0.5881
2026-02-11T01:29:07+01:00,5590,2267511,865946,890831,509796,0,0,938,3.420819,0.5893
2026-02-11T01:29:12+01:00,5595,2269508,866946,890830,510794,0,0,938,3.425919,0.5905
2026-02-11T01:29:17+01:00,5600,2271507,867970,890829,511770,0,0,938,3.431020,0.5917
2026-02-11T01:29:22+01:00,5605,2273508,868980,890828,512761,1,0,938,3.436120,0.5929
2026-02-11T01:29:27+01:00,5610,2275512,869981,890828,513764,0,1,938,3.441223,0.5941
2026-02-11T01:29:32+01:00,5615,2277509,870977,890824,514769,0,1,938,3.446327,0.5952
2026-02-11T01:29:37+01:00,5620,2279509,871978,890822,515770,0,1,938,3.451428,0.5964
2026-02-11T01:29:42+01:00,5625,2281508,872989,890820,516760,0,0,939,3.456530,0.5976
2026-02-11T01:29:47+01:00,5630,2283507,873986,890818,517764,0,0,939,3.461631,0.5988
2026-02-11T01:29:52+01:00,5635,2285509,874984,890815,518771,0,0,939,3.466735,0.5999
2026-02-11T01:29:57+01:00,5640,2287507,875992,890809,519767,0,0,939,3.471836,0.6011
2026-02-11T01:30:02+01:00,5645,2289508,876997,890809,520763,0,0,939,3.476937,0.6023
2026-02-11T01:30:07+01:00,5650,2291510,878003,890809,521759,0,0,939,3.482040,0.6034
2026-02-11T01:30:12+01:00,5655,2293509,879021,890807,522742,0,0,939,3.487140,0.6046
2026-02-11T01:30:17+01:00,5660,2295510,880016,890804,523751,0,0,939,3.494860,0.6058
2026-02-11T01:30:22+01:00,5665,2297508,881024,890795,524750,0,0,939,3.499896,0.6069
2026-02-11T01:30:27+01:00,5670,2299504,842418,930782,525365,0,0,939,3.507608,0.5131
2026-02-11T01:30:32+01:00,5675,2301503,844159,930782,525623,0,0,939,3.507608,0.5154
2026-02-11T01:30:37+01:00,5680,2303502,845871,930782,525910,0,0,939,3.507608,0.5177
2026-02-11T01:30:42+01:00,5685,2305503,847630,930786,526148,0,0,939,3.507608,0.5199
2026-02-11T01:30:47+01:00,5690,2307503,849390,930783,526391,0,0,939,3.332774,0.5222
2026-02-11T01:30:52+01:00,5695,2309503,851101,930783,526680,0,0,939,3.332774,0.5244
2026-02-11T01:30:57+01:00,5700,2311503,852787,930783,526994,0,0,939,3.332774,0.5266
2026-02-11T01:31:02+01:00,5705,2313502,854514,930786,527263,0,0,939,3.332774,0.5288
2026-02-11T01:31:07+01:00,5710,2315502,856246,930783,527534,0,0,939,3.364790,0.5310
2026-02-11T01:31:12+01:00,5715,2317503,857980,930784,527800,0,0,939,3.364790,0.5332
2026-02-11T01:31:17+01:00,5720,2319503,859719,930784,527997,64,0,939,3.364790,0.5354
2026-02-11T01:31:22+01:00,5725,2321504,861409,930782,527999,213,162,939,3.400533,0.5375
2026-02-11T01:31:27+01:00,5730,2323505,863085,930782,528002,275,201,1160,3.400533,0.5396
2026-02-11T01:31:32+01:00,5735,2325504,864758,930782,528171,169,198,1426,3.400533,0.5417
2026-02-11T01:31:37+01:00,5740,2327505,866436,930782,528494,0,105,1688,3.426003,0.5438
2026-02-11T01:31:42+01:00,5745,2329504,868082,930782,528848,0,0,1792,3.426003,0.5458
2026-02-11T01:31:47+01:00,5750,2331506,869738,930782,529160,34,0,1792,3.426003,0.5478
2026-02-11T01:31:52+01:00,5755,2333505,871394,930783,529475,21,40,1792,3.451529,0.5499
2026-02-11T01:31:57+01:00,5760,2335511,873078,930782,529541,122,94,1894,3.451529,0.5519
2026-02-11T01:32:02+01:00,5765,2337509,874101,930784,530135,0,197,2292,3.464225,0.5532
2026-02-11T01:32:07+01:00,5770,2339511,875092,930782,531149,0,0,2488,3.469285,0.5544
2026-02-11T01:32:12+01:00,5775,2341509,876066,930781,532174,0,0,2488,3.474391,0.5556
2026-02-11T01:32:17+01:00,5780,2343509,877034,930779,533208,0,0,2488,3.476872,0.5568
2026-02-11T01:32:22+01:00,5785,2345507,878013,930777,534229,0,0,2488,3.482043,0.5579
2026-02-11T01:32:27+01:00,5790,2347509,879002,930777,535242,0,0,2488,3.487144,0.5591
2026-02-11T01:32:32+01:00,5795,2349508,880013,930775,536232,0,0,2488,3.492245,0.5604
2026-02-11T01:32:37+01:00,5800,2351508,881022,930775,537223,0,0,2488,3.497345,0.5616
2026-02-11T01:32:42+01:00,5805,2353509,882135,930775,538111,0,0,2488,3.505046,0.5629
2026-02-11T01:32:47+01:00,5810,2355507,843225,970658,539136,0,0,2488,3.512714,0.4669
2026-02-11T01:32:52+01:00,5815,2357508,844243,970654,540123,0,0,2488,3.308675,0.4683
2026-02-11T01:32:57+01:00,5820,2359508,845243,970653,541124,0,0,2488,3.318779,0.4697
2026-02-11T01:33:02+01:00,5825,2361509,846225,970652,542089,55,0,2488,3.323882,0.4710
2026-02-11T01:33:07+01:00,5830,2363508,847225,970649,542995,13,138,2488,3.328983,0.4724
2026-02-11T01:33:12+01:00,5835,2365508,848214,970647,544009,0,150,2488,3.334087,0.4737
2026-02-11T01:33:17+01:00,5840,2367508,849211,970647,545012,0,150,2488,3.339189,0.4750
2026-02-11T01:33:22+01:00,5845,2369509,850213,970648,546010,0,150,2488,3.344289,0.4764
2026-02-11T01:33:27+01:00,5850,2371508,851194,970648,547028,0,150,2488,3.349392,0.4777
2026-02-11T01:33:32+01:00,5855,2373508,852188,970647,548035,0,150,2488,3.354494,0.4790
2026-02-11T01:33:37+01:00,5860,2375507,853189,970644,549036,0,0,2638,3.359595,0.4804
2026-02-11T01:33:42+01:00,5865,2377507,854191,970643,549361,674,0,2638,3.364696,0.4817
2026-02-11T01:33:47+01:00,5870,2379508,855198,970644,550337,13,678,2638,3.369797,0.4830
2026-02-11T01:33:52+01:00,5875,2381509,856211,970646,551230,0,333,3089,3.374898,0.4844
2026-02-11T01:33:57+01:00,5880,2383507,857207,970642,552237,0,0,3421,3.380002,0.4857
2026-02-11T01:34:02+01:00,5885,2385508,858201,970639,553247,0,0,3421,3.385106,0.4870
2026-02-11T01:34:07+01:00,5890,2387507,859201,970636,554249,0,0,3421,3.390207,0.4883
2026-02-11T01:34:12+01:00,5895,2389508,860198,970636,555253,0,0,3421,3.395307,0.4896
2026-02-11T01:34:17+01:00,5900,2391507,861183,970635,556268,0,0,3421,3.400411,0.4909
2026-02-11T01:34:22+01:00,5905,2393507,862185,970633,557268,0,0,3421,3.405512,0.4923
2026-02-11T01:34:27+01:00,5910,2395507,863177,970630,558279,0,0,3421,3.410613,0.4935
2026-02-11T01:34:32+01:00,5915,2397506,864174,970627,559284,0,0,3421,3.415718,0.4948
2026-02-11T01:34:37+01:00,5920,2399508,865171,970624,560292,0,0,3421,3.420817,0.4961
2026-02-11T01:34:42+01:00,5925,2401509,866341,970621,561126,0,0,3421,3.425900,0.4977
2026-02-11T01:34:47+01:00,5930,2403509,867332,970623,562133,0,0,3421,3.431020,0.4989
2026-02-11T01:34:52+01:00,5935,2405508,868328,970623,563113,23,0,3421,3.436123,0.5002
2026-02-11T01:34:57+01:00,5940,2407507,869344,970618,564101,0,0,3444,3.441224,0.5015
2026-02-11T01:35:02+01:00,5945,2409503,870782,970620,564657,0,0,3444,3.441224,0.5034
2026-02-11T01:35:07+01:00,5950,2411502,872510,970620,564928,0,0,3444,3.441224,0.5056
2026-02-11T01:35:12+01:00,5955,2413503,874227,970618,565214,0,0,3444,3.456579,0.5078
2026-02-11T01:35:17+01:00,5960,2415503,875951,970618,565490,0,0,3444,3.456579,0.5100
2026-02-11T01:35:22+01:00,5965,2417503,877663,970619,565777,0,0,3444,3.456579,0.5121
2026-02-11T01:35:27+01:00,5970,2419504,879410,970616,566034,0,0,3444,3.489801,0.5143
2026-02-11T01:35:32+01:00,5975,2421502,881137,970615,566306,0,0,3444,3.489801,0.5165
2026-02-11T01:35:37+01:00,5980,2423502,882852,970619,566587,0,0,3444,3.489801,0.5186
2026-02-11T01:35:42+01:00,5985,2425503,884533,970618,566908,0,0,3444,3.489801,0.5207
2026-02-11T01:35:47+01:00,5990,2427503,846290,1010574,567195,0,0,3444,3.517835,0.4239
2026-02-11T01:35:52+01:00,5995,2429502,847977,1010573,567508,0,0,3444,3.517835,0.4263
2026-02-11T01:35:57+01:00,6000,2431502,849727,1010576,567755,0,0,3444,3.517835,0.4287
2026-02-11T01:36:02+01:00,6005,2433504,851454,1010575,568031,0,0,3444,3.348053,0.4312
2026-02-11T01:36:07+01:00,6010,2435505,853148,1010575,568338,0,0,3444,3.348053,0.4335
2026-02-11T01:36:12+01:00,6015,2437503,854822,1010578,568659,0,0,3444,3.348053,0.4358
2026-02-11T01:36:17+01:00,6020,2439504,856482,1010574,569004,0,0,3444,3.374983,0.4381
2026-02-11T01:36:22+01:00,6025,2441504,858128,1010574,569358,0,0,3444,3.374983,0.4404
2026-02-11T01:36:27+01:00,6030,2443504,859784,1010578,569698,0,0,3444,3.374983,0.4426
2026-02-11T01:36:32+01:00,6035,2445504,861458,1010574,570028,0,0,3444,3.400507,0.4449
2026-02-11T01:36:37+01:00,6040,2447503,863125,1010573,570361,0,0,3444,3.400507,0.4472
2026-02-11T01:36:42+01:00,6045,2449504,864798,1010577,570685,0,0,3444,3.400507,0.4495
2026-02-11T01:36:47+01:00,6050,2451504,866475,1010573,571005,7,0,3444,3.426006,0.4517
2026-02-11T01:36:52+01:00,6055,2453503,868150,1010573,571015,179,142,3444,3.426006,0.4540
2026-02-11T01:36:57+01:00,6060,2455505,869833,1010577,571329,0,238,3528,3.426006,0.4562
2026-02-11T01:37:02+01:00,6065,2457504,871487,1010572,571680,0,0,3765,3.451516,0.4584
2026-02-11T01:37:07+01:00,6070,2459503,873145,1010572,572021,0,0,3765,3.451516,0.4606
2026-02-11T01:37:12+01:00,6075,2461503,874801,1010575,572362,0,0,3765,3.451516,0.4628
2026-02-11T01:37:17+01:00,6080,2463503,876482,1010572,572684,0,0,3765,3.477031,0.4650
2026-02-11T01:37:22+01:00,6085,2465502,877598,1010581,573558,0,0,3765,3.477031,0.4665
2026-02-11T01:37:27+01:00,6090,2467513,878600,1010582,574351,215,0,3765,3.482020,0.4678
2026-02-11T01:37:32+01:00,6095,2469510,879602,1010580,574980,209,253,3886,3.487142,0.4691
2026-02-11T01:37:37+01:00,6100,2471509,880591,1010587,575985,0,0,4346,3.492242,0.4704
2026-02-11T01:37:42+01:00,6105,2473507,881577,1010583,577001,0,0,4346,3.497349,0.4717
2026-02-11T01:37:47+01:00,6110,2475508,882552,1010581,578029,0,0,4346,3.502448,0.4730
2026-02-11T01:37:52+01:00,6115,2477508,843635,1050463,579064,0,0,4346,3.507552,0.3729
2026-02-11T01:37:57+01:00,6120,2479507,844619,1050466,580076,0,0,4346,3.303531,0.3743
2026-02-11T01:38:02+01:00,6125,2481508,845618,1050461,580994,89,0,4346,3.313680,0.3758
2026-02-11T01:38:07+01:00,6130,2483508,846625,1050460,581988,89,0,4346,3.318779,0.3773
2026-02-11T01:38:12+01:00,6135,2485512,847600,1050456,582904,92,114,4346,3.323882,0.3787
2026-02-11T01:38:17+01:00,6140,2487510,848593,1050455,583881,0,235,4346,3.328985,0.3802
2026-02-11T01:38:22+01:00,6145,2489510,849597,1050452,584880,0,235,4346,3.334087,0.3816
2026-02-11T01:38:27+01:00,6150,2491509,850597,1050447,585884,0,235,4346,3.339187,0.3831
2026-02-11T01:38:32+01:00,6155,2493510,851628,1050448,586853,0,235,4346,3.344289,0.3846
2026-02-11T01:38:37+01:00,6160,2495508,852609,1050450,587868,0,91,4490,3.349386,0.3860
2026-02-11T01:38:42+01:00,6165,2497512,853676,1050452,588803,0,0,4581,3.354494,0.3875
2026-02-11T01:38:47+01:00,6170,2499511,854663,1050451,589816,0,0,4581,3.359589,0.3890
2026-02-11T01:38:52+01:00,6175,2501508,855658,1050450,590819,0,0,4581,3.364698,0.3904
2026-02-11T01:38:57+01:00,6180,2503510,856670,1050449,591810,0,0,4581,3.369797,0.3918
2026-02-11T01:39:02+01:00,6185,2505508,857662,1050445,592820,0,0,4581,3.374899,0.3933
2026-02-11T01:39:07+01:00,6190,2507511,858658,1050442,593758,72,0,4581,3.380005,0.3947
2026-02-11T01:39:12+01:00,6195,2509507,859652,1050436,594720,0,0,4699,3.385104,0.3961
2026-02-11T01:39:17+01:00,6200,2511509,860656,1050437,595717,0,0,4699,3.390206,0.3975
2026-02-11T01:39:22+01:00,6205,2513508,861672,1050435,596702,0,0,4699,3.395307,0.3990
2026-02-11T01:39:27+01:00,6210,2515509,862690,1050434,597686,0,0,4699,3.400409,0.4004
2026-02-11T01:39:32+01:00,6215,2517511,863703,1050428,598091,590,0,4699,3.405509,0.4018
2026-02-11T01:39:37+01:00,6220,2519507,864719,1050428,598785,267,609,4699,3.410610,0.4033
2026-02-11T01:39:42+01:00,6225,2521510,865727,1050433,599774,0,692,4884,3.415714,0.4047
2026-02-11T01:39:47+01:00,6230,2523508,866714,1050431,600788,0,0,5575,3.420818,0.4061
2026-02-11T01:39:52+01:00,6235,2525509,867706,1050430,601798,0,0,5575,3.425919,0.4075
2026-02-11T01:39:57+01:00,6240,2527508,868723,1050428,602782,0,0,5575,3.431021,0.4089
2026-02-11T01:40:02+01:00,6245,2529510,869743,1050429,603763,0,0,5575,3.436120,0.4103
2026-02-11T01:40:07+01:00,6250,2531510,870748,1050431,604756,0,0,5575,3.441223,0.4117
2026-02-11T01:40:12+01:00,6255,2533508,871750,1050429,605754,0,0,5575,3.446326,0.4131
2026-02-11T01:40:17+01:00,6260,2535504,873048,1050420,606461,0,0,5575,3.451428,0.4149
2026-02-11T01:40:22+01:00,6265,2537503,874763,1050420,606745,0,0,5575,3.451428,0.4172
2026-02-11T01:40:27+01:00,6270,2539503,876483,1050417,607028,0,0,5575,3.477058,0.4196
2026-02-11T01:40:32+01:00,6275,2541501,878351,1050417,607158,0,0,5575,3.477058,0.4221
2026-02-11T01:40:37+01:00,6280,2543502,880266,1050417,607244,0,0,5575,3.477058,0.4247
2026-02-11T01:40:42+01:00,6285,2545502,882217,1050418,607292,0,0,5575,3.477058,0.4274
2026-02-11T01:40:47+01:00,6290,2547505,884129,1050418,607383,0,0,5575,3.477058,0.4300
2026-02-11T01:40:52+01:00,6295,2549506,885813,1050423,607695,0,0,5575,3.477058,0.4322
2026-02-11T01:40:57+01:00,6300,2551504,847497,1090378,608054,0,0,5575,3.533172,0.3314
2026-02-11T01:41:02+01:00,6305,2553504,849156,1090379,608394,0,0,5575,3.533172,0.3340
2026-02-11T01:41:07+01:00,6310,2555503,850819,1090382,608727,0,0,5575,3.533172,0.3365
2026-02-11T01:41:12+01:00,6315,2557513,852500,1090375,608869,194,0,5575,3.352821,0.3390
2026-02-11T01:41:17+01:00,6320,2559507,853501,1090379,609788,0,140,5699,3.359594,0.3405
2026-02-11T01:41:22+01:00,6325,2561508,854500,1090375,610795,0,0,5838,3.364697,0.3420
2026-02-11T01:41:27+01:00,6330,2563515,855505,1090380,611792,0,0,5838,3.364697,0.3435
2026-02-11T01:41:32+01:00,6335,2565512,856502,1090371,612801,0,0,5838,3.374901,0.3450
2026-02-11T01:41:37+01:00,6340,2567509,857501,1090362,613808,0,0,5838,3.380002,0.3465
2026-02-11T01:41:42+01:00,6345,2569506,858500,1090347,614821,0,0,5838,3.385105,0.3480
2026-02-11T01:41:47+01:00,6350,2571508,859488,1090345,615837,0,0,5838,3.390208,0.3494
2026-02-11T01:41:52+01:00,6355,2573508,860480,1090346,616844,0,0,5838,3.395309,0.3509
2026-02-11T01:41:57+01:00,6360,2575509,861474,1090347,617850,0,0,5838,3.400410,0.3524
2026-02-11T01:42:02+01:00,6365,2577508,862472,1090346,618852,0,0,5838,3.405512,0.3538
2026-02-11T01:42:07+01:00,6370,2579508,863473,1090344,619853,0,0,5838,3.410613,0.3553
2026-02-11T01:42:12+01:00,6375,2581510,864466,1090337,620479,0,390,5838,3.415716,0.3568
2026-02-11T01:42:17+01:00,6380,2583511,865454,1090342,621030,220,627,5838,3.420819,0.3582
2026-02-11T01:42:22+01:00,6385,2585509,866479,1090345,621573,0,633,6479,3.425916,0.3597
2026-02-11T01:42:27+01:00,6390,2587508,867499,1090339,621848,384,327,7111,3.431018,0.3612
2026-02-11T01:42:32+01:00,6395,2589512,868505,1090346,622839,0,0,7822,3.431018,0.3626
2026-02-11T01:42:37+01:00,6400,2591511,869502,1090340,623847,0,0,7822,3.441225,0.3641
2026-02-11T01:42:42+01:00,6405,2593508,870514,1090341,624831,0,0,7822,3.441225,0.3655
2026-02-11T01:42:47+01:00,6410,2595509,871671,1090338,625678,0,0,7822,3.446325,0.3672
2026-02-11T01:42:52+01:00,6415,2597511,872687,1090333,626653,16,0,7822,3.451410,0.3686
2026-02-11T01:42:57+01:00,6420,2599512,873856,1090335,627306,117,76,7822,3.456510,0.3703
2026-02-11T01:43:02+01:00,6425,2601511,874855,1090340,628089,0,405,7822,3.461631,0.3717
2026-02-11T01:43:07+01:00,6430,2603510,875863,1090341,629079,0,0,8227,3.466733,0.3732
2026-02-11T01:43:12+01:00,6435,2605508,876883,1090338,630060,0,0,8227,3.471836,0.3746
2026-02-11T01:43:17+01:00,6440,2607507,877904,1090335,631041,0,0,8227,3.476935,0.3761
2026-02-11T01:43:22+01:00,6445,2609509,878925,1090336,632021,0,0,8227,3.482037,0.3775
2026-02-11T01:43:27+01:00,6450,2611510,879931,1090335,633017,0,0,8227,3.487139,0.3789
2026-02-11T01:43:32+01:00,6455,2613509,880924,1090336,634022,0,0,8227,3.492245,0.3803
2026-02-11T01:43:37+01:00,6460,2615503,882317,1090323,634636,0,0,8227,3.497346,0.3823
2026-02-11T01:43:42+01:00,6465,2617503,884030,1090325,634921,0,0,8227,3.497346,0.3847
2026-02-11T01:43:47+01:00,6470,2619504,885735,1090326,635216,0,0,8227,3.497346,0.3870
2026-02-11T01:43:52+01:00,6475,2621506,847472,1130306,635391,110,0,8227,3.528062,0.2843
2026-02-11T01:43:57+01:00,6480,2623504,849185,1130306,635390,279,117,8227,3.528062,0.2870
2026-02-11T01:44:02+01:00,6485,2625503,850932,1130306,635512,214,312,8227,3.528062,0.2897
2026-02-11T01:44:07+01:00,6490,2627505,852659,1130306,635787,0,461,8292,3.528062,0.2924
2026-02-11T01:44:12+01:00,6495,2629503,854350,1130303,636097,0,151,8602,3.353105,0.2950
2026-02-11T01:44:17+01:00,6500,2631503,856046,1130305,636400,0,0,8752,3.353105,0.2977
2026-02-11T01:44:22+01:00,6505,2633502,857761,1130305,636684,0,0,8752,3.353105,0.3003
2026-02-11T01:44:27+01:00,6510,2635503,859439,1130302,637010,0,0,8752,3.382645,0.3029
2026-02-11T01:44:32+01:00,6515,2637503,861128,1130305,637318,0,0,8752,3.382645,0.3054
2026-02-11T01:44:37+01:00,6520,2639503,862840,1130306,637605,0,0,8752,3.382645,0.3081
2026-02-11T01:44:42+01:00,6525,2641503,864593,1130304,637854,0,0,8752,3.382645,0.3107
2026-02-11T01:44:47+01:00,6530,2643504,866329,1130303,638120,0,0,8752,3.415824,0.3133
2026-02-11T01:44:52+01:00,6535,2645505,868026,1130305,638422,0,0,8752,3.415824,0.3159
2026-02-11T01:44:57+01:00,6540,2647503,869742,1130305,638704,0,0,8752,3.415824,0.3184
2026-02-11T01:45:02+01:00,6545,2649504,871412,1130301,639039,0,0,8752,3.443865,0.3209
2026-02-11T01:45:07+01:00,6550,2651504,873068,1130304,639380,0,0,8752,3.443865,0.3234
2026-02-11T01:45:12+01:00,6555,2653503,874752,1130304,639695,0,0,8752,3.443865,0.3259
2026-02-11T01:45:17+01:00,6560,2655512,875817,1130302,640641,0,0,8752,3.466834,0.3275
2026-02-11T01:45:22+01:00,6565,2657511,876809,1130300,641650,0,0,8752,3.471835,0.3289
2026-02-11T01:45:27+01:00,6570,2659508,877806,1130300,642650,0,0,8752,3.476941,0.3304
2026-02-11T01:45:32+01:00,6575,2661510,878798,1130301,643659,0,0,8752,3.482041,0.3318
2026-02-11T01:45:37+01:00,6580,2663508,879775,1130297,644684,0,0,8752,3.487144,0.3333
2026-02-11T01:45:42+01:00,6585,2665511,880766,1130293,645360,221,119,8752,3.492245,0.3347
2026-02-11T01:45:47+01:00,6590,2667512,881770,1130292,645367,498,767,8818,3.497347,0.3362
2026-02-11T01:45:52+01:00,6595,2669509,882786,1130293,645905,147,764,9614,3.502447,0.3377
2026-02-11T01:45:57+01:00,6600,2671510,843878,1170237,646869,0,141,10385,3.507547,0.2313
2026-02-11T01:46:02+01:00,6605,2673511,844878,1170234,647806,68,0,10525,3.303546,0.2329
2026-02-11T01:46:07+01:00,6610,2675511,845882,1170228,647884,992,0,10525,3.313678,0.2346
2026-02-11T01:46:12+01:00,6615,2677512,846878,1170229,648874,364,642,10525,3.318779,0.2362
2026-02-11T01:46:17+01:00,6620,2679507,847890,1170228,649859,0,228,11302,3.323881,0.2379
2026-02-11T01:46:22+01:00,6625,2681509,848910,1170226,650843,0,0,11530,3.328983,0.2395
2026-02-11T01:46:27+01:00,6630,2683513,849910,1170225,651698,150,0,11530,3.334082,0.2412
2026-02-11T01:46:32+01:00,6635,2685510,850907,1170225,651976,445,427,11530,3.339187,0.2428
2026-02-11T01:46:37+01:00,6640,2687508,851918,1170223,652965,0,205,12197,3.344289,0.2444
2026-02-11T01:46:42+01:00,6645,2689509,853036,1170221,653850,0,0,12402,3.349380,0.2462
2026-02-11T01:46:47+01:00,6650,2691509,854007,1170220,654880,0,0,12402,3.354489,0.2478
2026-02-11T01:46:52+01:00,6655,2693512,854989,1170225,655612,284,0,12402,3.359598,0.2493
2026-02-11T01:46:57+01:00,6660,2695509,856005,1170225,655936,941,0,12402,3.364696,0.2510
2026-02-11T01:47:02+01:00,6665,2697511,857013,1170224,656930,612,330,12402,3.369797,0.2526
2026-02-11T01:47:07+01:00,6670,2699512,858017,1170227,657925,0,941,12402,3.374899,0.2542
2026-02-11T01:47:12+01:00,6675,2701509,859016,1170221,658928,0,574,12770,3.380001,0.2558
2026-02-11T01:47:17+01:00,6680,2703508,860019,1170226,659920,0,0,13343,3.385104,0.2573
2026-02-11T01:47:22+01:00,6685,2705512,861013,1170226,660930,0,0,13343,3.390207,0.2589
2026-02-11T01:47:27+01:00,6690,2707509,862019,1170224,661923,0,0,13343,3.395308,0.2605
2026-02-11T01:47:32+01:00,6695,2709509,863014,1170223,662929,0,0,13343,3.400409,0.2621
2026-02-11T01:47:37+01:00,6700,2711508,864029,1170223,663866,47,0,13343,3.405510,0.2637
2026-02-11T01:47:42+01:00,6705,2713511,865065,1170227,664829,0,47,13343,3.410609,0.2653
2026-02-11T01:47:47+01:00,6710,2715507,866055,1170227,665835,0,0,13390,3.415715,0.2668
2026-02-11T01:47:52+01:00,6715,2717509,867058,1170230,666831,0,0,13390,3.420818,0.2684
2026-02-11T01:47:57+01:00,6720,2719508,868078,1170227,667813,0,0,13390,3.425918,0.2700
2026-02-11T01:48:02+01:00,6725,2721509,869088,1170225,668806,0,0,13390,3.431019,0.2715
2026-02-11T01:48:07+01:00,6730,2723509,870090,1170222,669804,0,3,13390,3.436122,0.2731
2026-02-11T01:48:12+01:00,6735,2725509,871078,1170218,670820,0,3,13390,3.441227,0.2746
2026-02-11T01:48:17+01:00,6740,2727511,872091,1170217,671810,0,3,13390,3.446326,0.2762
2026-02-11T01:48:22+01:00,6745,2729509,873092,1170215,672809,0,0,13393,3.451426,0.2777
2026-02-11T01:48:27+01:00,6750,2731510,874093,1170215,673809,0,0,13393,3.456532,0.2793
2026-02-11T01:48:32+01:00,6755,2733511,875092,1170217,674809,0,0,13393,3.461631,0.2808
2026-02-11T01:48:37+01:00,6760,2735510,876230,1170216,675671,0,0,13393,3.469329,0.2825
2026-02-11T01:48:42+01:00,6765,2737511,877223,1170216,676679,0,0,13393,3.474387,0.2840
2026-02-11T01:48:47+01:00,6770,2739503,878540,1170215,677355,0,0,13393,3.474387,0.2860
2026-02-11T01:48:52+01:00,6775,2741504,880270,1170214,677627,0,0,13393,3.487246,0.2887
2026-02-11T01:48:57+01:00,6780,2743503,881980,1170214,677916,0,0,13393,3.487246,0.2912
2026-02-11T01:49:02+01:00,6785,2745502,883702,1170214,678192,1,0,13393,3.487246,0.2938
2026-02-11T01:49:07+01:00,6790,2747503,845462,1210192,678455,0,1,13393,3.515272,0.1866
2026-02-11T01:49:12+01:00,6795,2749503,847173,1210195,678741,0,1,13393,3.515272,0.1895
2026-02-11T01:49:17+01:00,6800,2751504,848820,1210196,679094,0,1,13393,3.515272,0.1923
2026-02-11T01:49:22+01:00,6805,2753505,850484,1210191,679436,0,0,13394,3.337572,0.1951
2026-02-11T01:49:27+01:00,6810,2755506,852135,1210195,679782,0,0,13394,3.337572,0.1978
2026-02-11T01:49:32+01:00,6815,2757504,853820,1210195,680095,0,0,13394,3.337572,0.2006
2026-02-11T01:49:37+01:00,6820,2759510,854821,1210195,681100,0,0,13394,3.359686,0.2023
2026-02-11T01:49:42+01:00,6825,2761008,855406,1210193,682015,0,0,13394,3.364698,0.2033
2026-02-11T01:49:47+01:00,6830,2763012,856416,1210189,683013,0,0,13394,3.369788,0.2049
2026-02-11T01:49:52+01:00,6835,2765008,857418,1210188,684008,0,0,13394,3.374901,0.2066
2026-02-11T01:49:57+01:00,6840,2767011,858405,1210190,685022,0,0,13394,3.380001,0.2082
2026-02-11T01:50:02+01:00,6845,2769011,859397,1210184,686036,0,0,13394,3.385106,0.2099
2026-02-11T01:50:07+01:00,6850,2771009,860408,1210183,687024,0,0,13394,3.390205,0.2115
2026-02-11T01:50:12+01:00,6855,2773002,861541,1210177,687890,0,0,13394,3.395307,0.2134
2026-02-11T01:50:17+01:00,6860,2775009,862740,1210178,688697,0,0,13394,3.402979,0.2153
2026-02-11T01:50:22+01:00,6865,2777009,863748,1210175,689692,0,0,13394,3.408062,0.2170
2026-02-11T01:50:27+01:00,6870,2779008,864760,1210175,690679,0,0,13394,3.413162,0.2186
2026-02-11T01:50:32+01:00,6875,2781009,865790,1210174,691651,0,0,13394,3.418263,0.2203
2026-02-11T01:50:37+01:00,6880,2782510,866316,1210171,692629,0,0,13394,3.423365,0.2211
2026-02-11T01:50:42+01:00,6885,2784510,867313,1210172,693631,0,0,13394,3.428468,0.2227
2026-02-11T01:50:47+01:00,6890,2786503,868360,1210158,694591,0,0,13394,3.433571,0.2244
2026-02-11T01:50:52+01:00,6895,2788503,870088,1210160,694861,0,0,13394,3.433571,0.2272
2026-02-11T01:50:57+01:00,6900,2790504,871802,1210160,695148,0,0,13394,3.433571,0.2299
2026-02-11T01:51:02+01:00,6905,2792504,873506,1210160,695444,0,0,13394,3.433571,0.2326
2026-02-11T01:51:07+01:00,6910,2794506,875207,1210160,695726,19,0,13394,3.464303,0.2353
2026-02-11T01:51:12+01:00,6915,2796505,876968,1210160,695742,122,119,13394,3.464303,0.2381
2026-02-11T01:51:17+01:00,6920,2798505,878614,1210160,695742,267,328,13394,3.464303,0.2407
2026-02-11T01:51:22+01:00,6925,2800506,880275,1210160,695774,299,604,13394,3.492334,0.2433
2026-02-11T01:51:27+01:00,6930,2802505,881937,1210160,695773,357,884,13394,3.492334,0.2459
2026-02-11T01:51:32+01:00,6935,2804504,883615,1210160,695777,362,1196,13394,3.492334,0.2485
2026-02-11T01:51:37+01:00,6940,2806511,844853,1250102,696398,0,933,14225,3.517848,0.1384
2026-02-11T01:51:42+01:00,6945,2808509,845868,1250099,697384,0,135,15023,3.313785,0.1401
2026-02-11T01:51:47+01:00,6950,2810509,846876,1250094,698382,0,0,15157,3.323879,0.1419
2026-02-11T01:51:52+01:00,6955,2812509,847876,1250097,699379,0,0,15157,3.328983,0.1436
2026-02-11T01:51:57+01:00,6960,2814510,848881,1250099,700373,0,0,15157,3.334085,0.1454
2026-02-11T01:52:02+01:00,6965,2816511,849864,1250098,701392,0,0,15157,3.339186,0.1471
2026-02-11T01:52:07+01:00,6970,2818517,850861,1250098,702401,0,0,15157,3.344291,0.1488
2026-02-11T01:52:12+01:00,6975,2820511,851868,1250099,702893,406,88,15157,3.349392,0.1506
2026-02-11T01:52:17+01:00,6980,2822513,852889,1250102,702999,486,419,15618,3.354491,0.1523
2026-02-11T01:52:22+01:00,6985,2824508,853896,1250101,703989,0,108,16414,3.359592,0.1540
2026-02-11T01:52:27+01:00,6990,2826509,854918,1250097,704750,0,0,16744,3.364694,0.1558
2026-02-11T01:52:32+01:00,6995,2828507,855942,1250096,705725,0,0,16744,3.369795,0.1575
2026-02-11T01:52:37+01:00,7000,2830504,857337,1250085,706338,0,0,16744,3.374898,0.1599
2026-02-11T01:52:42+01:00,7005,2832504,859059,1250086,706615,0,0,16744,3.374898,0.1629
2026-02-11T01:52:47+01:00,7010,2834502,860774,1250085,706899,0,0,16744,3.374898,0.1658
2026-02-11T01:52:52+01:00,7015,2836004,861986,1250082,707192,0,0,16744,3.403038,0.1678
2026-02-11T01:52:57+01:00,7020,2838002,863695,1250084,707479,0,0,16744,3.403038,0.1707
2026-02-11T01:53:02+01:00,7025,2840003,865401,1250084,707773,0,1,16744,3.403038,0.1735
2026-02-11T01:53:07+01:00,7030,2842003,867145,1250084,708029,0,1,16744,3.403038,0.1764
2026-02-11T01:53:12+01:00,7035,2844004,868856,1250085,708318,0,1,16744,3.436233,0.1793
2026-02-11T01:53:17+01:00,7040,2846004,870568,1250085,708606,0,1,16744,3.436233,0.1821
2026-02-11T01:53:22+01:00,7045,2848004,872294,1250084,708881,0,1,16744,3.436233,0.1849
2026-02-11T01:53:27+01:00,7050,2850004,874008,1250084,708931,154,83,16744,3.436233,0.1877
2026-02-11T01:53:32+01:00,7055,2852004,875700,1250084,708929,218,119,16954,3.466832,0.1905
2026-02-11T01:53:37+01:00,7060,2854005,877548,1250084,708929,265,120,17059,3.466832,0.1935
2026-02-11T01:53:42+01:00,7065,2856006,879315,1250085,708933,282,153,17238,3.466832,0.1964
2026-02-11T01:53:47+01:00,7070,2858004,880997,1250082,708933,327,192,17473,3.499984,0.1991
2026-02-11T01:53:52+01:00,7075,2860005,882671,1250083,708936,388,225,17702,3.499984,0.2018
2026-02-11T01:53:57+01:00,7080,2862003,884320,1250084,709173,218,233,17975,3.499984,0.2044
2026-02-11T01:54:02+01:00,7085,2864004,886000,1250070,709507,0,186,18241,3.499984,0.2071
2026-02-11T01:54:07+01:00,7090,2866003,847693,1290060,709824,0,0,18426,3.525498,0.0962
2026-02-11T01:54:12+01:00,7095,2868013,848921,1290059,710607,0,0,18426,3.333942,0.0984
2026-02-11T01:54:17+01:00,7100,2870013,849914,1290057,711243,220,153,18426,3.341740,0.1002
2026-02-11T01:54:22+01:00,7105,2872011,850919,1290057,711782,229,175,18849,3.346839,0.1020
2026-02-11T01:54:27+01:00,7110,2874011,851919,1290056,712305,0,283,19448,3.351942,0.1037
2026-02-11T01:54:32+01:00,7115,2876013,852919,1290056,712738,320,123,19857,3.357043,0.1055
2026-02-11T01:54:37+01:00,7120,2878012,853914,1290057,712784,547,243,20467,3.362146,0.1073
2026-02-11T01:54:42+01:00,7125,2880009,854930,1290056,713720,0,248,21055,3.367245,0.1091
2026-02-11T01:54:47+01:00,7130,2882010,855931,1290055,714574,147,0,21303,3.372348,0.1108
2026-02-11T01:54:52+01:00,7135,2884011,856945,1290052,715564,0,0,21450,3.377449,0.1126
2026-02-11T01:54:57+01:00,7140,2886008,857957,1290043,716558,0,0,21450,3.382552,0.1144
2026-02-11T01:55:02+01:00,7145,2888005,858952,1290039,717564,0,0,21450,3.387655,0.1162
2026-02-11T01:55:07+01:00,7150,2890010,859960,1290039,718561,0,0,21450,3.392755,0.1179
2026-02-11T01:55:12+01:00,7155,2892005,860978,1290027,719550,0,0,21450,3.397857,0.1197
2026-02-11T01:55:17+01:00,7160,2894012,861977,1290037,719660,359,529,21450,3.402961,0.1214
2026-02-11T01:55:22+01:00,7165,2896010,862994,1290030,719965,446,1125,21450,3.408060,0.1232
2026-02-11T01:55:27+01:00,7170,2898008,864008,1290038,720940,0,589,22433,3.408060,0.1249
2026-02-11T01:55:32+01:00,7175,2900008,865018,1290043,721925,0,0,23022,3.413161,0.1267
2026-02-11T01:55:37+01:00,7180,2902004,866416,1290043,722396,127,0,23022,3.418265,0.1291
2026-02-11T01:55:42+01:00,7185,2904013,868171,1290042,722397,191,190,23022,3.418265,0.1321
2026-02-11T01:55:47+01:00,7190,2906010,869192,1290043,723195,0,361,23219,3.438790,0.1338
2026-02-11T01:55:52+01:00,7195,2908015,870181,1290044,723973,210,27,23580,3.446390,0.1355
2026-02-11T01:55:57+01:00,7200,2910012,871175,1290051,724876,0,80,23830,3.451430,0.1372
2026-02-11T01:56:02+01:00,7205,2912011,872173,1290050,725878,0,0,23910,3.453912,0.1389
2026-02-11T01:56:07+01:00,7210,2914009,873155,1290050,726894,0,0,23910,3.459084,0.1406
2026-02-11T01:56:12+01:00,7215,2916007,874356,1290048,727693,0,0,23910,3.461564,0.1426
2026-02-11T01:56:17+01:00,7220,2918008,875346,1290053,728699,0,0,23910,3.471927,0.1443
2026-02-11T01:56:22+01:00,7225,2920008,876342,1290053,729703,0,0,23910,3.476939,0.1459
2026-02-11T01:56:27+01:00,7230,2922008,877346,1290052,730700,0,0,23910,3.482040,0.1476
2026-02-11T01:56:32+01:00,7235,2924008,878357,1290053,731688,0,0,23910,3.487142,0.1493
2026-02-11T01:56:37+01:00,7240,2926010,879357,1290052,732691,0,0,23910,3.492242,0.1510
2026-02-11T01:56:42+01:00,7245,2928010,880359,1290052,733689,0,0,23910,3.497344,0.1527
2026-02-11T01:56:47+01:00,7250,2930014,881372,1290041,734691,0,0,23910,3.502448,0.1544
2026-02-11T01:56:52+01:00,7255,2932007,842445,1329973,734819,416,444,23910,3.507549,0.0393
2026-02-11T01:56:57+01:00,7260,2934010,843466,1329973,735145,444,1072,23910,3.303589,0.0412
2026-02-11T01:57:02+01:00,7265,2936011,844490,1329974,736122,0,811,24614,3.313676,0.0431
2026-02-11T01:57:07+01:00,7270,2938012,845523,1329973,736199,361,562,25394,3.318776,0.0451
2026-02-11T01:57:12+01:00,7275,2940011,846533,1329973,737188,0,118,26199,3.323878,0.0470
2026-02-11T01:57:17+01:00,7280,2942011,847543,1329972,738180,0,0,26316,3.328983,0.0488
2026-02-11T01:57:22+01:00,7285,2944009,848559,1329970,739164,0,0,26316,3.334083,0.0507
2026-02-11T01:57:27+01:00,7290,2946012,849580,1329969,739458,265,424,26316,3.339184,0.0526
2026-02-11T01:57:32+01:00,7295,2948004,850916,1329968,740114,0,357,26649,3.344277,0.0551
2026-02-11T01:57:37+01:00,7300,2950004,852625,1329968,740405,0,127,26879,3.344277,0.0582
2026-02-11T01:57:42+01:00,7305,2952003,854313,1329968,740717,0,0,27005,3.344277,0.0613
2026-02-11T01:57:47+01:00,7310,2954004,856010,1329973,741016,0,0,27005,3.344277,0.0643
2026-02-11T01:57:52+01:00,7315,2956004,857712,1329968,741319,0,0,27005,3.372436,0.0674
2026-02-11T01:57:57+01:00,7320,2958003,859437,1329967,741594,0,0,27005,3.372436,0.0705
2026-02-11T01:58:02+01:00,7325,2960004,861116,1329968,741915,0,0,27005,3.372436,0.0736
2026-02-11T01:58:07+01:00,7330,2962003,862843,1329967,742188,0,0,27005,3.405637,0.0767
2026-02-11T01:58:12+01:00,7335,2964004,864570,1329968,742461,0,0,27005,3.405637,0.0797
2026-02-11T01:58:17+01:00,7340,2966004,866285,1329968,742746,0,0,27005,3.405637,0.0828
2026-02-11T01:58:22+01:00,7345,2968004,867984,1329969,743046,0,0,27005,3.433648,0.0858
2026-02-11T01:58:27+01:00,7350,2970006,869690,1329969,743277,65,0,27005,3.433648,0.0888
2026-02-11T01:58:32+01:00,7355,2972004,871385,1329969,743276,369,0,27005,3.433648,0.0918
2026-02-11T01:58:37+01:00,7360,2974006,873138,1329969,743280,471,143,27005,3.433648,0.0948
2026-02-11T01:58:42+01:00,7365,2976003,874853,1329968,743525,222,316,27119,3.466847,0.0978
2026-02-11T01:58:47+01:00,7370,2978005,876521,1329969,743859,0,272,27384,3.466847,0.1007
2026-02-11T01:58:52+01:00,7375,2980003,878173,1329968,744206,0,0,27656,3.466847,0.1036
2026-02-11T01:58:57+01:00,7380,2982005,879834,1329967,744548,0,0,27656,3.492332,0.1064
2026-02-11T01:59:02+01:00,7385,2984003,881498,1329967,744880,2,0,27656,3.492332,0.1093
2026-02-11T01:59:07+01:00,7390,2986007,883000,1329917,745432,2,0,27656,3.492332,0.1119
2026-02-11T01:59:12+01:00,7395,2988010,844045,1369881,746426,0,2,27656,3.510159,0.0050
2026-02-11T01:59:17+01:00,7400,2990013,845045,1369880,747430,0,2,27656,3.306101,0.0030
2026-02-11T01:59:22+01:00,7405,2992009,846035,1369880,748436,0,2,27656,3.316229,0.0011
2026-02-11T01:59:27+01:00,7410,2994010,847040,1369875,749437,0,0,27658,3.321332,0.0008
2026-02-11T01:59:32+01:00,7415,2996009,848037,1369869,750445,0,0,27658,3.326431,0.0027
2026-02-11T01:59:37+01:00,7420,2998010,849028,1369870,751454,0,0,27658,3.331536,0.0046
2026-02-11T01:59:42+01:00,7425,3000009,850124,1369869,752358,0,0,27658,3.336637,0.0067
2026-02-11T01:59:47+01:00,7430,3002008,851146,1369857,753347,0,0,27658,3.341725,0.0086
2026-02-11T01:59:52+01:00,7435,3004019,852153,1369859,754349,0,0,27658,3.346839,0.0105
2026-02-11T01:59:57+01:00,7440,3006011,853142,1369856,755355,0,0,27658,3.351942,0.0124
2026-02-11T02:00:02+01:00,7445,3008008,854161,1369843,755814,532,0,27658,3.357044,0.0143
2026-02-11T02:00:07+01:00,7450,3010011,855176,1369844,756189,1144,0,27658,3.362143,0.0162
2026-02-11T02:00:12+01:00,7455,3012010,856173,1369849,757186,507,637,27658,3.367248,0.0181
2026-02-11T02:00:17+01:00,7460,3014013,857161,1369850,757872,242,1230,27658,3.372347,0.0199
2026-02-11T02:00:22+01:00,7465,3016013,858185,1369849,758443,63,1605,27868,3.377452,0.0218
2026-02-11T02:00:27+01:00,7470,3018009,859198,1369848,759428,0,877,28658,3.382552,0.0237
2026-02-11T02:00:32+01:00,7475,3020010,860209,1369855,760411,0,0,29535,3.387654,0.0256
2026-02-11T02:00:37+01:00,7480,3022013,861229,1369853,761396,0,0,29535,3.395372,0.0275
2026-02-11T02:00:42+01:00,7485,3024009,862257,1369849,761964,404,0,29535,3.400407,0.0294
2026-02-11T02:00:47+01:00,7490,3026010,863255,1369843,762973,404,0,29535,3.405509,0.0312
2026-02-11T02:00:52+01:00,7495,3028009,864395,1369842,763833,0,404,29535,3.413230,0.0333
2026-02-11T02:00:57+01:00,7500,3030009,865399,1369838,764833,0,404,29535,3.420862,0.0351
2026-02-11T02:01:02+01:00,7505,3032008,866380,1369844,765845,0,404,29535,3.425920,0.0369
2026-02-11T02:01:07+01:00,7510,3034010,867382,1369845,766844,0,0,29939,3.431022,0.0387
2026-02-11T02:01:12+01:00,7515,3036014,868373,1369842,767860,0,0,29939,3.436123,0.0406
2026-02-11T02:01:17+01:00,7520,3038009,869401,1369847,768822,0,0,29939,3.441224,0.0424
2026-02-11T02:01:22+01:00,7525,3040014,870421,1369849,769527,278,0,29939,3.446324,0.0443
2026-02-11T02:01:27+01:00,7530,3042013,871427,1369848,769552,724,523,29939,3.451425,0.0461
2026-02-11T02:01:32+01:00,7535,3044009,872449,1369847,770043,420,1311,29939,3.456529,0.0479
2026-02-11T02:01:37+01:00,7540,3046009,873461,1369841,771037,0,1420,30250,3.461630,0.0497
2026-02-11T02:01:42+01:00,7545,3048013,874482,1369842,771446,573,625,31045,3.466732,0.0516
2026-02-11T02:01:47+01:00,7550,3050011,875492,1369841,771659,560,603,31856,3.471835,0.0534
2026-02-11T02:01:52+01:00,7555,3052009,876497,1369841,772649,0,363,32659,3.476936,0.0552
2026-02-11T02:01:57+01:00,7560,3054009,877519,1369832,773637,0,0,33021,3.482038,0.0570
2026-02-11T02:02:02+01:00,7565,3056013,878518,1369830,774644,0,0,33021,3.487141,0.0588
2026-02-11T02:02:07+01:00,7570,3058009,879522,1369827,775639,0,0,33021,3.492243,0.0606
2026-02-11T02:02:12+01:00,7575,3060003,881229,1369827,775926,0,0,33021,3.492243,0.0636
2026-02-11T02:02:17+01:00,7580,3062003,842961,1409797,776224,0,0,33021,3.507594,0.0544
2026-02-11T02:02:22+01:00,7585,3064004,844680,1409796,776507,0,0,33021,3.507594,0.0510
2026-02-11T02:02:27+01:00,7590,3066003,846356,1409796,776830,0,0,33021,3.507594,0.0477
2026-02-11T02:02:32+01:00,7595,3068004,848040,1409800,776888,255,0,33021,3.507594,0.0444
2026-02-11T02:02:37+01:00,7600,3070007,849693,1409798,776916,498,81,33021,3.329995,0.0412
2026-02-11T02:02:42+01:00,7605,3072005,851378,1409798,776925,488,395,33021,3.329995,0.0379
2026-02-11T02:02:47+01:00,7610,3074005,853051,1409800,776923,555,655,33021,3.329995,0.0346
2026-02-11T02:02:52+01:00,7615,3076013,854345,1409799,777371,304,1173,33021,3.357131,0.0321
2026-02-11T02:02:57+01:00,7620,3078013,855362,1409791,778362,0,1237,33261,3.369948,0.0301
2026-02-11T02:03:02+01:00,7625,3080009,856380,1409790,779341,0,448,34050,3.374898,0.0282
2026-02-11T02:03:07+01:00,7630,3082010,857405,1409790,780317,1,0,34497,3.380000,0.0262
2026-02-11T02:03:12+01:00,7635,3084009,858388,1409796,781327,0,0,34498,3.385103,0.0243
2026-02-11T02:03:17+01:00,7640,3086009,859379,1409791,782341,0,0,34498,3.390206,0.0224
2026-02-11T02:03:22+01:00,7645,3088009,860410,1409789,783312,0,0,34498,3.395310,0.0205
2026-02-11T02:03:27+01:00,7650,3090005,861617,1409790,783716,384,0,34498,3.400405,0.0182
2026-02-11T02:03:32+01:00,7655,3092005,863335,1409790,783777,521,84,34498,3.400405,0.0149
2026-02-11T02:03:37+01:00,7660,3094003,865064,1409792,784045,250,354,34498,3.400405,0.0117
2026-02-11T02:03:42+01:00,7665,3096004,866799,1409790,784312,22,547,34534,3.418297,0.0084
2026-02-11T02:03:47+01:00,7670,3098004,868555,1409790,784507,50,324,34778,3.418297,0.0051
2026-02-11T02:03:52+01:00,7675,3100004,870285,1409790,784759,0,122,35048,3.418297,0.0019
2026-02-11T02:03:57+01:00,7680,3102006,872000,1409791,785045,0,0,35170,3.454097,0.0013
2026-02-11T02:04:02+01:00,7685,3104003,873706,1409787,785340,0,0,35170,3.454097,0.0045
2026-02-11T02:04:07+01:00,7690,3106005,875390,1409788,785657,0,0,35170,3.454097,0.0076
2026-02-11T02:04:12+01:00,7695,3108003,877104,1409790,785939,0,0,35170,3.454097,0.0107
2026-02-11T02:04:17+01:00,7700,3110004,878856,1409786,786192,0,0,35170,3.487266,0.0139
2026-02-11T02:04:22+01:00,7705,3112003,880588,1409785,786460,0,0,35170,3.487266,0.0171
2026-02-11T02:04:27+01:00,7710,3114005,882263,1409786,786526,183,51,35196,3.487266,0.0201
2026-02-11T02:04:32+01:00,7715,3116008,843971,1449764,786525,249,120,35379,3.512715,0.0998
2026-02-11T02:04:37+01:00,7720,3118005,845649,1449763,786528,310,149,35606,3.512715,0.0963
2026-02-11T02:04:42+01:00,7725,3120006,847364,1449763,786537,366,142,35834,3.512715,0.0929
2026-02-11T02:04:47+01:00,7730,3122006,849023,1409793,826506,404,182,36098,3.512715,0.0425
2026-02-11T02:04:52+01:00,7735,3124005,850690,1409790,826506,438,271,36310,1.667528,0.0392
2026-02-11T02:04:57+01:00,7740,3126004,852355,1409790,826702,308,260,36589,1.667528,0.0360
2026-02-11T02:05:02+01:00,7745,3128016,853921,1409778,827161,0,292,36864,1.679837,0.0329
2026-02-11T02:05:07+01:00,7750,3130013,854917,1409777,827237,558,82,37442,1.682348,0.0310
2026-02-11T02:05:12+01:00,7755,3132013,855920,1409777,827242,763,249,38062,1.684899,0.0291
2026-02-11T02:05:17+01:00,7760,3134016,856937,1409779,827848,354,442,38656,1.687449,0.0271
2026-02-11T02:05:22+01:00,7765,3136012,857927,1409773,827853,695,330,39434,1.690002,0.0252
2026-02-11T02:05:27+01:00,7770,3138011,858957,1409763,827898,882,454,40057,1.692550,0.0232
2026-02-11T02:05:32+01:00,7775,3140013,859975,1409759,828084,795,559,40841,1.695102,0.0213
2026-02-11T02:05:37+01:00,7780,3142011,861001,1409764,828128,839,662,41617,1.698960,0.0193
2026-02-11T02:05:42+01:00,7785,3144015,862090,1409765,828832,331,643,42354,1.698960,0.0173
2026-02-11T02:05:47+01:00,7790,3146011,863117,1409764,828895,617,501,43117,1.701475,0.0153
2026-02-11T02:05:52+01:00,7795,3148012,864106,1409763,829219,516,624,43784,1.704031,0.0134
2026-02-11T02:05:57+01:00,7800,3150012,865110,1409772,830091,37,491,44511,1.706582,0.0116
2026-02-11T02:06:02+01:00,7805,3152010,866125,1409771,830421,307,160,45226,1.709133,0.0096
2026-02-11T02:06:07+01:00,7810,3154015,867142,1409770,830953,275,170,45705,1.711683,0.0077
2026-02-11T02:06:12+01:00,7815,3156016,868149,1409770,831027,488,258,46324,1.714234,0.0058
2026-02-11T02:06:17+01:00,7820,3158008,869164,1409768,831908,1,254,46913,1.716785,0.0039
2026-02-11T02:06:22+01:00,7825,3160018,870166,1409774,832861,11,0,47206,1.719336,0.0021
2026-02-11T02:06:27+01:00,7830,3162008,871165,1409775,833805,0,0,47263,1.721888,0.0002
2026-02-11T02:06:32+01:00,7835,3164014,872174,1409773,834545,156,53,47313,1.724438,0.0016
2026-02-11T02:06:37+01:00,7840,3166016,873189,1409773,834564,533,234,47723,1.726989,0.0035
2026-02-11T02:06:42+01:00,7845,3168011,874396,1409767,834590,699,242,48317,1.729541,0.0058
2026-02-11T02:06:47+01:00,7850,3170007,876051,1409767,834593,695,293,48608,1.729541,0.0088
2026-02-11T02:06:52+01:00,7855,3171507,877152,1409765,834871,486,304,48929,1.737231,0.0108
2026-02-11T02:06:57+01:00,7860,3173505,878815,1409765,835178,180,369,49198,1.737231,0.0139
2026-02-11T02:07:02+01:00,7865,3175507,880433,1409765,835251,186,371,49501,1.748719,0.0168
2026-02-11T02:07:07+01:00,7870,3177508,882027,1409765,835460,152,267,49837,1.748719,0.0197
2026-02-11T02:07:12+01:00,7875,3179507,883637,1409768,835506,180,266,50150,1.748719,0.0226
2026-02-11T02:07:17+01:00,7880,3181508,845279,1449732,835650,203,138,50506,1.757628,0.0971
2026-02-11T02:07:22+01:00,7885,3183509,846789,1449733,835835,132,213,50807,1.757628,0.0940
2026-02-11T02:07:27+01:00,7890,3185509,848404,1409765,876042,93,77,51128,1.665964,0.0436
2026-02-11T02:07:32+01:00,7895,3187506,849900,1409764,876134,176,162,51370,1.665964,0.0407
2026-02-11T02:07:37+01:00,7900,3189506,851396,1409763,876288,215,106,51738,1.674725,0.0378
2026-02-11T02:07:42+01:00,7905,3191513,852618,1409771,876284,425,278,52137,1.674725,0.0354
2026-02-11T02:07:47+01:00,7910,3193512,853626,1409772,876390,666,228,52830,1.678530,0.0335
2026-02-11T02:07:52+01:00,7915,3195514,854646,1409769,876731,574,374,53420,1.681072,0.0315
2026-02-11T02:07:57+01:00,7920,3197513,855672,1409769,877215,288,359,54210,1.683622,0.0295
2026-02-11T02:08:02+01:00,7925,3199512,856682,1409769,877338,548,364,54811,1.686174,0.0276
2026-02-11T02:08:07+01:00,7930,3201511,857701,1409771,877469,615,350,55605,1.688724,0.0256
2026-02-11T02:08:12+01:00,7935,3203513,858728,1409771,878317,116,308,56273,1.691275,0.0237
2026-02-11T02:08:17+01:00,7940,3205510,859739,1409765,878365,495,171,56975,1.693826,0.0217
2026-02-11T02:08:22+01:00,7945,3207509,860751,1409763,878848,205,350,57592,1.696378,0.0198
2026-02-11T02:08:27+01:00,7950,3209509,861756,1409754,879750,1,60,58188,1.698929,0.0179
2026-02-11T02:08:32+01:00,7955,3211513,862749,1409751,879971,384,156,58502,1.701480,0.0160
2026-02-11T02:08:37+01:00,7960,3213511,863749,1409750,880009,663,327,59013,1.704032,0.0141
2026-02-11T02:08:42+01:00,7965,3215512,864773,1409743,880177,683,358,59778,1.706581,0.0122
2026-02-11T02:08:47+01:00,7970,3217514,865800,1409741,880341,708,522,60402,1.709132,0.0102
2026-02-11T02:08:52+01:00,7975,3219510,866823,1409743,880449,782,575,61138,1.711682,0.0083
2026-02-11T02:08:57+01:00,7980,3221512,867858,1409742,881395,36,563,61918,1.714233,0.0064
2026-02-11T02:09:02+01:00,7985,3223514,868848,1409742,882402,2,0,62520,1.716785,0.0045
2026-02-11T02:09:07+01:00,7990,3225512,869852,1409743,883241,9,64,62603,1.719337,0.0026
2026-02-11T02:09:12+01:00,7995,3227510,870874,1409739,884191,3,0,62703,1.721887,0.0007
2026-02-11T02:09:17+01:00,8000,3229516,871889,1409736,885185,0,0,62706,1.724438,0.0012
2026-02-11T02:09:22+01:00,8005,3231508,872888,1409732,885711,286,53,62838,1.726989,0.0030
2026-02-11T02:09:27+01:00,8010,3233514,873905,1409732,885759,467,338,63313,1.730848,0.0049
2026-02-11T02:09:32+01:00,8015,3235521,874924,1409735,885934,578,431,63919,1.733366,0.0068
2026-02-11T02:09:37+01:00,8020,3237510,875941,1409729,886551,254,333,64702,1.735916,0.0086
2026-02-11T02:09:42+01:00,8025,3239510,876953,1409728,887525,15,0,65289,1.738468,0.0105
2026-02-11T02:09:47+01:00,8030,3241514,877977,1409725,888503,0,0,65309,1.741020,0.0124
2026-02-11T02:09:52+01:00,8035,3243509,878973,1409728,889475,0,0,65333,1.744880,0.0142
2026-02-11T02:09:57+01:00,8040,3245510,879967,1409738,890402,0,0,65403,1.747397,0.0160
2026-02-11T02:10:02+01:00,8045,3247515,880956,1409735,890906,289,133,65496,1.749948,0.0178
2026-02-11T02:10:07+01:00,8050,3249513,881965,1409735,890925,667,195,66026,1.751190,0.0196
2026-02-11T02:10:12+01:00,8055,3251513,843052,1449678,890930,857,305,66691,1.755083,0.1015
2026-02-11T02:10:17+01:00,8060,3253513,844118,1409747,930867,1038,414,67329,1.654425,0.0520
2026-02-11T02:10:22+01:00,8065,3255514,845137,1409747,930872,1205,513,68040,1.659387,0.0500
2026-02-11T02:10:27+01:00,8070,3257513,846170,1409742,930880,1399,504,68818,1.661939,0.0480
2026-02-11T02:10:32+01:00,8075,3259516,847193,1409743,930885,1580,508,69607,1.664489,0.0460
2026-02-11T02:10:37+01:00,8080,3261514,848209,1409742,930886,2559,0,70118,1.667042,0.0440
2026-02-11T02:10:42+01:00,8085,3263515,849227,1409744,930891,3350,185,70118,1.669592,0.0420
2026-02-11T02:10:47+01:00,8090,3265505,850488,1409748,930887,3551,290,70541,1.672132,0.0395
2026-02-11T02:10:52+01:00,8095,3267507,852226,1409748,930888,3658,236,70751,1.672132,0.0362
2026-02-11T02:10:57+01:00,8100,3269506,853947,1409748,930888,3714,243,70966,1.672132,0.0328
2026-02-11T02:11:02+01:00,8105,3271508,855659,1409750,930886,3771,244,71198,1.672132,0.0295
2026-02-11T02:11:07+01:00,8110,3273504,857403,1409748,930888,3964,73,71428,1.690064,0.0262
2026-02-11T02:11:12+01:00,8115,3275507,859140,1409748,930889,4126,41,71563,1.690064,0.0228
2026-02-11T02:11:17+01:00,8120,3277505,860858,1409748,930889,4300,24,71686,1.690064,0.0196
2026-02-11T02:11:22+01:00,8125,3279507,862577,1409750,930887,4471,32,71790,1.690064,0.0163
2026-02-11T02:11:27+01:00,8130,3281505,864315,1409747,930891,4685,0,71867,1.704063,0.0130
2026-02-11T02:11:32+01:00,8135,3283506,866002,1409748,930890,4999,0,71867,1.704063,0.0098
2026-02-11T02:11:37+01:00,8140,3285513,867390,1409748,930896,5612,0,71867,1.715561,0.0072
2026-02-11T02:11:42+01:00,8145,3287516,868403,1409749,930901,6263,200,72000,1.718060,0.0053
2026-02-11T02:11:47+01:00,8150,3289510,869412,1409748,930910,7240,0,72200,1.720611,0.0035
2026-02-11T02:11:52+01:00,8155,3291513,870426,1409746,930916,8225,0,72200,1.723163,0.0016
2026-02-11T02:11:57+01:00,8160,3293513,871425,1409748,930921,9219,0,72200,1.725714,0.0003
2026-02-11T02:12:02+01:00,8165,3295513,872425,1409746,930929,10213,0,72200,1.728265,0.0021
2026-02-11T02:12:07+01:00,8170,3297516,873421,1409736,930947,11212,0,72200,1.730816,0.0040
2026-02-11T02:12:12+01:00,8175,3299512,874419,1409731,930959,12203,0,72200,1.733368,0.0058
2026-02-11T02:12:17+01:00,8180,3301513,875571,1409739,930952,13051,0,72200,1.733368,0.0080
2026-02-11T02:12:22+01:00,8185,3303512,876584,1409738,930956,14034,0,72200,1.735909,0.0098
2026-02-11T02:12:27+01:00,8190,3305512,877611,1409735,930963,15003,0,72200,1.738468,0.0117
2026-02-11T02:12:32+01:00,8195,3307518,878621,1409734,930971,15992,0,72200,1.742327,0.0135
2026-02-11T02:12:37+01:00,8200,3309514,879627,1409736,930976,16975,0,72200,1.744846,0.0154
2026-02-11T02:12:42+01:00,8205,3311512,880648,1409736,930982,17946,0,72200,1.747397,0.0172
2026-02-11T02:12:47+01:00,8210,3313518,881667,1409734,930989,18928,0,72200,1.749947,0.0191
2026-02-11T02:12:52+01:00,8215,3315513,882662,1409735,930995,19921,0,72200,1.752499,0.0209
2026-02-11T02:12:57+01:00,8220,3357505,843767,1449737,970936,20865,0,72200,1.755049,0.1001
2026-02-11T02:13:02+01:00,8225,3319513,844796,1409726,970957,21834,0,72200,1.653106,0.0507
2026-02-11T02:13:07+01:00,8230,3321512,845809,1409720,970968,22815,0,72200,1.658113,0.0487
2026-02-11T02:13:12+01:00,8235,3323512,846838,1409719,970974,23781,0,72200,1.660664,0.0467
2026-02-11T02:13:17+01:00,8240,3325513,847838,1409717,970979,24779,0,72200,1.663214,0.0447
2026-02-11T02:13:22+01:00,8245,3327511,848864,1409717,970986,25744,0,72200,1.665766,0.0427
2026-02-11T02:13:27+01:00,8250,3329513,849884,1409718,970992,26719,0,72200,1.668317,0.0407
2026-02-11T02:13:32+01:00,8255,3331516,850899,1409720,970996,27701,0,72200,1.670868,0.0387
2026-02-11T02:13:37+01:00,8260,3333513,851900,1409718,971003,28692,0,72200,1.673419,0.0368
2026-02-11T02:13:42+01:00,8265,3335511,853010,1409719,971009,29573,0,72200,1.675970,0.0346
2026-02-11T02:13:47+01:00,8270,3337513,854126,1409717,971016,30454,0,72200,1.682425,0.0324
2026-02-11T02:13:52+01:00,8275,3339513,855149,1409718,971023,31423,0,72200,1.684896,0.0305
2026-02-11T02:13:57+01:00,8280,3341510,856813,1409718,971023,31756,0,72200,1.684896,0.0273
2026-02-11T02:14:02+01:00,8285,3343513,857818,1409719,971027,32749,0,72200,1.688719,0.0253
2026-02-11T02:14:07+01:00,8290,3345520,858832,1409719,971034,33735,0,72200,1.691276,0.0234
2026-02-11T02:14:12+01:00,8295,3347512,859848,1409719,971040,34705,0,72200,1.693828,0.0215
2026-02-11T02:14:17+01:00,8300,3349514,860854,1409724,971042,35694,0,72200,1.696377,0.0196
2026-02-11T02:14:22+01:00,8305,3351517,861878,1409725,971048,36666,0,72200,1.698928,0.0176
2026-02-11T02:14:27+01:00,8310,3353509,862907,1409725,971053,37624,0,72200,1.701479,0.0157
2026-02-11T02:14:32+01:00,8315,3355513,863921,1409726,971060,38606,0,72200,1.704030,0.0137
2026-02-11T02:14:37+01:00,8320,3357513,864936,1409726,971068,39583,0,72200,1.706581,0.0118
2026-02-11T02:14:42+01:00,8325,3359514,865947,1409726,971076,40565,0,72200,1.709132,0.0099
2026-02-11T02:14:47+01:00,8330,3361512,866945,1409726,971081,41560,0,72200,1.711684,0.0081
2026-02-11T02:14:52+01:00,8335,3363504,868105,1409726,971087,42386,0,72200,1.714235,0.0059
2026-02-11T02:14:57+01:00,8340,3365507,869822,1409726,971088,42671,0,72200,1.714235,0.0027
2026-02-11T02:15:02+01:00,8345,3367504,871530,1409728,971084,42962,0,72200,1.714235,0.0005
2026-02-11T02:15:07+01:00,8350,3369505,873248,1409727,971088,43242,0,72200,1.725762,0.0037
2026-02-11T02:15:12+01:00,8355,3371505,874942,1409727,971088,43548,0,72200,1.725762,0.0068
2026-02-11T02:15:17+01:00,8360,3373504,876637,1409731,971084,43852,0,72200,1.725762,0.0099
2026-02-11T02:15:22+01:00,8365,3375504,878341,1409728,971088,44147,0,72200,1.739788,0.0130
2026-02-11T02:15:27+01:00,8370,3377504,880071,1409729,971088,44416,0,72200,1.739788,0.0162
2026-02-11T02:15:32+01:00,8375,3379506,881782,1409729,971088,44707,0,72200,1.739788,0.0193
2026-02-11T02:15:37+01:00,8380,3381504,883500,1409722,971084,44998,0,72200,1.739788,0.0224
2026-02-11T02:15:42+01:00,8385,3383503,845246,1449714,971088,45255,0,72200,1.756384,0.0971
2026-02-11T02:15:47+01:00,8390,3385506,846943,1449715,971088,45560,0,72200,1.756384,0.0937
2026-02-11T02:15:52+01:00,8395,3387505,848630,1409741,1011061,45873,0,72200,1.756384,0.0432
2026-02-11T02:15:57+01:00,8400,3389505,850299,1409739,1011066,46201,0,72200,1.667580,0.0399
2026-02-11T02:16:02+01:00,8405,3391505,851941,1409739,1011066,46559,0,72200,1.667580,0.0367
2026-02-11T02:16:07+01:00,8410,3393505,853601,1409742,1011064,46898,0,72200,1.667580,0.0335
2026-02-11T02:16:12+01:00,8415,3395506,855267,1409740,1011068,47231,0,72200,1.681124,0.0303
2026-02-11T02:16:17+01:00,8420,3397519,856742,1409747,1011060,47770,0,72200,1.681124,0.0274
2026-02-11T02:16:22+01:00,8425,3399508,857763,1409740,1011065,48740,0,72200,1.688762,0.0255
2026-02-11T02:16:27+01:00,8430,3401513,858766,1409744,1011076,49727,0,72200,1.691276,0.0236
2026-02-11T02:16:32+01:00,8435,3403514,859771,1409745,1011082,50716,0,72200,1.693827,0.0216
2026-02-11T02:16:37+01:00,8440,3405513,860766,1409747,1011088,51712,0,72200,1.696378,0.0197
2026-02-11T02:16:42+01:00,8445,3407512,861795,1409747,1011093,52677,0,72200,1.698929,0.0178
2026-02-11T02:16:47+01:00,8450,3409516,862807,1409748,1011099,53662,0,72200,1.701479,0.0159
2026-02-11T02:16:52+01:00,8455,3411513,863802,1409750,1011105,54656,0,72200,1.704031,0.0140
2026-02-11T02:16:57+01:00,8460,3413515,864796,1409748,1011113,55658,0,72200,1.706581,0.0121
2026-02-11T02:17:02+01:00,8465,3415514,865820,1409749,1011118,56627,0,72200,1.709134,0.0102
2026-02-11T02:17:07+01:00,8470,3417514,866819,1409751,1011123,57621,0,72200,1.711683,0.0083
2026-02-11T02:17:12+01:00,8475,3419514,867841,1409752,1011130,58591,0,72200,1.714234,0.0064
2026-02-11T02:17:17+01:00,8480,3421512,868866,1409753,1011133,59560,0,72200,1.716784,0.0045
2026-02-11T02:17:22+01:00,8485,3423514,869888,1409755,1011142,60529,0,72200,1.719335,0.0026
2026-02-11T02:17:27+01:00,8490,3425513,870899,1409753,1011148,61513,0,72200,1.721886,0.0007
2026-02-11T02:17:32+01:00,8495,3427513,871928,1409754,1011153,62478,0,72200,1.724438,0.0012
2026-02-11T02:17:37+01:00,8500,3429513,872954,1409756,1011159,63444,0,72200,1.726988,0.0031
2026-02-11T02:17:42+01:00,8505,3431504,873999,1409757,1011164,64384,0,72200,1.729540,0.0050
2026-02-11T02:17:47+01:00,8510,3433513,875134,1409755,1011169,65255,0,72200,1.733386,0.0071
2026-02-11T02:17:52+01:00,8515,3435517,876126,1409755,1011178,66258,0,72200,1.735918,0.0090
2026-02-11T02:17:57+01:00,8520,3437512,877139,1409758,1011182,67233,0,72200,1.738468,0.0108
2026-02-11T02:18:02+01:00,8525,3439513,878151,1409758,1011189,68215,0,72200,1.741019,0.0127
2026-02-11T02:18:07+01:00,8530,3441516,879161,1409758,1011191,69206,0,72200,1.743571,0.0145
2026-02-11T02:18:12+01:00,8535,3443513,880168,1409763,1011191,70191,0,72200,1.747429,0.0163
2026-02-11T02:18:17+01:00,8540,3445513,881351,1409763,1011183,71016,0,72200,1.751241,0.0185
2026-02-11T02:18:22+01:00,8545,3447515,842433,1449696,1011189,71997,0,72200,1.753775,0.1028
2026-02-11T02:18:27+01:00,8550,3449514,843479,1409764,1051127,72944,0,72200,1.651854,0.0533
2026-02-11T02:18:32+01:00,8555,3451504,844676,1409766,1051138,73724,0,72200,1.651854,0.0510
2026-02-11T02:18:37+01:00,8560,3453504,846416,1409764,1051138,73986,0,72200,1.659403,0.0475
2026-02-11T02:18:42+01:00,8565,3455506,848119,1409765,1051142,74280,0,72200,1.659403,0.0442
2026-02-11T02:18:47+01:00,8570,3457505,849846,1409764,1051142,74553,0,72200,1.659403,0.0408
2026-02-11T02:18:52+01:00,8575,3459505,851582,1409765,1051139,74819,0,72200,1.659403,0.0374
2026-02-11T02:18:57+01:00,8580,3461505,853278,1409763,1051143,75121,0,72200,1.676025,0.0341
2026-02-11T02:19:02+01:00,8585,3463507,855000,1409763,1051145,75399,0,72200,1.676025,0.0308
2026-02-11T02:19:07+01:00,8590,3465505,856700,1409765,1051142,75698,0,72200,1.676025,0.0275
2026-02-11T02:19:12+01:00,8595,3467507,858376,1409764,1051142,76025,0,72200,1.688760,0.0243
2026-02-11T02:19:17+01:00,8600,3469504,860085,1409763,1051148,76308,0,72200,1.688760,0.0211
2026-02-11T02:19:22+01:00,8605,3471504,861798,1409763,1051147,76596,0,72200,1.688760,0.0178
2026-02-11T02:19:27+01:00,8610,3473505,863504,1409766,1051144,76891,0,72200,1.688760,0.0146
2026-02-11T02:19:32+01:00,8615,3475506,865260,1409763,1051149,77134,0,72200,1.705368,0.0113
2026-02-11T02:19:37+01:00,8620,3477505,867015,1409762,1051148,77380,0,72200,1.705368,0.0080
2026-02-11T02:19:42+01:00,8625,3479505,868686,1409765,1051146,77708,0,72200,1.705368,0.0048
2026-02-11T02:19:47+01:00,8630,3481505,870363,1409763,1051145,78034,0,72200,1.719373,0.0017
2026-02-11T02:19:52+01:00,8635,3483504,872015,1409763,1051150,78376,0,72200,1.719373,0.0014
2026-02-11T02:19:57+01:00,8640,3485506,873678,1409766,1051148,78714,0,72200,1.719373,0.0044
2026-02-11T02:20:02+01:00,8645,3487505,875339,1409763,1051148,79055,0,72200,1.732141,0.0075
2026-02-11T02:20:07+01:00,8650,3489503,877022,1409763,1051151,79367,0,72200,1.732141,0.0106
2026-02-11T02:20:12+01:00,8655,3491520,878137,1409765,1051157,80261,0,72200,1.739773,0.0126
2026-02-11T02:20:17+01:00,8660,3493513,879175,1409764,1051162,81212,0,72200,1.743601,0.0145
2026-02-11T02:20:22+01:00,8665,3495515,880191,1409764,1051168,82192,0,72200,1.746123,0.0164
2026-02-11T02:20:27+01:00,8670,3497515,881188,1409766,1051173,83188,0,72200,1.748671,0.0182
2026-02-11T02:20:32+01:00,8675,3499512,842475,1449703,1051165,83969,0,72200,1.753819,0.1027
2026-02-11T02:20:37+01:00,8680,3501507,844062,1449704,1051172,84369,0,72200,1.753819,0.0995
2026-02-11T02:20:43+01:00,8685,3543505,845779,1449722,1091152,84652,0,72200,1.753819,0.0960
2026-02-11T02:20:47+01:00,8690,3505503,847468,1409720,1091152,84963,0,72200,1.663627,0.0454
2026-02-11T02:20:52+01:00,8695,3507508,849073,1409720,1091160,85355,0,72200,1.663627,0.0423
2026-02-11T02:20:57+01:00,8700,3509507,850614,1409724,1091155,85814,0,72200,1.663627,0.0393
2026-02-11T02:21:02+01:00,8705,3511507,852163,1409719,1091163,86262,0,72200,1.672161,0.0362
2026-02-11T02:21:07+01:00,8710,3513509,853684,1409723,1091159,86743,0,72200,1.672161,0.0333
2026-02-11T02:21:12+01:00,8715,3515507,855200,1409719,1091167,87221,0,72200,1.679829,0.0304
2026-02-11T02:21:17+01:00,8720,3517508,856762,1409723,1091163,87660,0,72200,1.679829,0.0274
2026-02-11T02:21:22+01:00,8725,3519514,857859,1409715,1091177,88563,0,72200,1.687483,0.0253
2026-02-11T02:21:27+01:00,8730,3521513,858871,1409714,1091183,89545,0,72200,1.690001,0.0233
2026-02-11T02:21:32+01:00,8735,3523513,859882,1409714,1091190,90527,0,72200,1.692551,0.0214
2026-02-11T02:21:37+01:00,8740,3525516,860878,1409715,1091198,91525,0,72200,1.695103,0.0195
2026-02-11T02:21:42+01:00,8745,3527513,861877,1409718,1091205,92513,0,72200,1.697654,0.0176
2026-02-11T02:21:47+01:00,8750,3529514,862877,1409720,1091210,93507,0,72200,1.700205,0.0157
2026-02-11T02:21:52+01:00,8755,3531514,863877,1409719,1091219,94499,0,72200,1.702756,0.0138
2026-02-11T02:21:57+01:00,8760,3533513,864874,1409721,1091225,95493,0,72200,1.705307,0.0119
2026-02-11T02:22:02+01:00,8765,3535514,865883,1409721,1091231,96479,0,72200,1.707857,0.0100
2026-02-11T02:22:07+01:00,8770,3537515,866874,1409724,1091236,97481,0,72200,1.710409,0.0082
2026-02-11T02:22:12+01:00,8775,3539515,867857,1409725,1091243,98490,0,72200,1.712961,0.0063
2026-02-11T02:22:17+01:00,8780,3541515,868843,1409726,1091248,99498,0,72200,1.715511,0.0045
2026-02-11T02:22:22+01:00,8785,3543514,869852,1409726,1091254,100482,0,72200,1.718062,0.0026
2026-02-11T02:22:27+01:00,8790,3545516,870879,1409726,1091261,101450,0,72200,1.720611,0.0007
2026-02-11T02:22:32+01:00,8795,3547514,871975,1409724,1091266,102349,0,72200,1.724462,0.0013
2026-02-11T02:22:37+01:00,8800,3549515,872995,1409723,1091273,103324,0,72200,1.726989,0.0032
2026-02-11T02:22:42+01:00,8805,3551514,874009,1409726,1091280,104299,0,72200,1.729540,0.0051
2026-02-11T02:22:47+01:00,8810,3553514,875021,1409728,1091285,105280,0,72200,1.732091,0.0070
2026-02-11T02:22:52+01:00,8815,3555514,876019,1409725,1091291,106279,0,72200,1.734642,0.0088
2026-02-11T02:22:57+01:00,8820,3557514,877007,1409724,1091297,107286,0,72200,1.737194,0.0106
2026-02-11T02:23:02+01:00,8825,3559513,878017,1409724,1091302,108270,0,72200,1.739745,0.0125
2026-02-11T02:23:07+01:00,8830,3561515,879018,1409725,1091308,109264,0,72200,1.742295,0.0143
2026-02-11T02:23:12+01:00,8835,3563514,880036,1409723,1091313,110242,0,72200,1.744845,0.0161
2026-02-11T02:23:17+01:00,8840,3565513,881065,1409721,1091318,111209,0,72200,1.747395,0.0180
2026-02-11T02:23:22+01:00,8845,3567514,882095,1409724,1091327,112168,0,72200,1.749946,0.0199
2026-02-11T02:23:27+01:00,8850,3569515,883093,1409724,1091334,113164,0,72200,1.752498,0.0217
2026-02-11T02:23:32+01:00,8855,3571515,844191,1449658,1091341,114125,0,72200,1.755050,0.0992
2026-02-11T02:23:37+01:00,8860,3573512,845234,1409724,1131265,115089,0,72200,1.653122,0.0498
2026-02-11T02:23:42+01:00,8865,3575509,846273,1409727,1131271,116038,0,72200,1.659421,0.0478
2026-02-11T02:23:47+01:00,8870,3577514,847332,1409727,1131267,116988,0,72200,1.663243,0.0457
2026-02-11T02:23:52+01:00,8875,3579513,848342,1409727,1131272,117972,0,72200,1.665766,0.0437
2026-02-11T02:23:57+01:00,8880,3581514,849345,1409725,1131278,118966,0,72200,1.668318,0.0417
2026-02-11T02:24:02+01:00,8885,3583515,850351,1409724,1131285,119955,0,72200,1.670869,0.0398
2026-02-11T02:24:07+01:00,8890,3585514,851381,1409725,1131293,120915,0,72200,1.674727,0.0378
2026-02-11T02:24:12+01:00,8895,3587515,852390,1409728,1131297,121900,0,72200,1.677245,0.0358
2026-02-11T02:24:17+01:00,8900,3589515,853391,1409729,1131305,122890,0,72200,1.679797,0.0339
2026-02-11T02:24:22+01:00,8905,3591513,854416,1409731,1131311,123855,0,72200,1.682347,0.0319
2026-02-11T02:24:27+01:00,8910,3593505,856110,1409730,1131315,124150,0,72200,1.682347,0.0286
2026-02-11T02:24:32+01:00,8915,3595507,857830,1409731,1131315,124431,0,72200,1.682347,0.0253
2026-02-11T02:24:37+01:00,8920,3597506,859541,1409733,1131314,124718,0,72200,1.682347,0.0221
2026-02-11T02:24:42+01:00,8925,3599505,861255,1409728,1131314,125008,0,72200,1.695139,0.0188
2026-02-11T02:24:47+01:00,8930,3601505,862979,1409728,1131318,125280,0,72200,1.695139,0.0155
2026-02-11T02:24:52+01:00,8935,3603505,864707,1409730,1131315,125553,0,72200,1.695139,0.0123
2026-02-11T02:24:57+01:00,8940,3605505,866353,1409728,1131315,125909,0,72200,1.709175,0.0092
2026-02-11T02:25:02+01:00,8945,3607506,868011,1409728,1131321,126246,0,72200,1.709175,0.0061
2026-02-11T02:25:07+01:00,8950,3609505,869678,1409731,1131317,126579,0,72200,1.709175,0.0029
2026-02-11T02:25:12+01:00,8955,3611514,871005,1409722,1131330,127257,0,72200,1.721936,0.0005
2026-02-11T02:25:17+01:00,8960,3613513,872011,1409721,1131337,128244,0,72200,1.724439,0.0014
2026-02-11T02:25:22+01:00,8965,3615513,873006,1409724,1131341,129242,0,72200,1.726990,0.0032
2026-02-11T02:25:27+01:00,8970,3617514,874020,1409722,1131348,130224,0,72200,1.729540,0.0051
2026-02-11T02:25:32+01:00,8975,3619515,875031,1409723,1131354,131207,0,72200,1.732091,0.0070
2026-02-11T02:25:37+01:00,8980,3621514,876390,1409721,1131345,131858,0,72200,1.734641,0.0095
2026-02-11T02:25:42+01:00,8985,3623514,877411,1409724,1131349,132830,0,72200,1.739777,0.0113
2026-02-11T02:25:47+01:00,8990,3625515,878427,1409728,1131355,133805,0,72200,1.743602,0.0132
2026-02-11T02:25:52+01:00,8995,3627514,879439,1409728,1131363,134784,0,72200,1.746122,0.0150
2026-02-11T02:25:57+01:00,9000,3629515,880453,1409729,1131368,135765,0,72200,1.748672,0.0169
2026-02-11T02:26:02+01:00,9005,3631516,881454,1409728,1131374,136760,0,72200,1.751223,0.0187
2026-02-11T02:26:07+01:00,9010,3633511,882500,1409692,1131380,137739,0,72200,1.751223,0.0206
2026-02-11T02:26:12+01:00,9015,3635513,843569,1409730,1171319,138695,0,72200,1.753774,0.0531
2026-02-11T02:26:17+01:00,9020,3637515,844604,1409730,1171327,139654,0,72200,1.651855,0.0511
2026-02-11T02:26:22+01:00,9025,3639515,845627,1409730,1171332,140626,0,72200,1.656837,0.0490
2026-02-11T02:26:27+01:00,9030,3641516,846650,1409729,1171340,141597,0,72200,1.659389,0.0470
2026-02-11T02:26:32+01:00,9035,3643514,847667,1409729,1171346,142572,0,72200,1.661939,0.0450
2026-02-11T02:26:37+01:00,9040,3645512,848690,1409729,1171353,143540,0,72200,1.664490,0.0430
2026-02-11T02:26:42+01:00,9045,3647513,849779,1409726,1171357,144451,0,72200,1.667041,0.0409
2026-02-11T02:26:47+01:00,9050,3649504,851048,1409718,1171360,145178,0,72200,1.669585,0.0384
2026-02-11T02:26:52+01:00,9055,3651505,852769,1409721,1171357,145458,0,72200,1.669585,0.0351
2026-02-11T02:26:57+01:00,9060,3653505,854487,1409718,1171357,145743,0,72200,1.682411,0.0317
2026-02-11T02:27:02+01:00,9065,3655504,856206,1409718,1171356,146024,0,72200,1.682411,0.0284
2026-02-11T02:27:07+01:00,9070,3657504,857911,1409717,1171361,146315,0,72200,1.682411,0.0252
2026-02-11T02:27:12+01:00,9075,3659505,859607,1409720,1171359,146619,0,72200,1.682411,0.0219
2026-02-11T02:27:17+01:00,9080,3661506,861293,1409717,1171360,146936,0,72200,1.695134,0.0187
2026-02-11T02:27:22+01:00,9085,3663506,863036,1409716,1171364,147190,0,72200,1.695134,0.0154
2026-02-11T02:27:27+01:00,9090,3665506,864762,1409719,1171361,147464,0,72200,1.695134,0.0121
2026-02-11T02:27:32+01:00,9095,3667506,866470,1409717,1171361,147758,0,72200,1.711741,0.0089
2026-02-11T02:27:37+01:00,9100,3669520,868060,1409717,1171375,148168,0,72200,1.711741,0.0060
2026-02-11T02:27:42+01:00,9105,3671513,869135,1409716,1171367,149095,0,72200,1.716799,0.0039
2026-02-11T02:27:47+01:00,9110,3673512,870153,1409717,1171370,150072,0,72200,1.719332,0.0020
2026-02-11T02:27:52+01:00,9115,3675515,871173,1409718,1171378,151046,0,72200,1.721886,0.0001
2026-02-11T02:27:57+01:00,9120,3677515,872188,1409718,1171384,152025,0,72200,1.724438,0.0017
2026-02-11T02:28:02+01:00,9125,3679513,873180,1409717,1171390,153026,0,72200,1.726990,0.0036
2026-02-11T02:28:07+01:00,9130,3681516,874178,1409718,1171394,154026,0,72200,1.729542,0.0054
2026-02-11T02:28:12+01:00,9135,3683514,875177,1409720,1171399,155018,0,72200,1.732091,0.0073
2026-02-11T02:28:17+01:00,9140,3685516,876160,1409721,1171404,156031,0,72200,1.734643,0.0091
2026-02-11T02:28:22+01:00,9145,3687514,877184,1409720,1171412,156998,0,72200,1.737192,0.0109
2026-02-11T02:28:27+01:00,9150,3689514,878184,1409721,1171419,157990,0,72200,1.739744,0.0128
2026-02-11T02:28:32+01:00,9155,3691514,879195,1409722,1171428,158969,0,72200,1.742295,0.0146
2026-02-11T02:28:37+01:00,9160,3693516,880216,1409723,1171434,159943,0,72200,1.744846,0.0165
2026-02-11T02:28:42+01:00,9165,3695514,881202,1409724,1171440,160948,0,72200,1.747397,0.0183
2026-02-11T02:28:47+01:00,9170,3697515,882617,1409731,1171447,161520,0,72200,1.747397,0.0208
2026-02-11T02:28:52+01:00,9175,3699513,843728,1409736,1211382,162467,0,72200,1.753826,0.0528
2026-02-11T02:28:57+01:00,9180,3701512,844757,1409738,1211386,163431,0,72200,1.651853,0.0508
2026-02-11T02:29:02+01:00,9185,3703513,845754,1409738,1211392,164429,0,72200,1.656838,0.0488
2026-02-11T02:29:07+01:00,9190,3705515,846755,1409738,1211399,165423,0,72200,1.659390,0.0468
2026-02-11T02:29:12+01:00,9195,3707510,847759,1409740,1211407,166404,0,72200,1.661941,0.0449
2026-02-11T02:29:17+01:00,9200,3709515,848758,1409744,1211411,167402,0,72200,1.664492,0.0429
2026-02-11T02:29:22+01:00,9205,3711508,849765,1409739,1211416,168388,0,72200,1.667043,0.0409
2026-02-11T02:29:27+01:00,9210,3713514,850781,1409740,1211426,169367,0,72200,1.669593,0.0390
2026-02-11T02:29:32+01:00,9215,3715519,851783,1409739,1211432,170365,0,72200,1.672144,0.0370
2026-02-11T02:29:37+01:00,9220,3717513,852787,1409738,1211437,171351,0,72200,1.674695,0.0351
2026-02-11T02:29:42+01:00,9225,3719516,853784,1409738,1211443,172351,0,72200,1.677247,0.0331
2026-02-11T02:29:47+01:00,9230,3721516,854798,1409735,1211452,173331,0,72200,1.679797,0.0312
2026-02-11T02:29:52+01:00,9235,3723515,855804,1409738,1211458,174315,0,72200,1.682348,0.0292
2026-02-11T02:29:57+01:00,9240,3725516,856815,1409737,1211462,175302,0,72200,1.684899,0.0273
2026-02-11T02:30:02+01:00,9245,3727504,858500,1409738,1211458,175608,0,72200,1.692604,0.0241
2026-02-11T02:30:07+01:00,9250,3729505,860215,1409737,1211459,175894,0,72200,1.692604,0.0208
2026-02-11T02:30:12+01:00,9255,3731504,861916,1409737,1211462,176189,0,72200,1.692604,0.0176
2026-02-11T02:30:17+01:00,9260,3733505,863625,1409740,1211460,176480,0,72200,1.692604,0.0143
2026-02-11T02:30:22+01:00,9265,3735506,865338,1409738,1211460,176770,0,72200,1.705339,0.0111
2026-02-11T02:30:27+01:00,9270,3737507,867066,1409738,1211460,177043,0,72200,1.705339,0.0078
2026-02-11T02:30:32+01:00,9275,3739005,868259,1409741,1211462,177343,0,72200,1.705339,0.0056
2026-02-11T02:30:37+01:00,9280,3741005,869953,1409739,1211462,177651,0,72200,1.719377,0.0024
2026-02-11T02:30:42+01:00,9285,3743006,871645,1409739,1211462,177960,0,72200,1.719377,0.0007
2026-02-11T02:30:47+01:00,9290,3745013,873213,1409746,1211456,178398,0,72200,1.719377,0.0036
2026-02-11T02:30:52+01:00,9295,3747014,874236,1409747,1211462,179369,0,72200,1.730878,0.0055
2026-02-11T02:30:57+01:00,9300,3749014,875234,1409749,1211470,180361,0,72200,1.733366,0.0073
2026-02-11T02:31:02+01:00,9305,3751014,876223,1409749,1211474,181368,0,72200,1.735918,0.0091
2026-02-11T02:31:07+01:00,9310,3753014,877233,1409751,1211479,182351,0,72200,1.738469,0.0110
2026-02-11T02:31:12+01:00,9315,3755022,878240,1409752,1211485,183345,0,72200,1.741019,0.0128
2026-02-11T02:31:17+01:00,9320,3757011,879261,1409743,1211493,184314,0,72200,1.743571,0.0147
2026-02-11T02:31:22+01:00,9325,3759015,880276,1409750,1211499,185290,0,72200,1.746121,0.0165
2026-02-11T02:31:27+01:00,9330,3761015,881291,1409751,1211504,186269,0,72200,1.748671,0.0184
2026-02-11T02:31:32+01:00,9335,3763015,882290,1409757,1211508,187260,0,72200,1.751224,0.0202
2026-02-11T02:31:37+01:00,9340,3765015,843379,1449683,1211513,188240,0,72200,1.753774,0.1009
2026-02-11T02:31:42+01:00,9345,3767015,844414,1409752,1251450,189199,0,72200,1.651841,0.0515
2026-02-11T02:31:47+01:00,9350,3769016,845435,1409753,1251458,190170,0,72200,1.656837,0.0495
2026-02-11T02:31:52+01:00,9355,3771014,846449,1409753,1251464,191148,0,72200,1.659389,0.0475
2026-02-11T02:31:57+01:00,9360,3773013,847455,1409757,1251467,192134,0,72200,1.661939,0.0455
2026-02-11T02:32:02+01:00,9365,3775010,848464,1409759,1251467,193120,0,72200,1.664492,0.0435
2026-02-11T02:32:07+01:00,9370,3777016,849489,1409760,1251465,194102,0,72200,1.667042,0.0415
2026-02-11T02:32:12+01:00,9375,3779014,850495,1409759,1251474,195086,0,72200,1.669593,0.0395
2026-02-11T02:32:17+01:00,9380,3781014,851496,1409760,1251480,196078,0,72200,1.672144,0.0376
2026-02-11T02:32:22+01:00,9385,3783006,853205,1409761,1251482,196358,0,72200,1.672144,0.0343
2026-02-11T02:32:27+01:00,9390,3785003,854912,1409758,1251481,196652,0,72200,1.681112,0.0310
2026-02-11T02:32:32+01:00,9395,3787004,856629,1409759,1251481,196935,0,72200,1.681112,0.0277
2026-02-11T02:32:37+01:00,9400,3789005,858345,1409759,1251486,197215,0,72200,1.681112,0.0244
2026-02-11T02:32:42+01:00,9405,3791005,860044,1409761,1251484,197516,0,72200,1.681112,0.0211
2026-02-11T02:32:47+01:00,9410,3793007,861760,1409760,1251484,197803,0,72200,1.697714,0.0179
2026-02-11T02:32:52+01:00,9415,3795007,863443,1409760,1251484,198120,0,72200,1.697714,0.0147
2026-02-11T02:32:57+01:00,9420,3797005,865134,1409762,1251486,198423,0,72200,1.697714,0.0115
2026-02-11T02:33:02+01:00,9425,3799005,866871,1409760,1251486,198688,0,72200,1.710442,0.0082
2026-02-11T02:33:07+01:00,9430,3801004,868597,1409760,1251486,198961,0,72200,1.710442,0.0050
2026-02-11T02:33:12+01:00,9435,3803005,870320,1409760,1251491,199234,0,72200,1.710442,0.0018
2026-02-11T02:33:17+01:00,9440,3805005,872087,1409762,1251488,199468,0,72200,1.710442,0.0015
2026-02-11T02:33:22+01:00,9445,3807005,873856,1409760,1251489,199700,0,72200,1.728320,0.0048
2026-02-11T02:33:27+01:00,9450,3809006,875551,1409760,1251489,200006,0,72200,1.728320,0.0079
2026-02-11T02:33:32+01:00,9455,3811005,877224,1409763,1251490,200328,0,72200,1.728320,0.0110
2026-02-11T02:33:37+01:00,9460,3813004,878905,1409760,1251490,200649,0,72200,1.742340,0.0140
2026-02-11T02:33:42+01:00,9465,3815006,880551,1409760,1251490,201005,0,72200,1.742340,0.0170
2026-02-11T02:33:47+01:00,9470,3817007,882215,1409764,1251493,201335,0,72200,1.742340,0.0201
2026-02-11T02:33:52+01:00,9475,3818507,843411,1449738,1251492,201666,0,72200,1.753811,0.1009
2026-02-11T02:33:57+01:00,9480,3820517,844979,1449738,1251493,202107,0,72200,1.753811,0.0977
2026-02-11T02:34:02+01:00,9485,3822515,846018,1409814,1291420,203063,0,72200,1.657979,0.0484
2026-02-11T02:34:07+01:00,9490,3824516,847008,1409813,1291427,204068,0,72200,1.661940,0.0464
2026-02-11T02:34:12+01:00,9495,3826517,848024,1409813,1291432,205048,0,72200,1.664492,0.0444
2026-02-11T02:34:17+01:00,9500,3828515,849034,1409814,1291438,206029,0,72200,1.667041,0.0425
2026-02-11T02:34:22+01:00,9505,3830515,850037,1409810,1291446,207022,0,72200,1.669594,0.0405
2026-02-11T02:34:27+01:00,9510,3832516,851033,1409812,1291451,208020,0,72200,1.672144,0.0386
2026-02-11T02:34:32+01:00,9515,3834516,852035,1409813,1291455,209013,0,72200,1.674696,0.0366
2026-02-11T02:34:37+01:00,9520,3836515,853033,1409815,1291461,210006,0,72200,1.677246,0.0347
2026-02-11T02:34:42+01:00,9525,3838517,854103,1409817,1291465,210932,0,72200,1.679797,0.0326
2026-02-11T02:34:47+01:00,9530,3840518,855245,1409819,1291470,211784,0,72200,1.682341,0.0304
2026-02-11T02:34:52+01:00,9535,3842513,856261,1409820,1291466,212766,0,72200,1.686200,0.0284
2026-02-11T02:34:57+01:00,9540,3844514,857276,1409819,1291471,213748,0,72200,1.688725,0.0265
2026-02-11T02:35:02+01:00,9545,3846514,858296,1409820,1291474,214724,0,72200,1.691275,0.0245
2026-02-11T02:35:07+01:00,9550,3848514,859293,1409824,1291479,215718,0,72200,1.693827,0.0226
2026-02-11T02:35:12+01:00,9555,3850514,860303,1409824,1291485,216702,0,72200,1.696378,0.0207
2026-02-11T02:35:17+01:00,9560,3852514,861326,1409825,1291491,217672,0,72200,1.698928,0.0188
2026-02-11T02:35:22+01:00,9565,3854515,862335,1409823,1291494,218663,0,72200,1.701479,0.0169
2026-02-11T02:35:27+01:00,9570,3856514,863439,1409819,1291508,219548,0,72200,1.704025,0.0148
2026-02-11T02:35:32+01:00,9575,3858020,863952,1409818,1291516,220534,0,72200,1.706581,0.0138
2026-02-11T02:35:37+01:00,9580,3860016,864971,1409818,1291522,221505,0,72200,1.709132,0.0119
2026-02-11T02:35:42+01:00,9585,3862014,865990,1409820,1291526,222478,0,72200,1.711683,0.0100
2026-02-11T02:35:47+01:00,9590,3864015,866982,1409822,1291530,223481,0,72200,1.714236,0.0081
2026-02-11T02:35:52+01:00,9595,3866015,867962,1409823,1291536,224494,0,72200,1.716787,0.0063
2026-02-11T02:35:57+01:00,9600,3868016,868979,1409822,1291544,225471,0,72200,1.719336,0.0044
2026-02-11T02:36:02+01:00,9605,3870014,869991,1409823,1291546,226454,0,72200,1.721887,0.0025
2026-02-11T02:36:07+01:00,9610,3872009,871000,1409825,1291552,227432,0,72200,1.724438,0.0006
2026-02-11T02:36:12+01:00,9615,3874015,872009,1409834,1291563,228409,0,72200,1.724438,0.0013
2026-02-11T02:36:17+01:00,9620,3876016,873028,1409832,1291569,229387,0,72200,1.726989,0.0032
2026-02-11T02:36:22+01:00,9625,3878018,874049,1409834,1291575,230360,0,72200,1.730849,0.0050
2026-02-11T02:36:27+01:00,9630,3880018,875048,1409833,1291581,231356,0,72200,1.733366,0.0069
2026-02-11T02:36:32+01:00,9635,3882013,876087,1409833,1291586,232307,0,72200,1.737226,0.0088
2026-02-11T02:36:37+01:00,9640,3884014,877108,1409831,1291591,233284,0,72200,1.739742,0.0107
2026-02-11T02:36:42+01:00,9645,3886015,878110,1409832,1291596,234277,0,72200,1.742295,0.0125
2026-02-11T02:36:47+01:00,9650,3888015,879129,1409831,1291602,235253,0,72200,1.744846,0.0144
2026-02-11T02:36:52+01:00,9655,3890016,880145,1409833,1291607,236231,0,72200,1.747396,0.0162
2026-02-11T02:36:57+01:00,9660,3892014,881168,1409833,1291613,237200,0,72200,1.751256,0.0181
2026-02-11T02:37:02+01:00,9665,3894016,842251,1449764,1291626,238175,0,72200,1.753773,0.1033
2026-02-11T02:37:07+01:00,9670,3896023,843296,1409836,1331565,239126,0,72200,1.651821,0.0538
2026-02-11T02:37:12+01:00,9675,3898007,845008,1409837,1331566,239396,0,72200,1.651821,0.0504
2026-02-11T02:37:17+01:00,9680,3900006,846730,1409836,1331565,239675,0,72200,1.658105,0.0470
2026-02-11T02:37:22+01:00,9685,3902005,848441,1409836,1331565,239963,0,72200,1.658105,0.0436
2026-02-11T02:37:27+01:00,9690,3904006,850156,1409839,1331566,240245,0,72200,1.658105,0.0403
2026-02-11T02:37:32+01:00,9695,3906004,851860,1409836,1331566,240542,0,72200,1.674755,0.0370
2026-02-11T02:37:37+01:00,9700,3908005,853569,1409837,1331566,240833,0,72200,1.674755,0.0337
2026-02-11T02:37:42+01:00,9705,3910007,855276,1409837,1331572,241122,0,72200,1.674755,0.0304
2026-02-11T02:37:47+01:00,9710,3912004,856991,1409839,1331567,241407,0,72200,1.688765,0.0271
2026-02-11T02:37:52+01:00,9715,3914005,858665,1409839,1331568,241733,0,72200,1.688765,0.0239
2026-02-11T02:37:57+01:00,9720,3916004,860338,1409839,1331567,242060,0,72200,1.688765,0.0207
2026-02-11T02:38:02+01:00,9725,3918008,862074,1409842,1331571,242321,0,72200,1.688765,0.0174
2026-02-11T02:38:07+01:00,9730,3920006,863747,1409839,1331571,242649,0,72200,1.705374,0.0142
2026-02-11T02:38:12+01:00,9735,3922006,865428,1409839,1331572,242967,0,72200,1.705374,0.0110
2026-02-11T02:38:17+01:00,9740,3924006,867098,1409842,1331573,243293,0,72200,1.705374,0.0079
2026-02-11T02:38:22+01:00,9745,3926003,868770,1409840,1331573,243620,0,72200,1.718103,0.0048
2026-02-11T02:38:27+01:00,9750,3928005,870454,1409839,1331572,243940,0,72200,1.718103,0.0016
2026-02-11T02:38:32+01:00,9755,3930007,872115,1409843,1331575,244274,0,72200,1.718103,0.0015
2026-02-11T02:38:37+01:00,9760,3932005,873778,1409840,1331574,244613,0,72200,1.730861,0.0045
2026-02-11T02:38:42+01:00,9765,3934024,875256,1409840,1331595,245133,0,72200,1.730861,0.0073
2026-02-11T02:38:47+01:00,9770,3936015,876418,1409842,1331583,245972,0,72200,1.738500,0.0094
2026-02-11T02:38:52+01:00,9775,3938000,877668,1409842,1331590,246700,0,72200,1.741019,0.0117
2026-02-11T02:38:57+01:00,9780,3940015,878782,1409843,1331594,247596,0,72200,1.743553,0.0137
2026-02-11T02:39:02+01:00,9785,3942012,879816,1409845,1331599,248552,0,72200,1.747428,0.0156
2026-02-11T02:39:07+01:00,9790,3944015,880818,1409847,1331604,249546,0,72200,1.749948,0.0174
2026-02-11T02:39:12+01:00,9795,3946013,881824,1409848,1331609,250253,279,72200,1.752499,0.0192
2026-02-11T02:39:17+01:00,9800,3948017,842916,1449782,1331616,251197,0,72506,1.755049,0.1019
2026-02-11T02:39:22+01:00,9805,3950008,843961,1409856,1371549,251623,80,72939,1.653141,0.0525
2026-02-11T02:39:27+01:00,9810,3952015,844999,1409850,1371561,252360,0,73245,1.658112,0.0504
2026-02-11T02:39:32+01:00,9815,3954015,846007,1409860,1371569,253332,1,73246,1.658112,0.0485
2026-02-11T02:39:37+01:00,9820,3956015,847006,1409856,1371576,254324,0,73253,1.660664,0.0465
2026-02-11T02:39:42+01:00,9825,3958014,848036,1409852,1371583,255143,147,73253,1.663216,0.0445
2026-02-11T02:39:47+01:00,9830,3960021,849195,1409845,1371596,255610,104,73671,1.665764,0.0422
2026-02-11T02:39:52+01:00,9835,3962015,850200,1409846,1371599,256065,247,74058,1.670921,0.0402
2026-02-11T02:39:57+01:00,9840,3964014,851219,1409848,1371605,256463,221,74658,1.673419,0.0382
2026-02-11T02:40:02+01:00,9845,3966017,852253,1409847,1371597,257072,208,75040,1.677279,0.0362
2026-02-11T02:40:07+01:00,9850,3968014,853267,1409855,1371599,257589,69,75635,1.679795,0.0343
2026-02-11T02:40:12+01:00,9855,3970014,854273,1409855,1371605,258577,0,75704,1.682347,0.0323
2026-02-11T02:40:17+01:00,9860,3972013,855288,1409854,1371611,259529,0,75731,1.684899,0.0304
2026-02-11T02:40:22+01:00,9865,3974001,856316,1409855,1371616,260440,2,75772,1.687449,0.0284
2026-02-11T02:40:27+01:00,9870,3976019,857857,1409856,1371621,260460,223,76002,1.691274,0.0254
2026-02-11T02:40:32+01:00,9875,3978016,858892,1409855,1371628,261187,24,76430,1.693825,0.0234
2026-02-11T02:40:37+01:00,9880,3980018,859916,1409853,1371636,261625,161,76827,1.696377,0.0215
2026-02-11T02:40:42+01:00,9885,3982017,860945,1409851,1371642,261800,372,77407,1.698927,0.0195
2026-02-11T02:40:47+01:00,9890,3984013,861965,1409853,1371648,262251,120,78176,1.701479,0.0176
2026-02-11T02:40:52+01:00,9895,3986016,862983,1409853,1371655,262968,64,78493,1.704030,0.0157
2026-02-11T02:40:57+01:00,9900,3988021,863986,1409852,1371661,263754,0,78768,1.706582,0.0138
2026-02-11T02:41:02+01:00,9905,3990013,865000,1409857,1371667,264050,119,79320,1.709132,0.0119
2026-02-11T02:41:07+01:00,9910,3992017,866042,1409857,1371672,264319,366,79761,1.709132,0.0099
2026-02-11T02:41:12+01:00,9915,3994012,867043,1409870,1371679,265094,0,80326,1.711682,0.0080
2026-02-11T02:41:17+01:00,9920,3996014,868063,1409873,1371686,265808,0,80584,1.714234,0.0061
2026-02-11T02:41:22+01:00,9925,3998007,869283,1409865,1371686,266512,10,80651,1.716784,0.0038
2026-02-11T02:41:27+01:00,9930,3999504,870513,1409868,1371686,266641,16,80780,1.716784,0.0015
2026-02-11T02:41:32+01:00,9935,4000006,870689,1409865,1371686,266968,1,80797,1.723182,0.0012
2026-02-11T02:41:37+01:00,9940,4000006,870372,1409866,1371686,267281,0,80801,1.723182,0.0018
2026-02-11T02:41:42+01:00,9945,4000007,870067,1409868,1371688,267539,30,80815,1.723182,0.0024
2026-02-11T02:41:47+01:00,9950,4000007,869734,1409866,1371687,267538,163,81019,1.721809,0.0030
2026-02-11T02:41:52+01:00,9955,4000008,869400,1409866,1371687,267539,268,81248,1.721809,0.0036
2026-02-11T02:41:57+01:00,9960,4000006,869062,1409868,1371690,267802,66,81518,1.721809,0.0043
2026-02-11T02:42:02+01:00,9965,4000016,868732,1409865,1371690,267809,211,81709,1.719246,0.0049
2026-02-11T02:42:07+01:00,9970,4000015,867744,1409866,1371695,268229,198,82283,1.716674,0.0067
2026-02-11T02:42:12+01:00,9975,4000015,866765,1409869,1371704,269053,95,82529,1.714099,0.0086
2026-02-11T02:42:17+01:00,9980,4000005,866176,1409868,1371705,269492,62,82702,1.714099,0.0097
2026-02-11T02:42:22+01:00,9985,4000010,865907,1409869,1371706,269490,170,82868,1.711580,0.0102
2026-02-11T02:42:27+01:00,9990,4000005,865621,1409869,1371705,269490,226,83094,1.711580,0.0107
2026-02-11T02:42:32+01:00,9995,4000006,865337,1409869,1371705,269695,77,83323,1.711580,0.0112
2026-02-11T02:42:37+01:00,10000,4000005,865041,1409871,1371707,269982,0,83404,1.711580,0.0118
2026-02-11T02:42:42+01:00,10005,4000007,864740,1409869,1371708,270201,45,83444,1.709046,0.0124
2026-02-11T02:42:47+01:00,10010,4000009,864402,1409869,1371708,270202,173,83655,1.709046,0.0130
2026-02-11T02:42:52+01:00,10015,4000004,864089,1409871,1371708,270260,172,83904,1.709046,0.0136
2026-02-11T02:42:57+01:00,10020,4000005,863830,1409869,1371708,270353,129,84116,1.706493,0.0141
2026-02-11T02:43:02+01:00,10025,4000006,863562,1409870,1371709,270607,0,84258,1.706493,0.0146
2026-02-11T02:43:07+01:00,10030,4000005,863296,1409869,1371709,270761,47,84323,1.706493,0.0151
2026-02-11T02:43:12+01:00,10035,4000004,863014,1409872,1371710,270982,44,84382,1.706493,0.0156
2026-02-11T02:43:17+01:00,10040,4000005,862754,1409870,1371710,271084,95,84492,1.703945,0.0161
2026-02-11T02:43:22+01:00,10045,4000008,862468,1409870,1371711,271084,151,84724,1.703945,0.0167
2026-02-11T02:43:27+01:00,10050,4000006,862165,1409871,1371710,271159,153,84948,1.703945,0.0172
2026-02-11T02:43:32+01:00,10055,4000006,861833,1409870,1371711,271472,19,85101,1.701392,0.0179
2026-02-11T02:43:37+01:00,10060,4000007,861515,1409870,1371711,271472,149,85290,1.701392,0.0185
2026-02-11T02:43:42+01:00,10065,4000007,861215,1409870,1371711,271472,208,85531,1.701392,0.0190
2026-02-11T02:43:47+01:00,10070,4000006,860923,1409870,1371712,271574,163,85764,1.698840,0.0196
2026-02-11T02:43:52+01:00,10075,4000018,860477,1409870,1371712,271602,348,86009,1.698840,0.0204
2026-02-11T02:43:57+01:00,10080,4000015,859471,1409872,1371718,271997,191,86766,1.696271,0.0224
2026-02-11T02:44:02+01:00,10085,4000023,858471,1409873,1371724,272807,101,87047,1.693691,0.0243
2026-02-11T02:44:07+01:00,10090,4000015,857471,1409875,1371729,273373,132,87435,1.691141,0.0262
2026-02-11T02:44:12+01:00,10095,4000017,856470,1409874,1371734,273804,140,87995,1.688590,0.0281
2026-02-11T02:44:17+01:00,10100,4000014,855494,1409869,1371747,274681,0,88223,1.686039,0.0300
2026-02-11T02:44:22+01:00,10105,4000015,854492,1409870,1371755,275665,0,88233,1.683489,0.0319
2026-02-11T02:44:27+01:00,10110,4000018,853499,1409874,1371759,276359,163,88364,1.680937,0.0338
2026-02-11T02:44:32+01:00,10115,4000014,852512,1409875,1371765,276922,0,88940,1.678386,0.0358
2026-02-11T02:44:37+01:00,10120,4000014,851526,1409875,1371771,277534,114,89194,1.675836,0.0377
2026-02-11T02:44:42+01:00,10125,4000019,850529,1409876,1371775,278127,316,89396,1.673284,0.0396
2026-02-11T02:44:47+01:00,10130,4000013,849537,1409878,1371780,278808,0,90010,1.670733,0.0415
2026-02-11T02:44:52+01:00,10135,4000014,848539,1409879,1371785,279800,1,90010,1.668183,0.0435
2026-02-11T02:44:57+01:00,10140,4000018,847549,1409880,1371791,280787,0,90011,1.665631,0.0454
2026-02-11T02:45:02+01:00,10145,4000014,846541,1409871,1371807,281784,0,90011,1.663080,0.0474
2026-02-11T02:45:07+01:00,10150,4000016,845544,1409867,1371818,282776,0,90011,1.660529,0.0494
2026-02-11T02:45:12+01:00,10155,4000015,844550,1409865,1371826,283763,0,90011,1.657979,0.0513
2026-02-11T02:45:17+01:00,10160,4000017,843556,1409865,1371832,284718,35,90011,1.655428,0.0533
2026-02-11T02:45:22+01:00,10165,4000014,842583,1409866,1371836,285673,45,90011,1.652877,0.0552
2026-02-11T02:45:27+01:00,10170,4000013,841577,1409867,1371844,286669,0,90056,1.650326,0.0572
2026-02-11T02:45:32+01:00,10175,4000013,840573,1409870,1371849,287665,0,90056,1.647774,0.0592
2026-02-11T02:45:37+01:00,10180,4000016,839581,1409870,1371856,288651,2,90056,1.645224,0.0612
2026-02-11T02:45:42+01:00,10185,4000016,838584,1409871,1371860,289581,0,90120,1.642672,0.0632
2026-02-11T02:45:47+01:00,10190,4000014,837667,1409872,1371866,290487,2,90120,1.640127,0.0651
2026-02-11T02:45:52+01:00,10195,4000013,836690,1409871,1371872,291440,17,90123,1.637572,0.0670
2026-02-11T02:45:57+01:00,10200,4000016,835730,1409873,1371875,292397,0,90141,1.635022,0.0690
2026-02-11T02:46:02+01:00,10205,4000016,834730,1409874,1371881,293390,0,90141,1.632470,0.0710
2026-02-11T02:46:07+01:00,10210,4000019,833732,1409873,1371889,294384,0,90141,1.629918,0.0730
2026-02-11T02:46:12+01:00,10215,4000013,832739,1409873,1371894,295361,0,90146,1.627367,0.0750
2026-02-11T02:46:17+01:00,10220,4000015,831751,1409874,1371901,296343,0,90146,1.624817,0.0770
2026-02-11T02:46:22+01:00,10225,4000014,830756,1409873,1371908,297331,0,90146,1.622266,0.0791
2026-02-11T02:46:27+01:00,10230,4000011,829785,1409875,1371913,298263,29,90146,1.619715,0.0811
2026-02-11T02:46:32+01:00,10235,4000011,828807,1409879,1371916,298600,663,90146,1.617165,0.0831
2026-02-11T02:46:37+01:00,10240,4000014,827811,1409880,1371921,299511,745,90146,1.614612,0.0851
2026-02-11T02:46:42+01:00,10245,4000016,826820,1409883,1371922,300499,714,90178,1.612062,0.0872
2026-02-11T02:46:47+01:00,10250,4000012,825825,1409881,1371929,301486,0,90891,1.609511,0.0892
2026-02-11T02:46:52+01:00,10255,4000005,825458,1409881,1371930,301845,0,90891,1.609511,0.0900
2026-02-11T02:46:57+01:00,10260,4000006,825172,1409882,1371929,302132,0,90891,1.609511,0.0906
2026-02-11T02:47:02+01:00,10265,4000009,824894,1409883,1371927,302414,0,90891,1.607003,0.0911
2026-02-11T02:47:07+01:00,10270,4000005,824627,1409883,1371930,302644,30,90891,1.607003,0.0917
2026-02-11T02:47:12+01:00,10275,4000005,824354,1409883,1371930,302762,185,90891,1.607003,0.0923
2026-02-11T02:47:17+01:00,10280,4000007,824063,1409885,1371928,302994,219,90918,1.607003,0.0929
2026-02-11T02:47:22+01:00,10285,4000008,823758,1409882,1371932,303184,77,91175,1.604457,0.0935
2026-02-11T02:47:27+01:00,10290,4000004,823461,1409882,1371931,303329,39,91362,1.604457,0.0941
2026-02-11T02:47:32+01:00,10295,4000006,823192,1409882,1371932,303599,0,91401,1.604457,0.0947
2026-02-11T02:47:37+01:00,10300,4000005,822925,1409881,1371930,303868,0,91401,1.601906,0.0952
2026-02-11T02:47:42+01:00,10305,4000004,822668,1409881,1371933,304121,0,91401,1.601906,0.0958
2026-02-11T02:47:47+01:00,10310,4000007,822381,1409882,1371933,304410,0,91401,1.601906,0.0964
2026-02-11T02:47:52+01:00,10315,4000006,822074,1409883,1371931,304717,0,91401,1.601906,0.0970
2026-02-11T02:47:57+01:00,10320,4000006,821766,1409881,1371936,305022,0,91401,1.599355,0.0976
2026-02-11T02:48:02+01:00,10325,4000006,821441,1409881,1371936,305347,0,91401,1.599355,0.0983
2026-02-11T02:48:07+01:00,10330,4000005,821116,1409883,1371933,305672,0,91401,1.599355,0.0990
2026-02-11T02:48:12+01:00,10335,4000009,820766,1409880,1371939,305867,156,91401,1.596802,0.0997
2026-02-11T02:48:17+01:00,10340,4000006,820428,1409880,1371939,305867,491,91401,1.596802,0.1004
2026-02-11T02:48:22+01:00,10345,4000006,820093,1409884,1371936,306128,564,91401,1.596802,0.1011
2026-02-11T02:48:27+01:00,10350,4000013,819629,1409880,1371940,306599,564,91401,1.594250,0.1021
2026-02-11T02:48:32+01:00,10355,4000014,818676,1409882,1371945,307546,0,91965,1.591672,0.1041
2026-02-11T02:48:37+01:00,10360,4000016,817666,1409881,1371953,308551,0,91965,1.589103,0.1062
2026-02-11T02:48:42+01:00,10365,4000014,816662,1409881,1371960,309546,0,91965,1.586551,0.1084
2026-02-11T02:48:47+01:00,10370,4000013,815662,1409884,1371964,310538,0,91965,1.584001,0.1105
2026-02-11T02:48:52+01:00,10375,4000016,814653,1409886,1371968,311544,0,91965,1.581449,0.1126
2026-02-11T02:48:57+01:00,10380,4000014,813648,1409887,1371975,312538,1,91965,1.578899,0.1148
2026-02-11T02:49:02+01:00,10385,4000015,812636,1409888,1371983,313541,2,91965,1.576347,0.1169
2026-02-11T02:49:07+01:00,10390,4000020,811635,1409888,1371990,314280,187,92040,1.573796,0.1191
2026-02-11T02:49:12+01:00,10395,4000015,810631,1409891,1371996,315010,0,92487,1.571246,0.1212
2026-02-11T02:49:17+01:00,10400,4000016,809630,1409892,1372001,316006,0,92487,1.568695,0.1234
2026-02-11T02:49:22+01:00,10405,4000017,808661,1409889,1372009,316812,159,92487,1.566145,0.1255
2026-02-11T02:49:27+01:00,10410,4000015,807664,1409890,1372015,317800,7,92639,1.563594,0.1276
2026-02-11T02:49:32+01:00,10415,4000015,806653,1409894,1372019,318803,0,92646,1.561043,0.1298
2026-02-11T02:49:37+01:00,10420,4000016,805667,1409897,1372025,319609,0,92818,1.558492,0.1319
2026-02-11T02:49:42+01:00,10425,4000019,804685,1409897,1372032,320396,0,93009,1.555941,0.1341
2026-02-11T02:49:47+01:00,10430,4000014,803715,1409900,1372036,321354,0,93009,1.553391,0.1362
2026-02-11T02:49:52+01:00,10435,4000013,802737,1409901,1372040,322326,0,93009,1.550840,0.1383
2026-02-11T02:49:57+01:00,10440,4000023,801746,1409900,1372048,322981,309,93039,1.548289,0.1405
2026-02-11T02:50:02+01:00,10445,4000018,800752,1409901,1372041,323185,314,93825,1.545738,0.1427
2026-02-11T02:50:07+01:00,10450,4000017,799796,1409903,1372046,324049,0,94223,1.543188,0.1448
2026-02-11T02:50:12+01:00,10455,4000016,798825,1409902,1372053,325012,1,94223,1.540637,0.1469
2026-02-11T02:50:17+01:00,10460,4000015,797854,1409903,1372061,325914,40,94243,1.538086,0.1491
2026-02-11T02:50:22+01:00,10465,4000019,796854,1409903,1372067,326911,0,94284,1.535533,0.1513
2026-02-11T02:50:27+01:00,10470,4000016,795894,1409896,1372071,327871,0,94284,1.532984,0.1534
2026-02-11T02:50:32+01:00,10475,4000026,795004,1409906,1372077,328755,0,94284,1.530439,0.1554
2026-02-11T02:50:37+01:00,10480,4000018,794031,1409896,1372084,329705,0,94302,1.530439,0.1576
2026-02-11T02:50:42+01:00,10485,4000014,793051,1409902,1372087,330669,0,94305,1.527881,0.1598
2026-02-11T02:50:47+01:00,10490,4000013,792079,1409903,1372095,331629,0,94307,1.525331,0.1620
2026-02-11T02:50:52+01:00,10495,4000016,791124,1409893,1372109,332479,75,94336,1.522781,0.1641
2026-02-11T02:50:57+01:00,10500,4000022,790138,1409893,1372115,333413,0,94463,1.520230,0.1663
2026-02-11T02:51:02+01:00,10505,4000014,789138,1409893,1372122,334398,0,94463,1.517677,0.1686
2026-02-11T02:51:07+01:00,10510,4000017,788159,1409892,1372128,335375,0,94463,1.515126,0.1708
2026-02-11T02:51:12+01:00,10515,4000014,787306,1409894,1372133,336218,0,94463,1.512583,0.1727
2026-02-11T02:51:17+01:00,10520,4000013,786307,1409896,1372137,337210,0,94463,1.510025,0.1750
2026-02-11T02:51:22+01:00,10525,4000012,785306,1409896,1372142,338205,0,94463,1.507472,0.1773
2026-02-11T02:51:27+01:00,10530,4000016,784322,1409898,1372150,339183,0,94463,1.504923,0.1796
2026-02-11T02:51:32+01:00,10535,4000014,783325,1409899,1372157,340170,0,94463,1.502371,0.1819
2026-02-11T02:51:37+01:00,10540,4000019,782339,1409902,1372161,341030,124,94463,1.499820,0.1841
2026-02-11T02:51:42+01:00,10545,4000016,781348,1409902,1372169,342010,124,94463,1.497270,0.1864
2026-02-11T02:51:47+01:00,10550,4000005,780937,1409901,1372167,342413,124,94463,1.494737,0.1874
2026-02-11T02:51:52+01:00,10555,4000003,780655,1409901,1372166,342694,124,94463,1.494737,0.1880
2026-02-11T02:51:57+01:00,10560,4000005,780399,1409902,1372171,342874,72,94587,1.494737,0.1886
2026-02-11T02:52:02+01:00,10565,4000006,780145,1409901,1372171,343017,23,94749,1.494737,0.1892
2026-02-11T02:52:07+01:00,10570,4000004,779856,1409902,1372168,343281,0,94797,1.492217,0.1899
2026-02-11T02:52:12+01:00,10575,4000006,779566,1409902,1372173,343568,0,94797,1.492217,0.1905
2026-02-11T02:52:17+01:00,10580,4000007,779259,1409902,1372173,343768,108,94797,1.492217,0.1913
2026-02-11T02:52:22+01:00,10585,4000006,778995,1409901,1372170,343781,296,94863,1.489665,0.1919
2026-02-11T02:52:27+01:00,10590,4000007,778711,1409902,1372171,343875,242,95106,1.489665,0.1925
2026-02-11T02:52:32+01:00,10595,4000009,778460,1409901,1372175,343975,158,95340,1.489665,0.1931
2026-02-11T02:52:37+01:00,10600,4000005,778185,1409901,1372174,344049,137,95559,1.489665,0.1937
2026-02-11T02:52:42+01:00,10605,4000006,777932,1409903,1372172,344303,0,95696,1.487115,0.1943
2026-02-11T02:52:47+01:00,10610,4000004,777610,1409902,1372172,344624,0,95696,1.487115,0.1951
2026-02-11T02:52:52+01:00,10615,4000005,777298,1409902,1372178,344902,28,95697,1.487115,0.1958
2026-02-11T02:52:57+01:00,10620,4000006,776978,1409903,1372176,345212,0,95737,1.484561,0.1966
2026-02-11T02:53:02+01:00,10625,4000009,776653,1409903,1372176,345299,199,95779,1.484561,0.1973
2026-02-11T02:53:07+01:00,10630,4000006,776334,1409903,1372180,345518,44,96027,1.484561,0.1981
2026-02-11T02:53:12+01:00,10635,4000006,776039,1409905,1372178,345813,0,96071,1.484561,0.1988
2026-02-11T02:53:17+01:00,10640,4000008,775710,1409903,1372177,345918,151,96149,1.482010,0.1995
2026-02-11T02:53:22+01:00,10645,4000010,775396,1409903,1372182,345913,211,96405,1.482010,0.2003
2026-02-11T02:53:27+01:00,10650,4000009,775079,1409906,1372179,345947,236,96662,1.482010,0.2010
2026-02-11T02:53:32+01:00,10655,4000006,774759,1409903,1372179,345978,271,96916,1.479459,0.2018
2026-02-11T02:53:37+01:00,10660,4000006,774440,1409903,1372185,345972,333,97173,1.479459,0.2025
2026-02-11T02:53:42+01:00,10665,4000006,774116,1409903,1372184,346038,332,97433,1.479459,0.2033
2026-02-11T02:53:47+01:00,10670,4000005,773786,1409902,1372182,346328,111,97696,1.476908,0.2040
2026-02-11T02:53:52+01:00,10675,4000005,773433,1409903,1372188,346662,0,97819,1.476908,0.2049
2026-02-11T02:53:57+01:00,10680,4000004,773093,1409905,1372185,347002,0,97819,1.476908,0.2057
2026-02-11T02:54:02+01:00,10685,4000005,772764,1409902,1372185,347335,0,97819,1.474355,0.2065
2026-02-11T02:54:07+01:00,10690,4000019,772144,1409902,1372203,347951,0,97819,1.474355,0.2079
2026-02-11T02:54:12+01:00,10695,4000015,771132,1409905,1372207,348950,2,97819,1.471791,0.2103
2026-02-11T02:54:17+01:00,10700,4000017,770114,1409905,1372216,349945,18,97819,1.469208,0.2127
2026-02-11T02:54:22+01:00,10705,4000019,769108,1409906,1372221,350386,335,98063,1.466656,0.2151
2026-02-11T02:54:27+01:00,10710,4000016,768121,1409907,1372226,350883,24,98855,1.464106,0.2175
2026-02-11T02:54:32+01:00,10715,4000018,767126,1409907,1372232,351573,131,99049,1.461557,0.2199
2026-02-11T02:54:37+01:00,10720,4000018,766130,1409908,1372236,351767,333,99644,1.459005,0.2223
2026-02-11T02:54:42+01:00,10725,4000014,765133,1409906,1372244,352012,317,100402,1.456454,0.2247
2026-02-11T02:54:47+01:00,10730,4000015,764144,1409906,1372250,352896,0,100819,1.453904,0.2270
2026-02-11T02:54:52+01:00,10735,4000014,763147,1409906,1372256,353582,281,100842,1.451352,0.2295
2026-02-11T02:54:57+01:00,10740,4000015,762163,1409905,1372260,354518,0,101169,1.448802,0.2318
2026-02-11T02:55:02+01:00,10745,4000013,761171,1409903,1372267,355501,0,101171,1.446251,0.2342
2026-02-11T02:55:07+01:00,10750,4000016,760181,1409904,1372273,356316,171,101171,1.443699,0.2367
2026-02-11T02:55:12+01:00,10755,4000018,759192,1409903,1372280,356911,291,101441,1.441149,0.2391
2026-02-11T02:55:17+01:00,10760,4000015,758211,1409902,1372284,357550,0,102068,1.438598,0.2415
2026-02-11T02:55:22+01:00,10765,4000015,757222,1409902,1372287,358536,0,102068,1.436048,0.2439
2026-02-11T02:55:27+01:00,10770,4000023,756236,1409911,1372287,359520,0,102069,1.433496,0.2463
2026-02-11T02:55:32+01:00,10775,4000016,755335,1409912,1372293,360407,0,102069,1.430945,0.2486
2026-02-11T02:55:37+01:00,10780,4000012,754336,1409911,1372298,361398,0,102069,1.428399,0.2510
2026-02-11T02:55:42+01:00,10785,4000014,753354,1409910,1372305,362374,2,102069,1.425843,0.2535
2026-02-11T02:55:47+01:00,10790,4000015,752342,1409912,1372310,363380,2,102069,1.423292,0.2560
2026-02-11T02:55:52+01:00,10795,4000009,751357,1409912,1372315,364354,2,102069,1.420740,0.2585
2026-02-11T02:55:57+01:00,10800,4000015,750359,1409912,1372321,365350,1,102072,1.418191,0.2609
2026-02-11T02:56:02+01:00,10805,4000014,749349,1409915,1372334,366343,0,102073,1.415639,0.2635
2026-02-11T02:56:07+01:00,10810,4000019,748352,1409912,1372342,367340,0,102073,1.413087,0.2660
2026-02-11T02:56:12+01:00,10815,4000017,747358,1409914,1372349,368323,0,102073,1.410537,0.2685
2026-02-11T02:56:17+01:00,10820,4000016,746363,1409915,1372353,369312,0,102073,1.407986,0.2710
2026-02-11T02:56:22+01:00,10825,4000014,745372,1409916,1372359,370294,0,102073,1.405435,0.2735
2026-02-11T02:56:27+01:00,10830,4000018,744373,1409919,1372365,371187,101,102073,1.402884,0.2761
2026-02-11T02:56:32+01:00,10835,4000017,743392,1409919,1372371,371564,159,102612,1.400333,0.2786
2026-02-11T02:56:37+01:00,10840,4000010,742401,1409921,1372368,372298,17,103005,1.397783,0.2811
2026-02-11T02:56:42+01:00,10845,4000016,741404,1409922,1372375,373213,0,103102,1.395232,0.2837
2026-02-11T02:56:47+01:00,10850,4000018,740413,1409923,1372381,374199,0,103102,1.392681,0.2862
2026-02-11T02:56:52+01:00,10855,4000014,739422,1409923,1372390,375177,0,103102,1.390130,0.2888
2026-02-11T02:56:57+01:00,10860,4000013,738428,1409924,1372396,376163,0,103102,1.387579,0.2913
2026-02-11T02:57:02+01:00,10865,4000015,737445,1409924,1372402,377142,0,103102,1.385028,0.2939
2026-02-11T02:57:07+01:00,10870,4000015,736459,1409925,1372408,378121,0,103102,1.382478,0.2964
2026-02-11T02:57:12+01:00,10875,4000015,735464,1409923,1372415,379111,0,103102,1.379926,0.2990
2026-02-11T02:57:17+01:00,10880,4000014,734490,1409924,1372420,380078,0,103102,1.377376,0.3016
2026-02-11T02:57:22+01:00,10885,4000005,733868,1409932,1372426,380677,0,103102,1.374827,0.3032
2026-02-11T02:57:27+01:00,10890,4000008,733592,1409933,1372426,380955,0,103102,1.374827,0.3039
2026-02-11T02:57:32+01:00,10895,4000006,733305,1409932,1372431,381233,3,103102,1.374827,0.3047
2026-02-11T02:57:37+01:00,10900,4000005,733058,1409934,1372429,381479,3,103102,1.374827,0.3053
2026-02-11T02:57:42+01:00,10905,4000005,732791,1409932,1372428,381749,0,103105,1.372323,0.3060
2026-02-11T02:57:47+01:00,10910,4000003,732600,1409931,1372428,381939,0,103105,1.372323,0.3065
2026-02-11T02:57:52+01:00,10915,4000006,732320,1409931,1372433,382217,0,103105,1.372323,0.3073
2026-02-11T02:57:57+01:00,10920,4000006,732057,1409934,1372432,382478,0,103105,1.372323,0.3080
2026-02-11T02:58:02+01:00,10925,4000004,731796,1409932,1372431,382740,0,103105,1.369773,0.3086
2026-02-11T02:58:07+01:00,10930,4000005,731555,1409932,1372432,382981,0,103105,1.369773,0.3093
2026-02-11T02:58:12+01:00,10935,4000005,731275,1409931,1372436,383258,0,103105,1.369773,0.3100
2026-02-11T02:58:17+01:00,10940,4000006,730949,1409932,1372433,383587,0,103105,1.367220,0.3109
2026-02-11T02:58:22+01:00,10945,4000009,730624,1409933,1372432,383915,0,103105,1.367220,0.3117
2026-02-11T02:58:27+01:00,10950,4000006,730295,1409933,1372438,384235,0,103105,1.367220,0.3126
2026-02-11T02:58:32+01:00,10955,4000007,729977,1409933,1372435,384557,0,103105,1.364666,0.3134
2026-02-11T02:58:37+01:00,10960,4000007,729621,1409933,1372435,384913,0,103105,1.364666,0.3144
2026-02-11T02:58:42+01:00,10965,4000005,729275,1409933,1372439,385253,0,103105,1.364666,0.3153
2026-02-11T02:58:47+01:00,10970,4000007,728933,1409934,1372436,385599,0,103105,1.362113,0.3162
2026-02-11T02:58:52+01:00,10975,4000006,728614,1409934,1372436,385917,0,103105,1.362113,0.3171
2026-02-11T02:58:57+01:00,10980,4000007,728283,1409933,1372442,386244,0,103105,1.362113,0.3179
2026-02-11T02:59:02+01:00,10985,4000005,727954,1409933,1372438,386571,4,103105,1.359564,0.3188
2026-02-11T02:59:07+01:00,10990,4000006,727634,1409934,1372438,386891,4,103105,1.359564,0.3197
2026-02-11T02:59:12+01:00,10995,4000006,727303,1409933,1372444,387103,27,103196,1.359564,0.3205
2026-02-11T02:59:17+01:00,11000,4000009,726978,1409934,1372441,387305,89,103262,1.357013,0.3214
2026-02-11T02:59:22+01:00,11005,4000008,726623,1409934,1372441,387524,10,103476,1.357013,0.3224
2026-02-11T02:59:27+01:00,11010,4000009,726285,1409934,1372447,387518,145,103680,1.357013,0.3233
2026-02-11T02:59:32+01:00,11015,4000006,725952,1409934,1372443,387655,107,103915,1.354461,0.3242
2026-02-11T02:59:37+01:00,11020,4000008,725622,1409935,1372444,387813,40,104154,1.354461,0.3250
2026-02-11T02:59:42+01:00,11025,4000006,725300,1409934,1372449,388130,0,104193,1.354461,0.3259
2026-02-11T02:59:47+01:00,11030,4000005,724991,1409935,1372446,388440,0,104193,1.351911,0.3267
2026-02-11T02:59:52+01:00,11035,4000007,724671,1409935,1372447,388761,0,104193,1.351911,0.3276
2026-02-11T02:59:57+01:00,11040,4000005,724344,1409935,1372446,389087,0,104193,1.351911,0.3285
2026-02-11T03:00:02+01:00,11045,4000005,724010,1409938,1372446,389418,0,104193,1.351911,0.3294
2026-02-11T03:00:07+01:00,11050,4000006,723659,1409936,1372447,389771,0,104193,1.349360,0.3303
2026-02-11T03:00:12+01:00,11055,4000011,723322,1409936,1372447,390112,1,104193,1.349360,0.3312
2026-02-11T03:00:17+01:00,11060,4000006,722991,1409937,1372449,390434,2,104193,1.346808,0.3321
2026-02-11T03:00:22+01:00,11065,4000013,722390,1409936,1372448,390712,334,104193,1.346808,0.3337
2026-02-11T03:00:27+01:00,11070,4000013,721406,1409938,1372454,391688,334,104193,1.344233,0.3364
2026-02-11T03:00:32+01:00,11075,4000014,720423,1409939,1372461,392005,993,104193,1.341663,0.3391
2026-02-11T03:00:37+01:00,11080,4000014,719425,1409942,1372464,392997,993,104193,1.339111,0.3418
2026-02-11T03:00:42+01:00,11085,4000014,718450,1409943,1372471,393962,352,104836,1.336560,0.3444
2026-02-11T03:00:47+01:00,11090,4000013,717517,1409943,1372479,394871,0,105203,1.334014,0.3470
2026-02-11T03:00:52+01:00,11095,4000016,716536,1409944,1372483,395850,0,105203,1.331460,0.3497
2026-02-11T03:00:57+01:00,11100,4000014,715541,1409947,1372489,396834,0,105203,1.328906,0.3524
2026-02-11T03:01:02+01:00,11105,4000011,714554,1409947,1372497,397810,0,105203,1.326356,0.3552
2026-02-11T03:01:07+01:00,11110,4000016,713556,1409949,1372502,398806,0,105203,1.323805,0.3579
2026-02-11T03:01:12+01:00,11115,4000016,712558,1409950,1372510,399795,0,105203,1.321255,0.3607
2026-02-11T03:01:17+01:00,11120,4000011,711569,1409952,1372516,400771,0,105203,1.318703,0.3634
2026-02-11T03:01:22+01:00,11125,4000014,710575,1409954,1372521,401761,0,105203,1.316153,0.3662
2026-02-11T03:01:27+01:00,11130,4000014,709590,1409956,1372526,402739,0,105203,1.313602,0.3690
2026-02-11T03:01:32+01:00,11135,4000016,708600,1409961,1372528,403724,0,105203,1.311051,0.3718
2026-02-11T03:01:37+01:00,11140,4000016,707595,1409963,1372537,404718,0,105203,1.308500,0.3746
2026-02-11T03:01:42+01:00,11145,4000014,706615,1409962,1372542,405692,0,105203,1.305949,0.3773
2026-02-11T03:01:47+01:00,11150,4000018,705755,1409964,1372546,406550,0,105203,1.303405,0.3798
2026-02-11T03:01:52+01:00,11155,4000015,704749,1409966,1372552,407545,0,105203,1.300847,0.3826
2026-02-11T03:01:57+01:00,11160,4000014,703746,1409965,1372559,408541,0,105203,1.298295,0.3855
2026-02-11T03:02:02+01:00,11165,4000013,702745,1409967,1372562,409536,0,105203,1.295744,0.3883
2026-02-11T03:02:07+01:00,11170,4000014,701739,1409968,1372568,410536,0,105203,1.293193,0.3912
2026-02-11T03:02:12+01:00,11175,4000014,700743,1409970,1372574,411524,0,105203,1.290643,0.3941
2026-02-11T03:02:17+01:00,11180,4000016,699762,1409972,1372581,412498,0,105203,1.288093,0.3969
2026-02-11T03:02:22+01:00,11185,4000014,698795,1409972,1372585,413458,1,105203,1.285542,0.3997
2026-02-11T03:02:27+01:00,11190,4000017,697798,1409969,1372594,414452,1,105203,1.282990,0.4026
2026-02-11T03:02:32+01:00,11195,4000016,696808,1409970,1372599,415408,28,105203,1.280440,0.4054
2026-02-11T03:02:37+01:00,11200,4000015,695822,1409971,1372606,416202,211,105203,1.277888,0.4083
2026-02-11T03:02:42+01:00,11205,4000013,694835,1409972,1372611,416874,518,105203,1.275339,0.4112
2026-02-11T03:02:47+01:00,11210,4000014,693839,1409973,1372617,417863,337,105385,1.272786,0.4141
2026-02-11T03:02:52+01:00,11215,4000009,692845,1409974,1372624,418845,0,105721,1.270235,0.4170
2026-02-11T03:02:57+01:00,11220,4000013,691860,1409975,1372629,419828,0,105721,1.267686,0.4199
2026-02-11T03:03:02+01:00,11225,4000014,690881,1409976,1372637,420799,0,105721,1.265134,0.4228
2026-02-11T03:03:07+01:00,11230,4000024,689900,1409978,1372641,421784,0,105721,1.262584,0.4257
2026-02-11T03:03:12+01:00,11235,4000015,688905,1409983,1372644,422762,0,105721,1.260032,0.4287
2026-02-11T03:03:17+01:00,11240,4000014,687920,1409984,1372649,423740,0,105721,1.257481,0.4316
2026-02-11T03:03:22+01:00,11245,4000013,687075,1409984,1372649,424584,0,105721,1.257481,0.4341
2026-02-11T03:03:27+01:00,11250,4000018,686076,1409985,1372658,425578,0,105721,1.254939,0.4371
2026-02-11T03:03:32+01:00,11255,4000006,685659,1409986,1372663,425977,0,105721,1.252378,0.4384
2026-02-11T03:03:37+01:00,11260,4000005,685366,1409986,1372662,426270,0,105721,1.252378,0.4392
2026-02-11T03:03:42+01:00,11265,4000006,685074,1409986,1372663,426562,0,105721,1.252378,0.4401
2026-02-11T03:03:47+01:00,11270,4000006,684786,1409985,1372665,426849,0,105721,1.249874,0.4410
2026-02-11T03:03:52+01:00,11275,4000005,684511,1409985,1372665,427123,0,105721,1.249874,0.4418
2026-02-11T03:03:57+01:00,11280,4000004,684202,1409985,1372665,427431,0,105721,1.249874,0.4427
2026-02-11T03:04:02+01:00,11285,4000006,683919,1409986,1372666,427714,0,105721,1.247324,0.4436
2026-02-11T03:04:07+01:00,11290,4000006,683576,1409987,1372665,428057,0,105721,1.247324,0.4446
2026-02-11T03:04:12+01:00,11295,4000004,683235,1409986,1372665,428364,33,105721,1.247324,0.4457
2026-02-11T03:04:17+01:00,11300,4000015,682735,1409987,1372662,428806,104,105721,1.244771,0.4472
2026-02-11T03:04:22+01:00,11305,4000014,681744,1409988,1372667,429363,265,105987,1.242176,0.4502
2026-02-11T03:04:27+01:00,11310,4000018,680753,1409989,1372671,430278,0,106327,1.239625,0.4532
2026-02-11T03:04:32+01:00,11315,4000015,679762,1409999,1372669,431258,0,106327,1.237072,0.4562
2026-02-11T03:04:37+01:00,11320,4000017,678955,1410003,1372653,431855,224,106327,1.234533,0.4587
2026-02-11T03:04:42+01:00,11325,4000015,677962,1410003,1372649,432844,173,106384,1.231972,0.4617
2026-02-11T03:04:47+01:00,11330,4000014,676962,1410005,1372651,433839,0,106557,1.229420,0.4648
2026-02-11T03:04:52+01:00,11335,4000013,675987,1410005,1372641,434823,0,106557,1.226871,0.4678
2026-02-11T03:04:57+01:00,11340,4000006,675000,1410000,1372629,435820,0,106557,1.224320,0.4709
2026-02-11T03:05:02+01:00,11345,4000013,674018,1410005,1372640,436793,0,106557,1.224320,0.4739
2026-02-11T03:05:07+01:00,11350,4000019,673027,1410007,1372643,437785,0,106557,1.221768,0.4770
2026-02-11T03:05:12+01:00,11355,4000009,672039,1410008,1372642,438763,0,106557,1.219217,0.4801
2026-02-11T03:05:17+01:00,11360,4000014,671041,1410011,1372643,439762,0,106557,1.216666,0.4832
2026-02-11T03:05:22+01:00,11365,4000012,670059,1410013,1372643,440740,0,106557,1.214115,0.4863
2026-02-11T03:05:27+01:00,11370,4000016,669082,1410015,1372649,441713,0,106557,1.211564,0.4894
2026-02-11T03:05:32+01:00,11375,4000008,668253,1410016,1372654,442528,0,106557,1.209013,0.4920
2026-02-11T03:05:37+01:00,11380,4000013,667276,1410013,1372664,443503,0,106557,1.206472,0.4951
2026-02-11T03:05:42+01:00,11385,4000012,666295,1410017,1372676,444467,0,106557,1.203912,0.4982
2026-02-11T03:05:47+01:00,11390,4000016,665304,1410030,1372681,445444,0,106557,1.201360,0.5013
2026-02-11T03:05:52+01:00,11395,4000014,664316,1410037,1372686,446418,0,106557,1.198809,0.5045
2026-02-11T03:05:57+01:00,11400,4000014,663794,1410029,1372687,446947,0,106557,1.196258,0.5062
2026-02-11T03:06:02+01:00,11405,4000019,662953,1410033,1372693,447783,0,106557,1.193733,0.5089
2026-02-11T03:06:07+01:00,11410,4000005,661976,1410029,1372680,448763,0,106557,1.191157,0.5120
2026-02-11T03:06:12+01:00,11415,4000016,660978,1410030,1372694,449757,0,106557,1.188605,0.5152
2026-02-11T03:06:17+01:00,11420,4000012,659997,1410034,1372698,450726,0,106557,1.186055,0.5184
2026-02-11T03:06:22+01:00,11425,4000002,659728,1410046,1372700,450814,157,106557,1.186055,0.5193
2026-02-11T03:06:27+01:00,11430,4000006,659624,1410046,1372700,450922,157,106557,1.186055,0.5196
2026-02-11T03:06:32+01:00,11435,4000013,659300,1410046,1372700,451253,157,106557,1.186055,0.5207
2026-02-11T03:06:37+01:00,11440,4000016,658322,1410049,1372707,452182,199,106557,1.183551,0.5238
2026-02-11T03:06:42+01:00,11445,4000018,657341,1410050,1372712,452952,406,106557,1.180953,0.5270
2026-02-11T03:06:47+01:00,11450,4000017,656336,1410051,1372719,453783,145,106983,1.178402,0.5303
2026-02-11T03:06:52+01:00,11455,4000019,655365,1410058,1372720,453967,348,107561,1.175851,0.5335
2026-02-11T03:06:57+01:00,11460,4000020,654373,1410059,1372727,454145,514,108202,1.173300,0.5368
2026-02-11T03:07:02+01:00,11465,4000015,653397,1410060,1372731,454707,172,108948,1.170750,0.5400
2026-02-11T03:07:07+01:00,11470,4000018,652424,1410061,1372736,454918,351,109528,1.168199,0.5432
2026-02-11T03:07:12+01:00,11475,4000012,651444,1410060,1372742,455682,0,110084,1.165649,0.5465
2026-02-11T03:07:17+01:00,11480,4000015,650461,1410068,1372743,456610,49,110084,1.163096,0.5498
2026-02-11T03:07:22+01:00,11485,4000015,649466,1410076,1372749,457014,188,110522,1.160546,0.5531
2026-02-11T03:07:27+01:00,11490,4000018,648491,1410071,1372756,457472,318,110910,1.157995,0.5564
2026-02-11T03:07:32+01:00,11495,4000023,647499,1410077,1372757,458352,0,111338,1.155443,0.5597
2026-02-11T03:07:37+01:00,11500,4000014,646494,1410078,1372763,459341,0,111338,1.152891,0.5631
2026-02-11T03:07:42+01:00,11505,4000013,645525,1410081,1372769,460300,0,111338,1.150342,0.5664
2026-02-11T03:07:47+01:00,11510,4000014,644552,1410083,1372775,461266,0,111338,1.147792,0.5697
2026-02-11T03:07:52+01:00,11515,4000010,643571,1410084,1372780,462237,0,111338,1.145241,0.5730
2026-02-11T03:07:57+01:00,11520,4000021,642575,1410085,1372786,463228,9,111338,1.142688,0.5764
2026-02-11T03:08:02+01:00,11525,4000014,641599,1410088,1372791,463262,936,111338,1.140138,0.5797
2026-02-11T03:08:07+01:00,11530,4000006,641069,1410088,1372791,463408,822,111828,1.140138,0.5816
2026-02-11T03:08:12+01:00,11535,4000005,640791,1410088,1372793,463497,727,112109,1.137613,0.5825
2026-02-11T03:08:17+01:00,11540,4000005,640498,1410088,1372793,463680,605,112341,1.137613,0.5835
2026-02-11T03:08:22+01:00,11545,4000007,640214,1410088,1372793,463963,322,112627,1.137613,0.5845
2026-02-11T03:08:27+01:00,11550,4000004,639925,1410085,1372793,464212,73,112916,1.135083,0.5855
2026-02-11T03:08:32+01:00,11555,4000005,639624,1410087,1372796,464498,0,113000,1.135083,0.5865
2026-02-11T03:08:37+01:00,11560,4000008,639303,1410087,1372796,464822,0,113000,1.135083,0.5876
2026-02-11T03:08:42+01:00,11565,4000005,639031,1410088,1372796,465090,0,113000,1.135083,0.5886
2026-02-11T03:08:47+01:00,11570,4000006,638773,1410088,1372797,465348,0,113000,1.132532,0.5895
2026-02-11T03:08:52+01:00,11575,4000006,638483,1410088,1372797,465638,0,113000,1.132532,0.5905
2026-02-11T03:08:57+01:00,11580,4000005,638185,1410088,1372797,465935,0,113000,1.132532,0.5915
2026-02-11T03:09:02+01:00,11585,4000005,637931,1410086,1372797,466191,0,113000,1.129982,0.5924
2026-02-11T03:09:07+01:00,11590,4000005,637638,1410088,1372800,466479,0,113000,1.129982,0.5934
2026-02-11T03:09:12+01:00,11595,4000006,637317,1410088,1372800,466801,0,113000,1.129982,0.5945
2026-02-11T03:09:17+01:00,11600,4000005,637004,1410088,1372800,467113,0,113000,1.129982,0.5956
2026-02-11T03:09:22+01:00,11605,4000007,636661,1410089,1372802,467455,0,113000,1.127430,0.5968
2026-02-11T03:09:27+01:00,11610,4000004,636316,1410088,1372801,467774,25,113000,1.127430,0.5980
2026-02-11T03:09:32+01:00,11615,4000006,635978,1410085,1372802,468116,0,113025,1.124876,0.5992
2026-02-11T03:09:37+01:00,11620,4000005,635648,1410089,1372803,468440,0,113025,1.124876,0.6003
2026-02-11T03:09:42+01:00,11625,4000007,635315,1410089,1372803,468775,0,113025,1.124876,0.6015
2026-02-11T03:09:47+01:00,11630,4000007,634990,1410087,1372804,469101,0,113025,1.122326,0.6026
2026-02-11T03:09:52+01:00,11635,4000006,634667,1410090,1372805,469419,0,113025,1.122326,0.6037
2026-02-11T03:09:57+01:00,11640,4000003,634385,1410090,1372805,469698,0,113025,1.122326,0.6047
2026-02-11T03:10:02+01:00,11645,4000006,634141,1410090,1372805,469945,0,113025,1.122326,0.6056
2026-02-11T03:10:07+01:00,11650,4000006,633925,1410087,1372805,470107,57,113025,1.119780,0.6063
2026-02-11T03:10:12+01:00,11655,4000007,633572,1410091,1372806,470279,234,113025,1.119780,0.6076
2026-02-11T03:10:17+01:00,11660,4000008,633232,1410091,1372806,470348,506,113025,1.119780,0.6088
2026-02-11T03:10:22+01:00,11665,4000010,632899,1410092,1372804,470347,843,113025,1.117223,0.6100
2026-02-11T03:10:27+01:00,11670,4000016,632409,1410091,1372808,470344,1339,113025,1.117223,0.6117
2026-02-11T03:10:32+01:00,11675,4000013,631410,1410093,1372813,471270,1402,113025,1.114656,0.6152
2026-02-11T03:10:37+01:00,11680,4000016,630432,1410095,1372819,472242,573,113855,1.112077,0.6187
2026-02-11T03:10:42+01:00,11685,4000013,629437,1410092,1372831,473226,0,114427,1.109527,0.6222
2026-02-11T03:10:47+01:00,11690,4000013,628430,1410095,1372836,474225,0,114427,1.106974,0.6258
2026-02-11T03:10:52+01:00,11695,4000014,627444,1410094,1372839,475210,0,114427,1.104423,0.6293
2026-02-11T03:10:57+01:00,11700,4000014,626441,1410096,1372841,476209,0,114427,1.101874,0.6329
2026-02-11T03:11:02+01:00,11705,4000008,625437,1410097,1372844,477202,1,114427,1.099322,0.6365
2026-02-11T03:11:07+01:00,11710,4000016,624437,1410099,1372850,478200,3,114427,1.096771,0.6402
2026-02-11T03:11:12+01:00,11715,4000013,623436,1410106,1372845,479195,0,114431,1.094220,0.6438
2026-02-11T03:11:17+01:00,11720,4000015,622431,1410108,1372849,480196,0,114431,1.091668,0.6475
2026-02-11T03:11:22+01:00,11725,4000015,621448,1410111,1372852,481173,0,114431,1.089119,0.6510
2026-02-11T03:11:27+01:00,11730,4000020,620474,1410115,1372854,482146,0,114431,1.086569,0.6546
2026-02-11T03:11:32+01:00,11735,4000017,619470,1410117,1372861,482352,786,114431,1.084017,0.6583
2026-02-11T03:11:37+01:00,11740,4000018,618483,1410119,1372867,482545,1573,114431,1.081466,0.6619
2026-02-11T03:11:42+01:00,11745,4000015,617496,1410122,1372870,482726,2370,114431,1.078915,0.6656
2026-02-11T03:11:47+01:00,11750,4000016,616641,1410123,1372873,482887,2352,115140,1.076369,0.6687
2026-02-11T03:11:52+01:00,11755,4000016,615704,1410126,1372863,483071,2353,115899,1.073819,0.6722
2026-02-11T03:11:57+01:00,11760,4000004,614913,1410117,1372879,483471,2150,116474,1.071264,0.6752
2026-02-11T03:12:02+01:00,11765,4000004,614841,1410118,1372878,483471,2150,116546,1.071264,0.6754
2026-02-11T03:12:07+01:00,11770,4000016,613967,1410110,1372893,483663,1952,117431,1.068748,0.6787
2026-02-11T03:12:12+01:00,11775,4000015,612982,1410111,1372897,483948,1844,118233,1.066161,0.6824
2026-02-11T03:12:17+01:00,11780,4000017,611998,1410115,1372902,484033,1951,119018,1.063610,0.6861
2026-02-11T03:12:22+01:00,11785,4000012,611000,1410113,1372907,485004,1165,119823,1.061058,0.6898
2026-02-11T03:12:27+01:00,11790,4000015,610002,1410120,1372912,485993,359,120629,1.058507,0.6936
2026-02-11T03:12:32+01:00,11795,4000020,609020,1410123,1372915,486974,0,120988,1.058507,0.6974
2026-02-11T03:12:37+01:00,11800,4000013,608031,1410124,1372920,487950,0,120988,1.055957,0.7011
2026-02-11T03:12:42+01:00,11805,4000016,607043,1410125,1372927,488933,0,120988,1.053406,0.7049
2026-02-11T03:12:47+01:00,11810,4000011,606065,1410131,1372927,489900,0,120988,1.050855,0.7087
2026-02-11T03:12:52+01:00,11815,4000015,605058,1410131,1372932,490906,0,120988,1.048304,0.7125
2026-02-11T03:12:57+01:00,11820,4000018,604066,1410133,1372939,491892,0,120988,1.045752,0.7164
2026-02-11T03:13:02+01:00,11825,4000014,603085,1410138,1372940,492863,0,120988,1.043202,0.7202
2026-02-11T03:13:07+01:00,11830,4000016,602094,1410136,1372946,493852,0,120988,1.040652,0.7240
2026-02-11T03:13:12+01:00,11835,4000014,601104,1410136,1372952,494834,0,120988,1.038100,0.7279
2026-02-11T03:13:17+01:00,11840,4000013,600115,1410141,1372953,495816,0,120988,1.035549,0.7318
2026-02-11T03:13:22+01:00,11845,4000020,599130,1410141,1372961,496800,0,120988,1.032998,0.7356
2026-02-11T03:13:27+01:00,11850,4000017,598148,1410141,1372967,497773,0,120988,1.030447,0.7395
2026-02-11T03:13:32+01:00,11855,4000014,597186,1410149,1372965,498726,0,120988,1.027898,0.7433
2026-02-11T03:13:37+01:00,11860,4000013,596207,1410146,1372970,499702,0,120988,1.025346,0.7472
2026-02-11T03:13:42+01:00,11865,4000014,595216,1410148,1372974,500688,0,120988,1.022795,0.7511
2026-02-11T03:13:47+01:00,11870,4000007,594719,1410142,1372971,501187,0,120988,1.020245,0.7531
2026-02-11T03:13:52+01:00,11875,4000005,594440,1410142,1372975,501460,0,120988,1.020245,0.7542
2026-02-11T03:13:57+01:00,11880,4000004,594156,1410143,1372975,501742,0,120988,1.020245,0.7553
2026-02-11T03:14:02+01:00,11885,4000005,593866,1410141,1372975,502035,0,120988,1.017739,0.7565
2026-02-11T03:14:07+01:00,11890,4000006,593571,1410144,1372973,502330,0,120988,1.017739,0.7577
2026-02-11T03:14:12+01:00,11895,4000005,593292,1410143,1372977,502605,0,120988,1.017739,0.7588
2026-02-11T03:14:17+01:00,11900,4000006,592999,1410141,1372977,502901,0,120988,1.015189,0.7599
2026-02-11T03:14:22+01:00,11905,4000007,592671,1410144,1372974,503230,0,120988,1.015189,0.7613
2026-02-11T03:14:27+01:00,11910,4000005,592361,1410145,1372978,503533,0,120988,1.015189,0.7625
2026-02-11T03:14:32+01:00,11915,4000005,592146,1410144,1372979,503708,0,121028,1.015189,0.7634
2026-02-11T03:14:37+01:00,11920,4000016,591214,1410146,1372984,504644,0,121028,1.012637,0.7671
2026-02-11T03:14:42+01:00,11925,4000014,590222,1410146,1372990,505628,0,121028,1.010040,0.7711
2026-02-11T03:14:47+01:00,11930,4000016,589253,1410145,1373000,506590,0,121028,1.007490,0.7751
2026-02-11T03:14:52+01:00,11935,4000020,588324,1410145,1373008,507515,0,121028,1.004940,0.7789
2026-02-11T03:14:57+01:00,11940,4000014,587328,1410148,1373013,508497,0,121028,1.002389,0.7829
2026-02-11T03:15:02+01:00,11945,4000015,586341,1410145,1373020,509481,0,121028,0.999835,0.7870
2026-02-11T03:15:07+01:00,11950,4000015,585349,1410148,1373028,510462,0,121028,0.997285,0.7910
2026-02-11T03:15:12+01:00,11955,4000015,584356,1410153,1373033,511445,0,121028,0.994734,0.7951
2026-02-11T03:15:17+01:00,11960,4000019,583386,1410156,1373038,512411,0,121028,0.992184,0.7992
2026-02-11T03:15:22+01:00,11965,4000013,582406,1410157,1373041,513381,0,121028,0.989633,0.8032
2026-02-11T03:15:27+01:00,11970,4000017,581420,1410162,1373046,514118,243,121028,0.987082,0.8073
2026-02-11T03:15:32+01:00,11975,4000013,580418,1410162,1373052,514336,1017,121028,0.984530,0.8115
2026-02-11T03:15:37+01:00,11980,4000016,579428,1410164,1373059,514493,935,121937,0.981978,0.8157
2026-02-11T03:15:42+01:00,11985,4000012,578468,1410166,1373057,514714,886,122721,0.979429,0.8197
2026-02-11T03:15:47+01:00,11990,4000018,577496,1410176,1373049,515657,139,123501,0.976879,0.8238
2026-02-11T03:15:52+01:00,11995,4000013,576516,1410180,1373053,516616,0,123648,0.974327,0.8280
2026-02-11T03:15:57+01:00,12000,4000011,575514,1410179,1373060,517392,0,123866,0.971774,0.8323
2026-02-11T03:16:02+01:00,12005,4000016,574531,1410180,1373066,517630,307,124302,0.969225,0.8365
2026-02-11T03:16:07+01:00,12010,4000013,573541,1410182,1373073,518303,24,124890,0.966674,0.8407
2026-02-11T03:16:12+01:00,12015,4000016,572567,1410182,1373080,518813,99,125275,0.964123,0.8449
2026-02-11T03:16:17+01:00,12020,4000012,571577,1410185,1373084,519298,208,125660,0.961572,0.8491
2026-02-11T03:16:22+01:00,12025,4000006,570817,1410177,1373098,519406,351,126157,0.959021,0.8524
2026-02-11T03:16:27+01:00,12030,4000008,570543,1410177,1373099,519439,320,126430,0.959021,0.8536
2026-02-11T03:16:32+01:00,12035,4000012,570340,1410178,1373104,519453,318,126619,0.959021,0.8545
2026-02-11T03:16:37+01:00,12040,4000011,570026,1410177,1373104,519454,381,126869,0.959021,0.8558
2026-02-11T03:16:42+01:00,12045,4000006,569707,1410177,1373101,519462,370,127189,0.956518,0.8572
2026-02-11T03:16:47+01:00,12050,4000008,569392,1410177,1373106,519513,380,127440,0.956518,0.8586
2026-02-11T03:16:52+01:00,12055,4000008,569045,1410177,1373106,519585,380,127715,0.956518,0.8601
2026-02-11T03:16:57+01:00,12060,4000007,568710,1410178,1373103,519584,444,127988,0.953964,0.8616
2026-02-11T03:17:02+01:00,12065,4000006,568417,1410178,1373103,519603,424,128281,0.953964,0.8629
2026-02-11T03:17:07+01:00,12070,4000007,568133,1410178,1373108,519672,415,128501,0.953964,0.8641
2026-02-11T03:17:12+01:00,12075,4000018,567372,1410182,1373111,519657,615,129081,0.951414,0.8674
2026-02-11T03:17:17+01:00,12080,4000012,566405,1410184,1373102,520033,425,129863,0.948818,0.8717
2026-02-11T03:17:22+01:00,12085,4000018,565421,1410190,1373101,520233,473,130600,0.946267,0.8760
2026-02-11T03:17:27+01:00,12090,4000015,564441,1410191,1373105,520698,342,131238,0.943716,0.8804
2026-02-11T03:17:32+01:00,12095,4000017,563449,1410193,1373110,521686,0,131579,0.941165,0.8848
2026-02-11T03:17:37+01:00,12100,4000015,562461,1410195,1373116,522664,0,131579,0.938612,0.8892
2026-02-11T03:17:42+01:00,12105,4000013,561472,1410195,1373122,523645,0,131579,0.936063,0.8936
2026-02-11T03:17:47+01:00,12110,4000013,560480,1410195,1373129,524630,0,131579,0.933511,0.8980
2026-02-11T03:17:52+01:00,12115,4000011,559495,1410198,1373131,525608,0,131579,0.930961,0.9024
2026-02-11T03:17:57+01:00,12120,4000015,558496,1410201,1373131,526608,0,131579,0.928409,0.9070
2026-02-11T03:18:02+01:00,12125,4000005,558112,1410200,1373138,526976,0,131579,0.928409,0.9087
2026-02-11T03:18:07+01:00,12130,4000007,557829,1410197,1373138,527154,110,131579,0.925890,0.9100
2026-02-11T03:18:12+01:00,12135,4000008,557538,1410201,1373135,527153,402,131579,0.925890,0.9113
2026-02-11T03:18:17+01:00,12140,4000007,557268,1410200,1373138,527202,620,131579,0.925890,0.9125
2026-02-11T03:18:22+01:00,12145,4000004,557000,1410198,1373137,527202,888,131579,0.923356,0.9137
2026-02-11T03:18:27+01:00,12150,4000008,556736,1410201,1373136,527202,1154,131579,0.923356,0.9149
2026-02-11T03:18:32+01:00,12155,4000005,556461,1410200,1373135,527217,1287,131705,0.923356,0.9162
2026-02-11T03:18:37+01:00,12160,4000009,556183,1410201,1373139,527262,1239,131985,0.923356,0.9175
2026-02-11T03:18:42+01:00,12165,4000006,555867,1410198,1373139,527263,1239,132300,0.920805,0.9189
2026-02-11T03:18:47+01:00,12170,4000006,555633,1410201,1373137,527266,1234,132535,0.920805,0.9200
2026-02-11T03:18:52+01:00,12175,4000007,555395,1410201,1373138,527310,1236,132727,0.920805,0.9211
2026-02-11T03:18:57+01:00,12180,4000007,555068,1410200,1373142,527438,1103,133056,0.920805,0.9226
2026-02-11T03:19:02+01:00,12185,4000008,554742,1410201,1373140,527593,947,133385,0.918254,0.9241
2026-02-11T03:19:07+01:00,12190,4000006,554416,1410200,1373139,527866,741,133644,0.918254,0.9255
2026-02-11T03:19:12+01:00,12195,4000008,554101,1410201,1373145,527960,643,133958,0.918254,0.9270
2026-02-11T03:19:17+01:00,12200,4000008,553757,1410202,1373141,528227,375,134306,0.915700,0.9286
2026-02-11T03:19:22+01:00,12205,4000007,553414,1410202,1373140,528246,425,134580,0.915700,0.9302
2026-02-11T03:19:27+01:00,12210,4000006,553069,1410201,1373144,528480,256,134856,0.915700,0.9317
2026-02-11T03:19:32+01:00,12215,4000004,552749,1410201,1373141,528802,0,135111,0.913148,0.9332
2026-02-11T03:19:37+01:00,12220,4000012,551844,1410192,1373157,529512,1,135306,0.910579,0.9374
2026-02-11T03:19:42+01:00,12225,4000021,550861,1410191,1373166,529843,413,135547,0.908003,0.9419
2026-02-11T03:19:47+01:00,12230,4000018,549848,1410194,1373173,530656,44,136103,0.905450,0.9467
2026-02-11T03:19:52+01:00,12235,4000019,548856,1410196,1373178,530835,239,136715,0.902899,0.9513
2026-02-11T03:19:57+01:00,12240,4000015,547859,1410198,1373182,531605,11,137160,0.900349,0.9560
2026-02-11T03:20:02+01:00,12245,4000014,546868,1410200,1373187,532588,0,137171,0.897798,0.9607
2026-02-11T03:20:07+01:00,12250,4000021,545891,1410202,1373192,533565,0,137171,0.895248,0.9653
2026-02-11T03:20:12+01:00,12255,4000014,544907,1410204,1373197,534528,7,137171,0.892697,0.9699
2026-02-11T03:20:17+01:00,12260,4000018,543907,1410204,1373204,535214,311,137178,0.890145,0.9747
2026-02-11T03:20:22+01:00,12265,4000013,542901,1410203,1373211,535903,65,137730,0.887593,0.9795
2026-02-11T03:20:27+01:00,12270,4000014,541915,1410200,1373216,536342,165,138176,0.885043,0.9842
2026-02-11T03:20:32+01:00,12275,4000017,540927,1410205,1373215,537302,0,138368,0.882493,0.9890
2026-02-11T03:20:37+01:00,12280,4000015,539947,1410207,1373219,538274,0,138368,0.879942,0.9937
2026-02-11T03:20:42+01:00,12285,4000015,538960,1410203,1373224,539260,0,138368,0.877391,0.9985
2026-02-11T03:20:47+01:00,12290,4000008,537988,1410210,1373223,540219,0,138368,0.874841,1.0032
2026-02-11T03:20:52+01:00,12295,4000009,536996,1410211,1373229,541205,0,138368,0.872289,1.0081
2026-02-11T03:20:57+01:00,12300,4000025,536019,1410221,1373235,542182,0,138368,0.872289,1.0129
2026-02-11T03:21:02+01:00,12305,4000014,535029,1410218,1373240,543159,0,138368,0.869739,1.0177
2026-02-11T03:21:07+01:00,12310,4000014,534036,1410217,1373247,544146,0,138368,0.867187,1.0226
2026-02-11T03:21:12+01:00,12315,4000015,533020,1410219,1373253,545155,0,138368,0.864635,1.0277
2026-02-11T03:21:17+01:00,12320,4000017,532019,1410223,1373258,546149,0,138368,0.862083,1.0327
2026-02-11T03:21:22+01:00,12325,4000022,531193,1410224,1373261,546976,0,138368,0.859533,1.0368
2026-02-11T03:21:27+01:00,12330,4000014,530190,1410225,1373267,547950,14,138368,0.856992,1.0418
2026-02-11T03:21:32+01:00,12335,4000011,529208,1410225,1373258,548938,0,138382,0.854432,1.0467
2026-02-11T03:21:37+01:00,12340,4000014,528214,1410226,1373262,549930,0,138382,0.851882,1.0518
2026-02-11T03:21:42+01:00,12345,4000015,527226,1410227,1373267,550913,0,138382,0.849330,1.0568
2026-02-11T03:21:47+01:00,12350,4000017,526219,1410229,1373274,551485,245,138565,0.846778,1.0619
2026-02-11T03:21:52+01:00,12355,4000015,525221,1410231,1373281,551721,398,139163,0.844228,1.0670
2026-02-11T03:21:57+01:00,12360,4000013,524247,1410233,1373285,551846,452,139950,0.841677,1.0720
2026-02-11T03:22:02+01:00,12365,4000018,523260,1410234,1373293,552019,671,140541,0.839127,1.0771
2026-02-11T03:22:07+01:00,12370,4000018,522274,1410235,1373299,552396,483,141331,0.836576,1.0821
2026-02-11T03:22:12+01:00,12375,4000016,521280,1410238,1373304,552589,480,142125,0.834024,1.0873
2026-02-11T03:22:17+01:00,12380,4000017,520299,1410240,1373312,552777,479,142910,0.831474,1.0924
2026-02-11T03:22:22+01:00,12385,4000007,519889,1410238,1373327,552911,388,143254,0.828937,1.0945
2026-02-11T03:22:27+01:00,12390,4000007,519608,1410241,1373325,552910,433,143490,0.828937,1.0960
2026-02-11T03:22:32+01:00,12395,4000007,519319,1410241,1373325,552911,443,143768,0.828937,1.0975
2026-02-11T03:22:37+01:00,12400,4000006,519057,1410240,1373329,552958,442,143980,0.828937,1.0989
2026-02-11T03:22:42+01:00,12405,4000004,518784,1410237,1373328,553010,390,144255,0.826420,1.1003
2026-02-11T03:22:47+01:00,12410,4000007,518500,1410240,1373326,553010,438,144493,0.826420,1.1018
2026-02-11T03:22:52+01:00,12415,4000010,518219,1410240,1373326,553010,438,144777,0.826420,1.1033
2026-02-11T03:22:57+01:00,12420,4000009,517924,1410238,1373331,553005,497,145014,0.823869,1.1048
2026-02-11T03:23:02+01:00,12425,4000007,517622,1410242,1373328,553287,218,145310,0.823869,1.1064
2026-02-11T03:23:07+01:00,12430,4000005,517322,1410241,1373327,553587,0,145528,0.823869,1.1080
2026-02-11T03:23:12+01:00,12435,4000005,517055,1410241,1373331,553850,0,145528,0.823869,1.1094
2026-02-11T03:23:17+01:00,12440,4000007,516775,1410238,1373331,554135,0,145528,0.821318,1.1109
2026-02-11T03:23:22+01:00,12445,4000005,516455,1410242,1373327,554453,0,145528,0.821318,1.1126
2026-02-11T03:23:27+01:00,12450,4000007,516129,1410243,1373328,554779,0,145528,0.821318,1.1143
2026-02-11T03:23:32+01:00,12455,4000005,515912,1410240,1373332,554993,0,145528,0.818765,1.1155
2026-02-11T03:23:37+01:00,12460,4000007,515569,1410243,1373330,555337,0,145528,0.818765,1.1173
2026-02-11T03:23:42+01:00,12465,4000005,515223,1410242,1373330,555682,0,145528,0.818765,1.1191
2026-02-11T03:23:47+01:00,12470,4000006,514887,1410241,1373334,556016,0,145528,0.816214,1.1209
2026-02-11T03:23:52+01:00,12475,4000005,514559,1410243,1373331,556147,197,145528,0.816214,1.1226
2026-02-11T03:23:57+01:00,12480,4000016,513813,1410233,1373346,556152,944,145528,0.813653,1.1266
2026-02-11T03:24:02+01:00,12485,4000016,512808,1410234,1373351,556539,1556,145528,0.811065,1.1320
2026-02-11T03:24:07+01:00,12490,4000017,511804,1410235,1373359,556928,2163,145528,0.808513,1.1374
2026-02-11T03:24:12+01:00,12495,4000013,510820,1410238,1373364,557776,1413,146402,0.805965,1.1427
2026-02-11T03:24:17+01:00,12500,4000014,509832,1410241,1373369,558756,610,147206,0.803413,1.1481
2026-02-11T03:24:22+01:00,12505,4000022,508818,1410242,1373376,559771,0,147815,0.800861,1.1536
2026-02-11T03:24:27+01:00,12510,4000016,507804,1410239,1373387,560771,0,147815,0.798311,1.1591
2026-02-11T03:24:32+01:00,12515,4000014,506800,1410240,1373392,561767,0,147815,0.795759,1.1646
2026-02-11T03:24:37+01:00,12520,4000013,505788,1410241,1373397,562772,0,147815,0.793208,1.1702
2026-02-11T03:24:42+01:00,12525,4000015,504802,1410243,1373402,563753,0,147815,0.790659,1.1756
2026-02-11T03:24:47+01:00,12530,4000021,503817,1410246,1373410,564733,0,147815,0.788107,1.1811
2026-02-11T03:24:52+01:00,12535,4000014,502828,1410247,1373415,565709,0,147815,0.785556,1.1866
2026-02-11T03:24:57+01:00,12540,4000014,501827,1410250,1373418,566704,0,147815,0.783005,1.1922
2026-02-11T03:25:02+01:00,12545,4000015,500835,1410246,1373428,567691,0,147815,0.780455,1.1978
2026-02-11T03:25:07+01:00,12550,4000014,499850,1410237,1373444,568668,0,147815,0.777904,1.2033
2026-02-11T03:25:12+01:00,12555,4000018,498870,1410236,1373450,569647,0,147815,0.775354,1.2088
2026-02-11T03:25:17+01:00,12560,4000015,497875,1410233,1373463,570629,0,147815,0.772802,1.2145
2026-02-11T03:25:22+01:00,12565,4000013,496890,1410234,1373469,571605,0,147815,0.770252,1.2201
2026-02-11T03:25:27+01:00,12570,4000014,495900,1410235,1373474,572590,0,147815,0.767700,1.2258
2026-02-11T03:25:32+01:00,12575,4000012,494902,1410237,1373480,573578,0,147815,0.765149,1.2315
2026-02-11T03:25:37+01:00,12580,4000018,493904,1410241,1373488,574570,0,147815,0.762598,1.2373
2026-02-11T03:25:42+01:00,12585,4000015,492907,1410241,1373495,575557,0,147815,0.760047,1.2430
2026-02-11T03:25:47+01:00,12590,4000006,491977,1410246,1373484,576484,0,147815,0.757499,1.2485
2026-02-11T03:25:52+01:00,12595,4000014,490994,1410248,1373491,577466,0,147815,0.754946,1.2542
2026-02-11T03:25:57+01:00,12600,4000018,489986,1410256,1373489,578471,1,147815,0.752393,1.2601
2026-02-11T03:26:02+01:00,12605,4000016,488997,1410255,1373495,579453,1,147815,0.749843,1.2659
2026-02-11T03:26:07+01:00,12610,4000015,487998,1410258,1373501,580442,1,147815,0.747292,1.2719
2026-02-11T03:26:12+01:00,12615,4000014,486989,1410260,1373510,581439,1,147815,0.744740,1.2778
2026-02-11T03:26:17+01:00,12620,4000014,485995,1410263,1373514,582426,1,147815,0.742190,1.2838
2026-02-11T03:26:22+01:00,12625,4000010,485000,1410264,1373518,583412,0,147816,0.739640,1.2897
2026-02-11T03:26:27+01:00,12630,4000018,484011,1410273,1373523,584395,0,147816,0.739640,1.2957
2026-02-11T03:26:32+01:00,12635,4000014,483019,1410273,1373527,585379,0,147816,0.737089,1.3017
2026-02-11T03:26:37+01:00,12640,4000016,482032,1410276,1373530,586362,0,147816,0.734537,1.3077
2026-02-11T03:26:42+01:00,12645,4000020,481026,1410276,1373534,587344,24,147816,0.731987,1.3138
2026-02-11T03:26:47+01:00,12650,4000006,480526,1410280,1373541,587819,24,147816,0.729435,1.3168
2026-02-11T03:26:52+01:00,12655,4000005,480264,1410280,1373541,588080,24,147816,0.729435,1.3184
2026-02-11T03:26:57+01:00,12660,4000004,479990,1410279,1373540,588355,24,147816,0.726929,1.3201
2026-02-11T03:27:02+01:00,12665,4000004,479722,1410280,1373541,588621,24,147816,0.726929,1.3218
2026-02-11T03:27:07+01:00,12670,4000007,479423,1410283,1373540,588921,22,147818,0.726929,1.3236
2026-02-11T03:27:12+01:00,12675,4000004,479116,1410283,1373540,589225,0,147840,0.726929,1.3255
2026-02-11T03:27:17+01:00,12680,4000006,478819,1410282,1373546,589519,0,147840,0.724382,1.3273
2026-02-11T03:27:22+01:00,12685,4000005,478522,1410285,1373542,589816,0,147840,0.724382,1.3291
2026-02-11T03:27:27+01:00,12690,4000006,478259,1410285,1373542,590080,0,147840,0.724382,1.3308
2026-02-11T03:27:32+01:00,12695,4000007,477976,1410282,1373542,590367,0,147840,0.721831,1.3325
2026-02-11T03:27:37+01:00,12700,4000004,477705,1410285,1373544,590630,0,147840,0.721831,1.3342
2026-02-11T03:27:42+01:00,12705,4000004,477436,1410284,1373544,590900,0,147840,0.721831,1.3358
2026-02-11T03:27:47+01:00,12710,4000006,477124,1410285,1373545,591212,0,147840,0.721831,1.3378
2026-02-11T03:27:52+01:00,12715,4000005,476832,1410282,1373549,591502,0,147840,0.719280,1.3396
2026-02-11T03:27:57+01:00,12720,4000005,476503,1410285,1373547,591830,0,147840,0.719280,1.3416
2026-02-11T03:28:02+01:00,12725,4000006,476165,1410285,1373546,592039,131,147840,0.719280,1.3437
2026-02-11T03:28:07+01:00,12730,4000007,475814,1410282,1373552,592104,415,147840,0.716726,1.3459
2026-02-11T03:28:12+01:00,12735,4000010,475474,1410286,1373549,592241,377,148083,0.716726,1.3480
2026-02-11T03:28:17+01:00,12740,4000006,475140,1410285,1373548,592241,442,148350,0.716726,1.3501
2026-02-11T03:28:22+01:00,12745,4000018,474517,1410292,1373557,592446,413,148793,0.714175,1.3540
2026-02-11T03:28:27+01:00,12750,4000020,473516,1410293,1373564,592809,233,149605,0.711582,1.3603
2026-02-11T03:28:32+01:00,12755,4000020,472505,1410295,1373570,593001,424,150225,0.709028,1.3667
2026-02-11T03:28:37+01:00,12760,4000030,471509,1410296,1373574,593405,379,150867,0.706477,1.3730
2026-02-11T03:28:42+01:00,12765,4000015,470529,1410297,1373580,593556,457,151596,0.703927,1.3792
2026-02-11T03:28:47+01:00,12770,4000015,469547,1410293,1373585,594537,0,152053,0.701376,1.3855
2026-02-11T03:28:52+01:00,12775,4000014,468539,1410294,1373590,595538,0,152053,0.698824,1.3919
2026-02-11T03:28:57+01:00,12780,4000016,467540,1410297,1373596,596530,0,152053,0.696273,1.3984
2026-02-11T03:29:02+01:00,12785,4000018,466529,1410299,1373600,597537,0,152053,0.693722,1.4049
2026-02-11T03:29:07+01:00,12790,4000015,465525,1410300,1373608,598529,0,152053,0.691170,1.4114
2026-02-11T03:29:12+01:00,12795,4000013,464530,1410303,1373613,599514,0,152053,0.688620,1.4179
2026-02-11T03:29:17+01:00,12800,4000012,463532,1410311,1373611,600505,0,152053,0.686070,1.4245
2026-02-11T03:29:22+01:00,12805,4000013,462543,1410313,1373612,601492,0,152053,0.683518,1.4310
2026-02-11T03:29:27+01:00,12810,4000016,461553,1410316,1373612,602482,0,152053,0.680967,1.4376
2026-02-11T03:29:32+01:00,12815,4000014,460558,1410314,1373620,603469,0,152053,0.678418,1.4442
2026-02-11T03:29:37+01:00,12820,4000015,459568,1410316,1373625,604453,0,152053,0.675866,1.4508
2026-02-11T03:29:42+01:00,12825,4000012,458576,1410316,1373631,605436,0,152053,0.673315,1.4574
2026-02-11T03:29:47+01:00,12830,4000003,457701,1410308,1373646,606295,0,152053,0.670768,1.4633
2026-02-11T03:29:52+01:00,12835,4000024,456888,1410304,1373644,607135,0,152053,0.668226,1.4687
2026-02-11T03:29:57+01:00,12840,4000017,455868,1410307,1373648,608134,7,152053,0.665661,1.4756
2026-02-11T03:30:02+01:00,12845,4000016,454865,1410309,1373651,609121,17,152053,0.663110,1.4825
2026-02-11T03:30:07+01:00,12850,4000017,453857,1410316,1373651,609613,527,152053,0.660560,1.4894
2026-02-11T03:30:12+01:00,12855,4000013,452856,1410319,1373656,610471,658,152053,0.658009,1.4962
2026-02-11T03:30:17+01:00,12860,4000025,451852,1410321,1373662,611268,712,152210,0.655458,1.5032
2026-02-11T03:30:22+01:00,12865,4000015,450860,1410323,1373667,611594,565,153006,0.652907,1.5100
2026-02-11T03:30:27+01:00,12870,4000019,449861,1410325,1373672,611611,741,153809,0.650356,1.5170
2026-02-11T03:30:32+01:00,12875,4000016,448879,1410333,1373676,612558,0,154570,0.647806,1.5239
2026-02-11T03:30:37+01:00,12880,4000013,447883,1410345,1373681,613534,0,154570,0.645254,1.5309
2026-02-11T03:30:42+01:00,12885,4000021,446882,1410354,1373686,614529,0,154570,0.642703,1.5380
2026-02-11T03:30:47+01:00,12890,4000013,445879,1410366,1373687,615174,301,154606,0.640152,1.5451
2026-02-11T03:30:52+01:00,12895,4000018,444915,1410368,1373694,615563,280,155198,0.637603,1.5519
2026-02-11T03:30:57+01:00,12900,4000014,443920,1410371,1373699,616102,130,155792,0.635051,1.5590
2026-02-11T03:31:02+01:00,12905,4000019,442934,1410371,1373700,616358,266,156390,0.632500,1.5661
2026-02-11T03:31:07+01:00,12910,4000025,441954,1410373,1373706,616539,466,156987,0.629950,1.5732
2026-02-11T03:31:12+01:00,12915,4000015,440971,1410374,1373711,616934,305,157720,0.627399,1.5803
2026-02-11T03:31:17+01:00,12920,4000005,440420,1410384,1373716,617272,94,158119,0.627399,1.5843
2026-02-11T03:31:22+01:00,12925,4000004,440132,1410384,1373716,617510,49,158213,0.627399,1.5864
2026-02-11T03:31:27+01:00,12930,4000006,439840,1410382,1373717,617531,120,158416,0.624887,1.5885
2026-02-11T03:31:32+01:00,12935,4000009,439553,1410387,1373717,617737,51,158564,0.624887,1.5907
2026-02-11T03:31:37+01:00,12940,4000007,439291,1410386,1373717,617844,43,158726,0.624887,1.5926
2026-02-11T03:31:42+01:00,12945,4000007,439000,1410385,1373717,617845,151,158909,0.622345,1.5947
2026-02-11T03:31:47+01:00,12950,4000007,438698,1410383,1373717,617844,208,159157,0.622345,1.5969
2026-02-11T03:31:52+01:00,12955,4000008,438386,1410386,1373719,617960,155,159402,0.622345,1.5992
2026-02-11T03:31:57+01:00,12960,4000007,438086,1410386,1373718,617961,222,159634,0.622345,1.6014
2026-02-11T03:32:02+01:00,12965,4000006,437834,1410384,1373718,618170,64,159836,0.619792,1.6032
2026-02-11T03:32:07+01:00,12970,4000005,437579,1410386,1373719,618166,164,159991,0.619792,1.6051
2026-02-11T03:32:12+01:00,12975,4000007,437355,1410386,1373720,618166,230,160150,0.619792,1.6068
2026-02-11T03:32:17+01:00,12980,4000008,437024,1410386,1373721,618302,161,160414,0.619792,1.6092
2026-02-11T03:32:22+01:00,12985,4000009,436703,1410384,1373720,618303,226,160673,0.617244,1.6116
2026-02-11T03:32:27+01:00,12990,4000006,436378,1410388,1373721,618297,292,160930,0.617244,1.6140
2026-02-11T03:32:32+01:00,12995,4000008,436038,1410389,1373721,618449,208,161203,0.617244,1.6165
2026-02-11T03:32:37+01:00,13000,4000011,435687,1410386,1373721,618512,217,161488,0.614688,1.6191
2026-02-11T03:32:42+01:00,13005,4000007,435347,1410391,1373721,618524,268,161756,0.614688,1.6217
2026-02-11T03:32:47+01:00,13010,4000008,435012,1410391,1373721,618576,284,162024,0.614688,1.6242
2026-02-11T03:32:52+01:00,13015,4000018,434348,1410398,1373728,618770,256,162518,0.612137,1.6291
2026-02-11T03:32:57+01:00,13020,4000017,433345,1410399,1373728,618956,461,163128,0.609557,1.6366
2026-02-11T03:33:02+01:00,13025,4000026,432343,1410400,1373733,619354,338,163858,0.606990,1.6442
2026-02-11T03:33:07+01:00,13030,4000014,431356,1410402,1373741,620138,0,164377,0.604439,1.6517
2026-02-11T03:33:12+01:00,13035,4000015,430363,1410404,1373745,621126,0,164377,0.601889,1.6592
2026-02-11T03:33:17+01:00,13040,4000017,429363,1410406,1373754,622117,0,164377,0.599337,1.6668
2026-02-11T03:33:22+01:00,13045,4000016,428356,1410408,1373758,623117,0,164377,0.596786,1.6746
2026-02-11T03:33:27+01:00,13050,4000016,427357,1410406,1373764,624112,0,164377,0.594235,1.6823
2026-02-11T03:33:32+01:00,13055,4000014,426345,1410407,1373771,625114,0,164377,0.591684,1.6901
2026-02-11T03:33:37+01:00,13060,4000015,425334,1410410,1373778,626116,0,164377,0.589133,1.6980
2026-02-11T03:33:42+01:00,13065,4000016,424339,1410413,1373785,627102,0,164377,0.586582,1.7058
2026-02-11T03:33:47+01:00,13070,4000015,423344,1410413,1373792,628089,0,164377,0.584032,1.7136
2026-02-11T03:33:52+01:00,13075,4000023,422346,1410418,1373795,629087,0,164377,0.581480,1.7215
2026-02-11T03:33:57+01:00,13080,4000017,421355,1410417,1373801,629828,239,164377,0.578930,1.7293
2026-02-11T03:34:02+01:00,13085,4000018,420367,1410419,1373807,630422,626,164377,0.576379,1.7372
2026-02-11T03:34:07+01:00,13090,4000014,419384,1410421,1373812,630606,1414,164377,0.573829,1.7450
2026-02-11T03:34:12+01:00,13095,4000014,419000,1410413,1373812,630997,1060,164732,0.571303,1.7481
2026-02-11T03:34:17+01:00,13100,4000024,418023,1410418,1373820,631972,258,165533,0.571303,1.7560
2026-02-11T03:34:22+01:00,13105,4000020,417040,1410421,1373821,632585,58,166095,0.568727,1.7639
2026-02-11T03:34:27+01:00,13110,4000017,416053,1410421,1373828,632772,408,166535,0.566176,1.7720
2026-02-11T03:34:32+01:00,13115,4000018,415077,1410423,1373834,633155,216,167313,0.563625,1.7799
2026-02-11T03:34:37+01:00,13120,4000017,414096,1410426,1373839,633345,393,167918,0.561075,1.7880
2026-02-11T03:34:42+01:00,13125,4000026,413110,1410428,1373845,633535,485,168623,0.558523,1.7961
2026-02-11T03:34:47+01:00,13130,4000015,412161,1410430,1373853,634446,0,169125,0.555972,1.8040
2026-02-11T03:34:52+01:00,13135,4000016,411183,1410431,1373858,634962,128,169454,0.553424,1.8121
2026-02-11T03:34:57+01:00,13140,4000018,410195,1410427,1373863,635951,0,169582,0.550871,1.8204
2026-02-11T03:35:02+01:00,13145,4000016,409203,1410428,1373868,636935,0,169582,0.548318,1.8287
2026-02-11T03:35:07+01:00,13150,4000022,408226,1410430,1373870,637062,852,169582,0.545769,1.8370
2026-02-11T03:35:12+01:00,13155,4000017,407237,1410434,1373874,637929,98,170445,0.543218,1.8454
2026-02-11T03:35:17+01:00,13160,4000016,406256,1410435,1373878,638904,0,170543,0.540667,1.8538
2026-02-11T03:35:22+01:00,13165,4000010,405280,1410437,1373882,639868,0,170543,0.538116,1.8621
2026-02-11T03:35:27+01:00,13170,4000015,404302,1410440,1373886,640844,0,170543,0.535565,1.8705
2026-02-11T03:35:32+01:00,13175,4000024,403310,1410443,1373890,641838,0,170543,0.533014,1.8791
2026-02-11T03:35:37+01:00,13180,4000003,402470,1410445,1373879,642660,6,170543,0.530462,1.8864
2026-02-11T03:35:42+01:00,13185,4000005,402210,1410446,1373884,642909,13,170543,0.530462,1.8887
2026-02-11T03:35:47+01:00,13190,4000005,401963,1410444,1373883,643030,73,170612,0.527952,1.8909
2026-02-11T03:35:52+01:00,13195,4000006,401695,1410444,1373884,643030,171,170782,0.527952,1.8932
2026-02-11T03:35:57+01:00,13200,4000009,401432,1410446,1373882,643030,242,170977,0.527952,1.8955
2026-02-11T03:36:02+01:00,13205,4000006,401173,1410446,1373885,643095,200,171207,0.527952,1.8978
2026-02-11T03:36:07+01:00,13210,4000006,400886,1410443,1373885,643385,0,171407,0.525410,1.9003
2026-02-11T03:36:12+01:00,13215,4000005,400574,1410443,1373887,643694,0,171407,0.525410,1.9030
2026-02-11T03:36:17+01:00,13220,4000004,400260,1410446,1373889,644002,0,171407,0.525410,1.9058
2026-02-11T03:36:22+01:00,13225,4000008,399998,1410445,1373889,644269,0,171407,0.522857,1.9081
2026-02-11T03:36:27+01:00,13230,4000006,399727,1410445,1373889,644271,267,171407,0.522857,1.9105
2026-02-11T03:36:32+01:00,13235,4000005,399460,1410448,1373885,644273,532,171407,0.522857,1.9129
2026-02-11T03:36:37+01:00,13240,4000007,399170,1410448,1373890,644320,772,171407,0.522857,1.9154
2026-02-11T03:36:42+01:00,13245,4000008,398860,1410446,1373890,644321,778,171713,0.520307,1.9182
2026-02-11T03:36:47+01:00,13250,4000007,398582,1410446,1373890,644380,717,171992,0.520307,1.9206
2026-02-11T03:36:52+01:00,13255,4000008,398263,1410449,1373891,644382,777,172246,0.520307,1.9235
2026-02-11T03:36:57+01:00,13260,4000006,397919,1410446,1373890,644382,776,172593,0.517754,1.9265
2026-02-11T03:37:02+01:00,13265,4000007,397582,1410447,1373891,644432,725,172930,0.517754,1.9295
2026-02-11T03:37:07+01:00,13270,4000008,397248,1410449,1373891,644515,708,173197,0.517754,1.9325
2026-02-11T03:37:12+01:00,13275,4000006,396936,1410448,1373891,644574,648,173509,0.515202,1.9353
2026-02-11T03:37:17+01:00,13280,4000018,396012,1410458,1373893,644774,646,174235,0.515202,1.9436
2026-02-11T03:37:22+01:00,13285,4000017,395015,1410460,1373900,645251,352,175039,0.512618,1.9526
2026-02-11T03:37:27+01:00,13290,4000019,394031,1410461,1373908,646229,0,175390,0.510054,1.9615
2026-02-11T03:37:32+01:00,13295,4000015,393027,1410462,1373914,647222,0,175390,0.507504,1.9707
2026-02-11T03:37:37+01:00,13300,4000014,392026,1410463,1373918,648217,0,175390,0.504952,1.9798
2026-02-11T03:37:42+01:00,13305,4000015,391024,1410466,1373923,649212,0,175390,0.502402,1.9891
2026-02-11T03:37:47+01:00,13310,4000014,390026,1410468,1373926,650204,0,175390,0.499850,1.9983
2026-02-11T03:37:52+01:00,13315,4000026,389030,1410470,1373934,651202,0,175390,0.497299,2.0076
2026-02-11T03:37:57+01:00,13320,4000011,388042,1410470,1373938,651992,54,175515,0.494749,2.0168
2026-02-11T03:38:02+01:00,13325,4000015,387050,1410471,1373944,652590,168,175792,0.492199,2.0261
2026-02-11T03:38:07+01:00,13330,4000019,386063,1410475,1373955,652775,346,176405,0.489647,2.0355
2026-02-11T03:38:12+01:00,13335,4000015,385077,1410476,1373962,652958,548,176994,0.487097,2.0448
2026-02-11T03:38:17+01:00,13340,4000025,384082,1410477,1373967,653140,550,177809,0.484546,2.0543
2026-02-11T03:38:22+01:00,13345,4000019,383085,1410478,1373973,653533,342,178608,0.481994,2.0639
2026-02-11T03:38:27+01:00,13350,4000016,382085,1410479,1373979,653975,287,179211,0.479443,2.0735
2026-02-11T03:38:32+01:00,13355,4000017,381094,1410479,1373984,654506,213,179741,0.476893,2.0831
2026-02-11T03:38:37+01:00,13360,4000013,380107,1410480,1373987,655256,0,180183,0.474342,2.0927
2026-02-11T03:38:42+01:00,13365,4000021,379120,1410481,1373993,655390,372,180665,0.471791,2.1024
2026-02-11T03:38:47+01:00,13370,4000018,378142,1410484,1373996,655666,355,181375,0.469239,2.1120
2026-02-11T03:38:52+01:00,13375,4000019,377145,1410485,1374001,655855,550,181983,0.466689,2.1219
2026-02-11T03:38:57+01:00,13380,4000015,376146,1410486,1374007,656136,446,182794,0.464138,2.1318
2026-02-11T03:39:02+01:00,13385,4000013,375155,1410486,1374012,656345,484,183531,0.461586,2.1417
2026-02-11T03:39:07+01:00,13390,4000020,374168,1410486,1374020,656820,317,184209,0.459037,2.1516
2026-02-11T03:39:12+01:00,13395,4000012,373190,1410487,1374012,657009,423,184891,0.456486,2.1615
2026-02-11T03:39:17+01:00,13400,4000016,372214,1410491,1374013,657335,386,185577,0.453935,2.1714
2026-02-11T03:39:22+01:00,13405,4000004,371532,1410482,1374029,657513,365,186083,0.451384,2.1784
2026-02-11T03:39:27+01:00,13410,4000009,371181,1410484,1374027,657514,438,186365,0.451384,2.1820
2026-02-11T03:39:32+01:00,13415,4000011,370813,1410480,1374034,657595,349,186740,0.448870,2.1857
2026-02-11T03:39:37+01:00,13420,4000007,370423,1410484,1374029,657682,341,187048,0.448870,2.1897
2026-02-11T03:39:42+01:00,13425,4000010,370034,1410484,1374036,657676,431,187349,0.448870,2.1937
2026-02-11T03:39:47+01:00,13430,4000004,369644,1410481,1374035,657760,426,187658,0.446322,2.1977
2026-02-11T03:39:52+01:00,13435,4000013,369182,1410486,1374032,657857,387,188069,0.446322,2.2025
2026-02-11T03:39:57+01:00,13440,4000007,368782,1410482,1374039,657883,402,188419,0.443768,2.2067
2026-02-11T03:40:02+01:00,13445,4000007,368350,1410488,1374034,658177,186,188772,0.443768,2.2112
2026-02-11T03:40:07+01:00,13450,4000008,367928,1410486,1374041,658595,0,188958,0.441219,2.2156
2026-02-11T03:40:12+01:00,13455,4000012,367427,1410492,1374035,659100,0,188958,0.441219,2.2208
2026-02-11T03:40:17+01:00,13460,4000008,366976,1410490,1374042,659316,226,188958,0.438664,2.2255
2026-02-11T03:40:22+01:00,13465,4000009,366633,1410489,1374042,659549,221,189075,0.438664,2.2291
2026-02-11T03:40:27+01:00,13470,4000008,366193,1410494,1374038,659901,0,189382,0.438664,2.2337
2026-02-11T03:40:32+01:00,13475,4000017,365369,1410494,1374035,660659,78,189382,0.436117,2.2424
2026-02-11T03:40:37+01:00,13480,4000016,364386,1410490,1374038,660813,459,189830,0.433526,2.2528
2026-02-11T03:40:42+01:00,13485,4000017,363412,1410492,1374052,661130,316,190615,0.430976,2.2632
2026-02-11T03:40:47+01:00,13490,4000017,362439,1410496,1374057,661302,510,191213,0.428426,2.2736
2026-02-11T03:40:52+01:00,13495,4000020,361444,1410500,1374062,661609,393,192012,0.425875,2.2844
2026-02-11T03:40:57+01:00,13500,4000018,360456,1410506,1374062,661800,486,192708,0.423323,2.2951
2026-02-11T03:41:02+01:00,13505,4000020,359464,1410510,1374067,661978,591,193410,0.420772,2.3059
2026-02-11T03:41:07+01:00,13510,4000017,358465,1410511,1374071,662332,430,194208,0.418220,2.3168
2026-02-11T03:41:12+01:00,13515,4000021,357473,1410513,1374075,663081,64,194815,0.415669,2.3278
2026-02-11T03:41:17+01:00,13520,4000016,356472,1410513,1374082,663859,29,195061,0.413118,2.3388
2026-02-11T03:41:22+01:00,13525,4000015,355471,1410516,1374088,664387,66,195487,0.410568,2.3500
2026-02-11T03:41:27+01:00,13530,4000016,354491,1410514,1374092,664576,321,196022,0.408017,2.3609
2026-02-11T03:41:32+01:00,13535,4000018,353510,1410516,1374106,664900,188,196798,0.405467,2.3720
2026-02-11T03:41:37+01:00,13540,4000022,352519,1410520,1374110,664942,535,197396,0.402916,2.3832
2026-02-11T03:41:42+01:00,13545,4000020,352000,1410047,1374115,665336,522,198000,0.400432,2.3878
2026-02-11T03:41:47+01:00,13550,4000022,352000,1409072,1374118,665723,331,198778,0.400432,2.3850
2026-02-11T03:41:52+01:00,13555,4000021,352000,1408110,1374121,665901,532,199357,0.400432,2.3823
2026-02-11T03:41:57+01:00,13560,4000016,351305,1407839,1374121,666081,540,200130,0.400432,2.3894
2026-02-11T03:42:02+01:00,13565,4000021,351180,1406996,1374122,666661,149,200913,0.398340,2.3884
2026-02-11T03:42:07+01:00,13570,4000022,351180,1405991,1374139,666855,341,201516,0.398340,2.3856
2026-02-11T03:42:12+01:00,13575,4000017,351180,1405008,1374139,667052,445,202193,0.398340,2.3828
2026-02-11T03:42:17+01:00,13580,4000022,351180,1404034,1374139,667247,493,202929,0.398340,2.3800
2026-02-11T03:42:22+01:00,13585,4000022,351180,1403069,1374143,667433,539,203658,0.398340,2.3773
2026-02-11T03:42:27+01:00,13590,4000017,350886,1402398,1374144,667816,442,204331,0.398340,2.3787
2026-02-11T03:42:32+01:00,13595,4000017,349895,1402400,1374152,667997,471,205102,0.395926,2.3900
2026-02-11T03:42:37+01:00,13600,4000017,349751,1401588,1374156,668251,388,205883,0.394695,2.3894
2026-02-11T03:42:42+01:00,13605,4000029,349751,1400622,1374164,668361,663,206468,0.394695,2.3866
2026-02-11T03:42:47+01:00,13610,4000008,349751,1399759,1374170,669065,117,207146,0.394695,2.3841
2026-02-11T03:42:52+01:00,13615,4000016,349751,1398911,1374149,669942,0,207263,0.394695,2.3817
2026-02-11T03:42:57+01:00,13620,4000013,349751,1397919,1374156,670924,0,207263,0.394695,2.3789
2026-02-11T03:43:02+01:00,13625,4000014,349751,1396949,1374162,671888,1,207263,0.394695,2.3761
2026-02-11T03:43:07+01:00,13630,4000018,349751,1395981,1374173,672849,0,207264,0.394695,2.3733
2026-02-11T03:43:12+01:00,13635,4000015,349751,1395010,1374186,673804,0,207264,0.394695,2.3705
2026-02-11T03:43:17+01:00,13640,4000017,349751,1394055,1374195,674752,0,207264,0.394695,2.3678
2026-02-11T03:43:22+01:00,13645,4000017,349751,1393081,1374209,675712,0,207264,0.394695,2.3650
2026-02-11T03:43:27+01:00,13650,4000015,349751,1392103,1374211,676686,0,207264,0.394695,2.3622
2026-02-11T03:43:32+01:00,13655,4000013,349751,1391119,1374222,677657,0,207264,0.394695,2.3594
2026-02-11T03:43:37+01:00,13660,4000015,349751,1390149,1374230,678621,0,207264,0.394695,2.3566
2026-02-11T03:43:42+01:00,13665,4000016,349751,1389180,1374237,679584,0,207264,0.394695,2.3539
2026-02-11T03:43:47+01:00,13670,4000014,349751,1388202,1374244,680553,0,207264,0.394695,2.3511
2026-02-11T03:43:52+01:00,13675,4000014,349751,1387242,1374250,681507,0,207264,0.394695,2.3483
2026-02-11T03:43:57+01:00,13680,4000013,349751,1386249,1374256,682493,0,207264,0.394695,2.3455
2026-02-11T03:44:02+01:00,13685,4000004,349751,1385959,1374249,682781,0,207264,0.394695,2.3447
2026-02-11T03:44:07+01:00,13690,4000006,349751,1385694,1374249,683048,0,207264,0.394695,2.3439
2026-02-11T03:44:12+01:00,13695,4000005,349751,1385413,1374257,683320,0,207264,0.394695,2.3431
2026-02-11T03:44:17+01:00,13700,4000006,349751,1385157,1374253,683581,0,207264,0.394695,2.3424
2026-02-11T03:44:22+01:00,13705,4000003,349751,1384885,1374252,683732,119,207264,0.394695,2.3416
2026-02-11T03:44:27+01:00,13710,4000006,349751,1384608,1374256,683901,226,207264,0.394695,2.3408
2026-02-11T03:44:32+01:00,13715,4000007,349751,1384303,1374257,683958,391,207347,0.394695,2.3399
2026-02-11T03:44:37+01:00,13720,4000005,349751,1384015,1374252,683958,391,207638,0.394695,2.3391
2026-02-11T03:44:42+01:00,13725,4000004,349751,1383745,1374252,684051,357,207848,0.394695,2.3383
2026-02-11T03:44:47+01:00,13730,4000007,349751,1383475,1374257,684275,143,208106,0.394695,2.3376
2026-02-11T03:44:52+01:00,13735,4000016,349751,1382948,1374245,684723,0,208349,0.394695,2.3361
2026-02-11T03:44:57+01:00,13740,4000015,349751,1381978,1374246,685691,0,208349,0.394695,2.3333
2026-02-11T03:45:02+01:00,13745,4000022,349751,1380981,1374252,686689,0,208349,0.394695,2.3304
2026-02-11T03:45:07+01:00,13750,4000019,349751,1379982,1374256,687675,6,208349,0.394695,2.3276
2026-02-11T03:45:12+01:00,13755,4000014,349414,1379343,1374255,688081,572,208349,0.393835,2.3296
2026-02-11T03:45:17+01:00,13760,4000016,349414,1378374,1374262,689045,572,208349,0.393835,2.3268
2026-02-11T03:45:22+01:00,13765,4000019,349414,1377404,1374273,690007,572,208349,0.393835,2.3240
2026-02-11T03:45:27+01:00,13770,4000014,349414,1376450,1374267,690962,0,208921,0.393835,2.3213
2026-02-11T03:45:32+01:00,13775,4000016,349414,1375482,1374277,691886,36,208921,0.393835,2.3185
2026-02-11T03:45:37+01:00,13780,4000014,349414,1374480,1374287,692811,0,209022,0.393835,2.3156
2026-02-11T03:45:42+01:00,13785,4000016,349414,1373499,1374297,693784,0,209022,0.393835,2.3128
2026-02-11T03:45:47+01:00,13790,4000014,349414,1372523,1374317,694738,0,209022,0.393835,2.3100
2026-02-11T03:45:52+01:00,13795,4000017,349414,1371539,1374329,695713,0,209022,0.393835,2.3072
2026-02-11T03:45:57+01:00,13800,4000017,349414,1370549,1374348,696338,346,209022,0.393835,2.3044
2026-02-11T03:46:02+01:00,13805,4000014,349414,1369570,1374355,697051,602,209022,0.393835,2.3016
2026-02-11T03:46:07+01:00,13810,4000015,349414,1368585,1374368,698012,614,209022,0.393835,2.2988
2026-02-11T03:46:12+01:00,13815,4000024,349414,1367590,1374393,698726,140,209761,0.393835,2.2959
2026-02-11T03:46:17+01:00,13820,4000014,349414,1366634,1374391,698937,276,210362,0.393835,2.2932
2026-02-11T03:46:22+01:00,13825,4000025,349414,1365662,1374417,699895,0,210637,0.393835,2.2904
2026-02-11T03:46:27+01:00,13830,4000016,349414,1364706,1374416,700816,0,210664,0.393835,2.2877
2026-02-11T03:46:32+01:00,13835,4000015,349414,1363767,1374410,701502,2,210920,0.393835,2.2850
2026-02-11T03:46:37+01:00,13840,4000020,349414,1362814,1374409,702215,41,211127,0.393835,2.2823
2026-02-11T03:46:42+01:00,13845,4000016,349414,1361837,1374426,702870,0,211469,0.393835,2.2795
2026-02-11T03:46:47+01:00,13850,4000012,349414,1360866,1374411,703106,304,211911,0.393835,2.2767
2026-02-11T03:46:52+01:00,13855,4000016,349414,1359910,1374400,704078,0,212214,0.393835,2.2739
2026-02-11T03:46:57+01:00,13860,4000015,349414,1358948,1374396,705043,0,212214,0.393835,2.2712
2026-02-11T03:47:02+01:00,13865,4000016,349414,1357985,1374404,705999,0,212214,0.393835,2.2684
2026-02-11T03:47:07+01:00,13870,4000018,349414,1357013,1374405,706972,0,212214,0.393835,2.2656
2026-02-11T03:47:12+01:00,13875,4000013,349414,1356038,1374411,707936,0,212214,0.393835,2.2629
2026-02-11T03:47:17+01:00,13880,4000015,349414,1355057,1374428,708902,0,212214,0.393835,2.2601
2026-02-11T03:47:22+01:00,13885,4000023,349414,1354083,1374437,709875,0,212214,0.393835,2.2573
2026-02-11T03:47:27+01:00,13890,4000015,349414,1353103,1374438,710846,0,212214,0.393835,2.2545
2026-02-11T03:47:32+01:00,13895,4000014,349414,1352119,1374446,711821,0,212214,0.393835,2.2516
2026-02-11T03:47:37+01:00,13900,4000016,349414,1351150,1374454,712784,0,212214,0.393835,2.2489
2026-02-11T03:47:42+01:00,13905,4000015,349414,1350162,1374465,713760,0,212214,0.393835,2.2460
2026-02-11T03:47:47+01:00,13910,4000019,349414,1349180,1374466,714745,0,212214,0.393835,2.2432
2026-02-11T03:47:52+01:00,13915,4000005,349414,1348577,1374493,715307,0,212214,0.393835,2.2415
2026-02-11T03:47:57+01:00,13920,4000008,349414,1348289,1374493,715598,0,212214,0.393835,2.2407
2026-02-11T03:48:02+01:00,13925,4000006,349414,1347996,1374493,715889,0,212214,0.393835,2.2398
2026-02-11T03:48:07+01:00,13930,4000007,349414,1347714,1374504,716161,0,212214,0.393835,2.2390
2026-02-11T03:48:12+01:00,13935,4000005,349414,1347444,1374496,716437,0,212214,0.393835,2.2383
2026-02-11T03:48:17+01:00,13940,4000004,349414,1347171,1374496,716709,0,212214,0.393835,2.2375
2026-02-11T03:48:22+01:00,13945,4000005,349414,1346899,1374496,716982,0,212214,0.393835,2.2367
2026-02-11T03:48:27+01:00,13950,4000007,349414,1346587,1374503,717289,0,212214,0.393835,2.2358
2026-02-11T03:48:32+01:00,13955,4000009,349414,1346328,1374498,717555,0,212214,0.393835,2.2351
2026-02-11T03:48:37+01:00,13960,4000006,349414,1346028,1374497,717853,0,212214,0.393835,2.2342
2026-02-11T03:48:42+01:00,13965,4000006,349414,1345722,1374505,718151,0,212214,0.393835,2.2333
2026-02-11T03:48:47+01:00,13970,4000006,349414,1345426,1374498,718454,0,212214,0.393835,2.2325
2026-02-11T03:48:52+01:00,13975,4000005,349414,1345164,1374498,718715,0,212214,0.393835,2.2317
2026-02-11T03:48:57+01:00,13980,4000007,349414,1344885,1374498,718996,0,212214,0.393835,2.2309
2026-02-11T03:49:02+01:00,13985,4000002,349414,1344575,1374500,719299,0,212214,0.393835,2.2301
2026-02-11T03:49:07+01:00,13990,4000008,349414,1344278,1374500,719576,26,212214,0.393835,2.2292
2026-02-11T03:49:12+01:00,13995,4000005,349414,1343931,1374500,719920,26,212214,0.393835,2.2282
2026-02-11T03:49:17+01:00,14000,4000011,349414,1343589,1374510,720258,26,212214,0.393835,2.2272
2026-02-11T03:49:22+01:00,14005,4000008,349414,1343260,1374499,720278,246,212311,0.393835,2.2263
2026-02-11T03:49:27+01:00,14010,4000021,349414,1342904,1374499,720343,244,212617,0.393835,2.2253
2026-02-11T03:49:32+01:00,14015,4000021,349413,1341934,1374502,720528,441,213203,0.393832,2.2225
2026-02-11T03:49:37+01:00,14020,4000014,349413,1340957,1374504,720868,275,213997,0.393832,2.2197
2026-02-11T03:49:42+01:00,14025,4000034,349413,1339981,1374509,721318,196,214617,0.393832,2.2169
2026-02-11T03:49:47+01:00,14030,4000018,349413,1338998,1374513,721502,383,215209,0.393832,2.2141
2026-02-11T03:49:52+01:00,14035,4000017,349413,1338038,1374516,721667,394,215989,0.393832,2.2114
2026-02-11T03:49:57+01:00,14040,4000023,349413,1337084,1374516,721852,472,216686,0.393832,2.2086
2026-02-11T03:50:02+01:00,14045,4000017,349413,1336123,1374521,722034,592,217334,0.393832,2.2059
2026-02-11T03:50:07+01:00,14050,4000019,349413,1335169,1374523,722220,589,218105,0.393832,2.2031
2026-02-11T03:50:12+01:00,14055,4000017,349413,1334213,1374540,722568,418,218865,0.393832,2.2004
2026-02-11T03:50:17+01:00,14060,4000024,349413,1333242,1374545,722792,406,219626,0.393832,2.1976
2026-02-11T03:50:22+01:00,14065,4000014,349413,1332286,1374537,723746,0,220032,0.393832,2.1949
2026-02-11T03:50:27+01:00,14070,4000018,349413,1331308,1374547,724718,0,220032,0.393832,2.1921
2026-02-11T03:50:32+01:00,14075,4000013,349413,1330344,1374547,725677,0,220032,0.393832,2.1893
2026-02-11T03:50:37+01:00,14080,4000018,349413,1329377,1374559,726637,0,220032,0.393832,2.1866
2026-02-11T03:50:42+01:00,14085,4000015,349413,1328413,1374567,727590,0,220032,0.393832,2.1838
2026-02-11T03:50:47+01:00,14090,4000015,349413,1327520,1374571,728479,0,220032,0.393832,2.1813
2026-02-11T03:50:52+01:00,14095,4000014,349413,1326545,1374569,729330,6,220151,0.393832,2.1785
2026-02-11T03:50:57+01:00,14100,4000027,349413,1325572,1374589,729803,197,220453,0.393832,2.1757
2026-02-11T03:51:02+01:00,14105,4000004,349413,1324592,1374617,730184,179,221019,0.393832,2.1729
2026-02-11T03:51:07+01:00,14110,4000018,349413,1323696,1374612,731098,2,221197,0.393832,2.1703
2026-02-11T03:51:12+01:00,14115,4000019,349413,1322757,1374611,731474,230,221534,0.393832,2.1676
2026-02-11T03:51:17+01:00,14120,4000020,349413,1321795,1374621,732399,0,221792,0.393832,2.1649
2026-02-11T03:51:22+01:00,14125,4000013,349413,1320842,1374620,733346,0,221792,0.393832,2.1621
2026-02-11T03:51:27+01:00,14130,4000016,349413,1319855,1374629,734327,0,221792,0.393832,2.1593
2026-02-11T03:51:32+01:00,14135,4000016,349413,1318871,1374628,735312,0,221792,0.393832,2.1565
2026-02-11T03:51:37+01:00,14140,4000015,349413,1317870,1374639,736301,0,221792,0.393832,2.1536
2026-02-11T03:51:42+01:00,14145,4000016,349413,1316868,1374651,737292,0,221792,0.393832,2.1508
2026-02-11T03:51:47+01:00,14150,4000017,349413,1315876,1374656,738280,0,221792,0.393832,2.1479
2026-02-11T03:51:52+01:00,14155,4000022,349413,1314882,1374661,739274,0,221792,0.393832,2.1451
2026-02-11T03:51:57+01:00,14160,4000015,349413,1313898,1374673,740239,0,221792,0.393832,2.1423
2026-02-11T03:52:02+01:00,14165,4000023,349413,1312753,1374685,741380,0,221792,0.393832,2.1390
2026-02-11T03:52:07+01:00,14170,4000018,349413,1311453,1374699,742661,0,221792,0.393832,2.1353
2026-02-11T03:52:12+01:00,14175,4000022,349413,1310151,1374708,743958,0,221792,0.393832,2.1315
2026-02-11T03:52:17+01:00,14180,4000020,349413,1308827,1374714,745274,0,221792,0.393832,2.1278
2026-02-11T03:52:22+01:00,14185,4000020,349413,1307532,1374729,746554,0,221792,0.393832,2.1240
2026-02-11T03:52:27+01:00,14190,4000038,349413,1306216,1374765,747527,325,221792,0.393832,2.1203
2026-02-11T03:52:32+01:00,14195,4000029,349413,1304924,1374762,747783,1355,221792,0.393832,2.1166
2026-02-11T03:52:37+01:00,14200,4000007,349413,1304313,1374735,748006,1748,221792,0.393832,2.1148
2026-02-11T03:52:42+01:00,14205,4000007,349413,1303970,1374735,748006,2091,221792,0.393832,2.1139
2026-02-11T03:52:47+01:00,14210,4000008,349413,1303633,1374735,748078,2246,221903,0.393832,2.1129
2026-02-11T03:52:52+01:00,14215,4000006,349412,1303297,1374737,748341,1975,222244,0.393830,2.1119
2026-02-11T03:52:57+01:00,14220,4000009,349412,1302959,1374737,748421,1897,222583,0.393830,2.1110
2026-02-11T03:53:02+01:00,14225,4000010,349412,1302586,1374733,748422,1974,222883,0.393830,2.1099
2026-02-11T03:53:07+01:00,14230,4000007,349412,1302229,1374739,748559,1828,223240,0.393830,2.1089
2026-02-11T03:53:12+01:00,14235,4000009,349412,1301882,1374740,748632,1755,223588,0.393830,2.1079
2026-02-11T03:53:17+01:00,14240,4000008,349412,1301542,1374735,748683,1772,223864,0.393830,2.1069
2026-02-11T03:53:22+01:00,14245,4000010,349412,1301186,1374741,748700,1751,224220,0.393830,2.1059
2026-02-11T03:53:27+01:00,14250,4000012,349412,1300841,1374740,748771,1680,224568,0.393830,2.1049
2026-02-11T03:53:32+01:00,14255,4000005,349412,1300497,1374739,749000,1511,224846,0.393830,2.1039
2026-02-11T03:53:37+01:00,14260,4000011,349412,1300108,1374739,749131,1382,225239,0.393830,2.1028
2026-02-11T03:53:42+01:00,14265,4000009,349412,1299726,1374739,749131,1382,225619,0.393830,2.1017
2026-02-11T03:53:47+01:00,14270,4000008,349412,1299348,1374749,749201,1380,225918,0.393830,2.1006
2026-02-11T03:53:52+01:00,14275,4000042,349412,1298955,1374749,749332,1247,226347,0.393830,2.0995
2026-02-11T03:53:57+01:00,14280,4000027,349412,1297663,1374753,749834,1001,227364,0.393830,2.0958
2026-02-11T03:54:02+01:00,14285,4000019,349412,1296376,1374750,750141,910,228430,0.393830,2.0921
2026-02-11T03:54:07+01:00,14290,4000016,349412,1295067,1374758,751381,45,229353,0.393830,2.0884
2026-02-11T03:54:12+01:00,14295,4000018,349412,1293736,1374783,752689,0,229398,0.393830,2.0846
2026-02-11T03:54:17+01:00,14300,4000030,349412,1292427,1374802,753991,0,229398,0.393830,2.0808
2026-02-11T03:54:22+01:00,14305,4000019,349412,1291113,1374807,755289,0,229398,0.393830,2.0771
2026-02-11T03:54:27+01:00,14310,4000022,349412,1289805,1374818,756589,0,229398,0.393830,2.0733
2026-02-11T03:54:32+01:00,14315,4000024,349412,1288490,1374806,757918,0,229398,0.393830,2.0696
2026-02-11T03:54:37+01:00,14320,4000017,349412,1287385,1374867,758955,0,229398,0.393830,2.0664
2026-02-11T03:54:42+01:00,14325,4000020,349412,1286381,1374883,759946,0,229398,0.393830,2.0635
2026-02-11T03:54:47+01:00,14330,4000018,349412,1285411,1374875,760922,0,229398,0.393830,2.0607
2026-02-11T03:54:52+01:00,14335,4000015,349412,1284420,1374867,761918,0,229398,0.393830,2.0579
2026-02-11T03:54:57+01:00,14340,4000014,349412,1283427,1374889,762888,0,229398,0.393830,2.0551
2026-02-11T03:55:02+01:00,14345,4000015,349412,1282463,1374895,763847,0,229398,0.393830,2.0523
2026-02-11T03:55:07+01:00,14350,4000018,349412,1281483,1374908,764817,0,229398,0.393830,2.0495
2026-02-11T03:55:12+01:00,14355,4000015,349412,1280498,1374920,765787,0,229398,0.393830,2.0467
2026-02-11T03:55:17+01:00,14360,4000017,349412,1279512,1374932,766689,74,229398,0.393830,2.0439
2026-02-11T03:55:22+01:00,14365,4000014,349412,1278564,1374933,767633,74,229398,0.393830,2.0412
2026-02-11T03:55:27+01:00,14370,4000012,349412,1277611,1374959,768134,498,229398,0.393830,2.0384
2026-02-11T03:55:32+01:00,14375,4000022,349412,1276634,1374961,769024,593,229398,0.393830,2.0356
2026-02-11T03:55:37+01:00,14380,4000016,349315,1275756,1374969,769494,1084,229398,0.393582,2.0341
2026-02-11T03:55:42+01:00,14385,4000016,349236,1274870,1374955,770473,430,230052,0.393582,2.0324
2026-02-11T03:55:47+01:00,14390,4000019,349218,1273901,1374971,771271,16,230642,0.393335,2.0298
2026-02-11T03:55:52+01:00,14395,4000016,349218,1272923,1374956,771890,0,231029,0.393335,2.0270
2026-02-11T03:55:57+01:00,14400,4000015,349121,1272052,1374966,772847,0,231029,0.393088,2.0256
2026-02-11T03:56:02+01:00,14405,4000016,349024,1271188,1374983,773706,86,231029,0.392840,2.0241
2026-02-11T03:56:07+01:00,14410,4000020,348927,1270292,1374993,774660,90,231058,0.392593,2.0225
2026-02-11T03:56:12+01:00,14415,4000011,348927,1269317,1375013,775397,0,231357,0.392593,2.0197
2026-02-11T03:56:17+01:00,14420,4000021,348927,1268350,1375020,776240,0,231484,0.392593,2.0170
2026-02-11T03:56:22+01:00,14425,4000018,348915,1267404,1375032,776929,254,231484,0.392593,2.0144
2026-02-11T03:56:27+01:00,14430,4000020,348733,1266635,1375034,777106,295,232217,0.392098,2.0141
2026-02-11T03:56:32+01:00,14435,4000014,348733,1265680,1375042,777383,381,232795,0.392098,2.0113
2026-02-11T03:56:37+01:00,14440,4000019,348733,1264737,1375037,778066,171,233275,0.392098,2.0086
2026-02-11T03:56:42+01:00,14445,4000024,348733,1264085,1375029,778079,453,233645,0.392098,2.0068
2026-02-11T03:56:47+01:00,14450,4000014,348636,1263215,1375026,779011,0,234126,0.391850,2.0053
2026-02-11T03:56:52+01:00,14455,4000015,348625,1262281,1375032,779164,314,234599,0.391850,2.0027
2026-02-11T03:56:57+01:00,14460,4000016,348539,1261415,1375032,779430,401,235199,0.391603,2.0011
2026-02-11T03:57:02+01:00,14465,4000026,348497,1260503,1375041,779786,406,235793,0.391496,1.9989
2026-02-11T03:57:07+01:00,14470,4000008,348497,1259856,1375060,780281,32,236282,0.391496,1.9971
2026-02-11T03:57:12+01:00,14475,4000004,348497,1259588,1375060,780546,0,236313,0.391496,1.9963
2026-02-11T03:57:17+01:00,14480,4000007,348497,1259309,1375055,780833,0,236313,0.391496,1.9955
2026-02-11T03:57:22+01:00,14485,4000004,348497,1259045,1375063,781086,0,236313,0.391496,1.9948
2026-02-11T03:57:27+01:00,14490,4000004,348497,1258760,1375063,781371,0,236313,0.391496,1.9939
2026-02-11T03:57:32+01:00,14495,4000006,348497,1258491,1375051,781654,0,236313,0.391496,1.9932
2026-02-11T03:57:37+01:00,14500,4000006,348497,1258190,1375051,781955,0,236313,0.391496,1.9923
2026-02-11T03:57:42+01:00,14505,4000006,348497,1257877,1375059,782260,0,236313,0.391496,1.9914
2026-02-11T03:57:47+01:00,14510,4000005,348497,1257620,1375059,782516,0,236313,0.391496,1.9907
2026-02-11T03:57:52+01:00,14515,4000004,348497,1257352,1375050,782792,0,236313,0.391496,1.9899
2026-02-11T03:57:57+01:00,14520,4000005,348497,1257097,1375058,783040,0,236313,0.391496,1.9892
2026-02-11T03:58:02+01:00,14525,4000004,348497,1256831,1375057,783306,0,236313,0.391496,1.9884
2026-02-11T03:58:07+01:00,14530,4000010,348497,1256505,1375052,783643,0,236313,0.391496,1.9875
2026-02-11T03:58:12+01:00,14535,4000006,348497,1256189,1375041,783966,0,236313,0.391496,1.9866
2026-02-11T03:58:17+01:00,14540,4000006,348497,1255857,1375051,784176,112,236313,0.391496,1.9856
2026-02-11T03:58:22+01:00,14545,4000007,348497,1255542,1375052,784383,220,236313,0.391496,1.9847
2026-02-11T03:58:27+01:00,14550,4000006,348497,1255192,1375043,784741,220,236313,0.391496,1.9837
2026-02-11T03:58:32+01:00,14555,4000007,348497,1254846,1375053,785078,220,236313,0.391496,1.9827
2026-02-11T03:58:37+01:00,14560,4000004,348497,1254503,1375045,785426,220,236313,0.391496,1.9817
2026-02-11T03:58:42+01:00,14565,4000008,348497,1254203,1375043,785732,17,236516,0.391496,1.9809
2026-02-11T03:58:47+01:00,14570,4000021,348497,1253491,1375027,786178,106,236722,0.391496,1.9788
2026-02-11T03:58:52+01:00,14575,4000019,348497,1252639,1375045,786524,155,237159,0.391496,1.9764
2026-02-11T03:58:57+01:00,14580,4000015,348497,1251660,1375053,787053,27,237725,0.391496,1.9736
2026-02-11T03:59:02+01:00,14585,4000016,348497,1250675,1375059,787338,185,238262,0.391496,1.9707
2026-02-11T03:59:07+01:00,14590,4000025,348497,1249715,1375062,787481,478,238792,0.391496,1.9680
2026-02-11T03:59:12+01:00,14595,4000018,348497,1248767,1375065,787950,237,239502,0.391496,1.9653
2026-02-11T03:59:17+01:00,14600,4000021,348497,1247801,1375073,788447,120,240083,0.391496,1.9625
2026-02-11T03:59:22+01:00,14605,4000015,348497,1246839,1375076,788723,270,240610,0.391496,1.9597
2026-02-11T03:59:27+01:00,14610,4000018,348497,1245876,1375079,789412,274,240880,0.391496,1.9570
2026-02-11T03:59:32+01:00,14615,4000022,348497,1244904,1375073,789812,268,241468,0.391496,1.9542
2026-02-11T03:59:37+01:00,14620,4000016,348497,1243919,1375078,790068,223,242231,0.391496,1.9513
2026-02-11T03:59:42+01:00,14625,4000020,348497,1242935,1375082,790403,343,242760,0.391496,1.9485
2026-02-11T03:59:47+01:00,14630,4000022,348497,1241975,1375085,790780,247,243438,0.391496,1.9458
2026-02-11T03:59:52+01:00,14635,4000022,348497,1240993,1375091,790966,431,244044,0.391496,1.9430
2026-02-11T03:59:57+01:00,14640,4000025,348497,1240020,1375099,791145,429,244835,0.391496,1.9402
2026-02-11T04:00:02+01:00,14645,4000021,348497,1239048,1375106,791324,449,245597,0.391496,1.9374
2026-02-11T04:00:07+01:00,14650,4000022,348497,1238074,1375105,791497,630,246219,0.391496,1.9346
2026-02-11T04:00:12+01:00,14655,4000021,348497,1237118,1375092,791701,628,246985,0.391496,1.9318
2026-02-11T04:00:17+01:00,14660,4000016,348497,1236150,1375095,791886,619,247769,0.391496,1.9291
2026-02-11T04:00:22+01:00,14665,4000020,348497,1235177,1375102,792073,614,248557,0.391496,1.9263
2026-02-11T04:00:27+01:00,14670,4000018,348497,1234227,1375109,792298,548,249339,0.391496,1.9235
2026-02-11T04:00:32+01:00,14675,4000017,348497,1233284,1375108,792715,284,250129,0.391496,1.9208
2026-02-11T04:00:37+01:00,14680,4000016,348497,1232309,1375125,793672,0,250413,0.391496,1.9180
2026-02-11T04:00:42+01:00,14685,4000017,348497,1231322,1375133,794652,0,250413,0.391496,1.9152
2026-02-11T04:00:47+01:00,14690,4000018,348497,1230347,1375140,795621,0,250413,0.391496,1.9124
2026-02-11T04:00:52+01:00,14695,4000022,348497,1229402,1375142,795970,320,250691,0.391496,1.9097
2026-02-11T04:00:57+01:00,14700,4000017,348497,1228435,1375163,796449,215,251258,0.391496,1.9069
2026-02-11T04:01:02+01:00,14705,4000016,348497,1227480,1375174,796514,517,251834,0.391496,1.9042
2026-02-11T04:01:07+01:00,14710,4000011,348497,1226503,1375169,797118,77,252647,0.391496,1.9014
2026-02-11T04:01:12+01:00,14715,4000017,348497,1225529,1375197,798071,0,252723,0.391496,1.8986
2026-02-11T04:01:17+01:00,14720,4000017,348497,1224569,1375182,798791,0,252978,0.391496,1.8958
2026-02-11T04:01:22+01:00,14725,4000022,348497,1223623,1375159,798899,441,253403,0.391496,1.8931
2026-02-11T04:01:27+01:00,14730,4000019,348497,1222676,1375166,799452,237,253991,0.391496,1.8904
2026-02-11T04:01:32+01:00,14735,4000025,348497,1221704,1375176,799833,254,254561,0.391496,1.8876
2026-02-11T04:01:37+01:00,14740,4000021,348497,1220748,1375179,800014,444,255139,0.391496,1.8849
2026-02-11T04:01:42+01:00,14745,4000016,348497,1219792,1375180,800394,251,255902,0.391496,1.8821
2026-02-11T04:01:47+01:00,14750,4000015,348497,1218806,1375198,800641,378,256495,0.391496,1.8793
2026-02-11T04:01:52+01:00,14755,4000013,348497,1217850,1375205,801280,115,257066,0.391496,1.8765
2026-02-11T04:01:57+01:00,14760,4000008,348497,1217508,1375205,801392,110,257296,0.391496,1.8756
2026-02-11T04:02:02+01:00,14765,4000008,348497,1217227,1375200,801392,178,257514,0.391496,1.8748
2026-02-11T04:02:07+01:00,14770,4000010,348497,1216969,1375205,801387,229,257723,0.391496,1.8740
2026-02-11T04:02:12+01:00,14775,4000007,348497,1216764,1375205,801387,291,257863,0.391496,1.8734
2026-02-11T04:02:17+01:00,14780,4000006,348497,1216449,1375199,801453,287,258121,0.391496,1.8725
2026-02-11T04:02:22+01:00,14785,4000008,348497,1216121,1375199,801454,340,258397,0.391496,1.8716
2026-02-11T04:02:27+01:00,14790,4000009,348497,1215777,1375206,801447,355,258727,0.391496,1.8706
2026-02-11T04:02:32+01:00,14795,4000009,348497,1215446,1375202,801515,354,258995,0.391496,1.8696
2026-02-11T04:02:37+01:00,14800,4000005,348497,1215119,1375203,801567,365,259254,0.391496,1.8687
2026-02-11T04:02:42+01:00,14805,4000010,348497,1214505,1375202,801867,255,259684,0.391496,1.8669
2026-02-11T04:02:47+01:00,14810,4000015,348497,1213541,1375220,802819,0,259938,0.391496,1.8642
2026-02-11T04:02:52+01:00,14815,4000009,348497,1212564,1375230,803780,0,259938,0.391496,1.8614
2026-02-11T04:02:57+01:00,14820,4000020,348497,1211625,1375214,804318,428,259938,0.391496,1.8587
2026-02-11T04:03:02+01:00,14825,4000019,348497,1210674,1375215,804699,468,260466,0.391496,1.8560
2026-02-11T04:03:07+01:00,14830,4000025,348497,1209722,1375217,804873,470,261246,0.391496,1.8532
2026-02-11T04:03:12+01:00,14835,4000020,348497,1208771,1375221,805260,329,261942,0.391496,1.8505
2026-02-11T04:03:17+01:00,14840,4000020,348497,1207810,1375229,805427,476,262581,0.391496,1.8477
2026-02-11T04:03:22+01:00,14845,4000022,348497,1206867,1375228,805822,266,263342,0.391496,1.8450
2026-02-11T04:03:27+01:00,14850,4000017,348497,1205912,1375231,806061,392,263924,0.391496,1.8423
2026-02-11T04:03:32+01:00,14855,4000026,348497,1204962,1375246,806434,371,264516,0.391496,1.8396
2026-02-11T04:03:37+01:00,14860,4000007,348497,1204201,1375261,806570,436,265042,0.391496,1.8374
2026-02-11T04:03:42+01:00,14865,4000007,348497,1203928,1375261,806570,436,265315,0.391496,1.8366
2026-02-11T04:03:47+01:00,14870,4000007,348497,1203656,1375267,806624,437,265526,0.391496,1.8358
2026-02-11T04:03:52+01:00,14875,4000007,348497,1203385,1375264,806623,437,265801,0.391496,1.8350
2026-02-11T04:03:57+01:00,14880,4000009,348497,1203111,1375264,806624,492,266021,0.391496,1.8343
2026-02-11T04:04:02+01:00,14885,4000006,348497,1202843,1375269,806674,436,266287,0.391496,1.8335
2026-02-11T04:04:07+01:00,14890,4000008,348497,1202576,1375269,806730,431,266505,0.391496,1.8327
2026-02-11T04:04:12+01:00,14895,4000002,348497,1202398,1375263,806790,371,266683,0.391496,1.8322
2026-02-11T04:04:17+01:00,14900,4000003,348497,1202335,1375263,806790,371,266747,0.391496,1.8320
2026-02-11T04:04:22+01:00,14905,4000008,348497,1202277,1375263,806790,391,266790,0.391496,1.8319
2026-02-11T04:04:27+01:00,14910,4000009,348497,1201951,1375263,806790,391,267117,0.391496,1.8309
2026-02-11T04:04:32+01:00,14915,4000010,348497,1201625,1375269,806785,457,267377,0.391496,1.8300
2026-02-11T04:04:37+01:00,14920,4000018,348497,1201001,1375265,806842,598,267815,0.391496,1.8282
2026-02-11T04:04:42+01:00,14925,4000020,348497,1200037,1375262,807155,468,268601,0.391496,1.8254
2026-02-11T04:04:47+01:00,14930,4000022,348497,1199079,1375264,807237,580,269365,0.391496,1.8227
2026-02-11T04:04:52+01:00,14935,4000018,348497,1198109,1375286,807784,286,270056,0.391496,1.8199
2026-02-11T04:04:57+01:00,14940,4000016,348497,1197152,1375288,807822,537,270720,0.391496,1.8172
2026-02-11T04:05:02+01:00,14945,4000017,348497,1196198,1375293,808572,0,271457,0.391496,1.8144
2026-02-11T04:05:07+01:00,14950,4000018,348497,1195244,1375296,809524,0,271457,0.391496,1.8117
2026-02-11T04:05:12+01:00,14955,4000016,348497,1194268,1375306,810488,0,271457,0.391496,1.8089
2026-02-11T04:05:17+01:00,14960,4000014,348497,1193285,1375311,811464,0,271457,0.391496,1.8061
2026-02-11T04:05:22+01:00,14965,4000015,348497,1192320,1375317,812424,0,271457,0.391496,1.8033
2026-02-11T04:05:27+01:00,14970,4000017,348497,1191365,1375311,813387,0,271457,0.391496,1.8005
2026-02-11T04:05:32+01:00,14975,4000017,348497,1190383,1375315,814365,0,271457,0.391496,1.7977
2026-02-11T04:05:37+01:00,14980,4000015,348497,1189415,1375312,815334,0,271457,0.391496,1.7950
2026-02-11T04:05:42+01:00,14985,4000021,348497,1188438,1375323,816306,0,271457,0.391496,1.7921
2026-02-11T04:05:47+01:00,14990,4000022,348497,1187463,1375342,817083,180,271457,0.391496,1.7893
2026-02-11T04:05:52+01:00,14995,4000020,348497,1186482,1375345,817273,966,271457,0.391496,1.7865
2026-02-11T04:05:57+01:00,15000,4000023,348497,1185507,1375360,817454,1748,271457,0.391496,1.7837
2026-02-11T04:06:02+01:00,15005,4000020,348497,1184549,1375361,817828,2328,271457,0.391496,1.7810
2026-02-11T04:06:07+01:00,15010,4000026,348497,1183588,1375367,818005,2299,272270,0.391496,1.7782
2026-02-11T04:06:12+01:00,15015,4000018,348497,1182629,1375374,818247,2234,273037,0.391496,1.7755
2026-02-11T04:06:17+01:00,15020,4000015,348497,1181658,1375372,819218,1450,273820,0.391496,1.7727
2026-02-11T04:06:22+01:00,15025,4000015,348497,1180679,1375377,820192,649,274621,0.391496,1.7699
2026-02-11T04:06:27+01:00,15030,4000016,348497,1179700,1375397,821152,0,275270,0.391496,1.7671
2026-02-11T04:06:32+01:00,15035,4000022,348497,1178710,1375406,822115,24,275270,0.391496,1.7642
2026-02-11T04:06:37+01:00,15040,4000017,348497,1177750,1375413,823063,0,275294,0.391496,1.7615
2026-02-11T04:06:42+01:00,15045,4000018,348497,1176795,1375397,823354,385,275590,0.391496,1.7587
2026-02-11T04:06:47+01:00,15050,4000015,348422,1175906,1375395,823978,106,276208,0.391304,1.7569
2026-02-11T04:06:52+01:00,15055,4000019,348422,1174915,1375400,824968,0,276314,0.391304,1.7541
2026-02-11T04:06:57+01:00,15060,4000014,348347,1173984,1375415,825954,0,276314,0.391113,1.7521
2026-02-11T04:07:02+01:00,15065,4000016,348347,1172993,1375427,826935,0,276314,0.391113,1.7493
2026-02-11T04:07:07+01:00,15070,4000016,348272,1172087,1375429,827914,0,276314,0.390922,1.7474
2026-02-11T04:07:12+01:00,15075,4000017,348197,1171194,1375437,828875,0,276314,0.390730,1.7456
2026-02-11T04:07:17+01:00,15080,4000015,348197,1170222,1375439,829843,0,276314,0.390730,1.7428
2026-02-11T04:07:22+01:00,15085,4000013,348122,1169332,1375454,830791,0,276314,0.390539,1.7409
2026-02-11T04:07:27+01:00,15090,4000016,348122,1168364,1375455,831761,0,276314,0.390539,1.7382
2026-02-11T04:07:32+01:00,15095,4000022,348047,1167468,1375464,832728,1,276314,0.390348,1.7363
2026-02-11T04:07:37+01:00,15100,4000005,348047,1167030,1375477,833136,1,276314,0.390348,1.7350
2026-02-11T04:07:42+01:00,15105,4000005,347972,1166826,1375473,833419,1,276314,0.390157,1.7352
2026-02-11T04:07:47+01:00,15110,4000005,347972,1166606,1375472,833640,1,276314,0.390157,1.7346
2026-02-11T04:07:52+01:00,15115,4000004,347972,1166408,1375473,833836,0,276315,0.390157,1.7340
2026-02-11T04:07:57+01:00,15120,4000006,347897,1166215,1375483,834096,0,276315,0.389965,1.7342
2026-02-11T04:08:02+01:00,15125,4000005,347733,1166126,1375477,834354,0,276315,0.389547,1.7355
2026-02-11T04:08:07+01:00,15130,4000005,347709,1165872,1375477,834632,0,276315,0.389547,1.7350
2026-02-11T04:08:12+01:00,15135,4000005,347569,1165724,1375478,834919,0,276315,0.389128,1.7359
2026-02-11T04:08:17+01:00,15140,4000008,347526,1165496,1375487,835184,0,276315,0.389128,1.7357
2026-02-11T04:08:22+01:00,15145,4000005,347433,1165346,1375484,835427,0,276315,0.388937,1.7361
2026-02-11T04:08:27+01:00,15150,4000007,347325,1165131,1375484,835752,0,276315,0.388506,1.7366
2026-02-11T04:08:32+01:00,15155,4000006,347322,1164808,1375495,836066,0,276315,0.388498,1.7356
2026-02-11T04:08:37+01:00,15160,4000006,347322,1164498,1375489,836382,0,276315,0.388498,1.7348
2026-02-11T04:08:42+01:00,15165,4000005,347269,1164221,1375489,836711,0,276315,0.388363,1.7345
2026-02-11T04:08:47+01:00,15170,4000006,347269,1163907,1375501,837014,0,276315,0.388363,1.7336
2026-02-11T04:08:52+01:00,15175,4000008,347269,1163569,1375490,837365,0,276315,0.388363,1.7326
2026-02-11T04:08:57+01:00,15180,4000009,347269,1163229,1375491,837436,269,276315,0.388363,1.7316
2026-02-11T04:09:02+01:00,15185,4000007,347236,1162930,1375496,837431,599,276315,0.388363,1.7311
2026-02-11T04:09:07+01:00,15190,4000007,347181,1162676,1375491,837426,704,276529,0.388139,1.7309
2026-02-11T04:09:12+01:00,15195,4000008,346973,1162561,1375491,837493,638,276852,0.388139,1.7325
2026-02-11T04:09:17+01:00,15200,4000006,346687,1162523,1375491,837513,680,277112,0.386879,1.7352
2026-02-11T04:09:22+01:00,15205,4000007,346687,1162204,1375493,837619,568,277436,0.386879,1.7343
2026-02-11T04:09:27+01:00,15210,4000008,346687,1161885,1375493,837685,538,277720,0.386879,1.7334
2026-02-11T04:09:32+01:00,15215,4000009,346687,1161538,1375493,837685,568,278038,0.386879,1.7324
2026-02-11T04:09:37+01:00,15220,4000008,346687,1161207,1375495,837817,496,278306,0.386879,1.7314
2026-02-11T04:09:42+01:00,15225,4000009,346687,1160867,1375496,837957,357,278645,0.386879,1.7304
2026-02-11T04:09:47+01:00,15230,4000010,346687,1160573,1375495,838022,356,278877,0.386879,1.7296
2026-02-11T04:09:52+01:00,15235,4000012,346687,1159692,1375494,838493,152,279494,0.386879,1.7270
2026-02-11T04:09:57+01:00,15240,4000019,346687,1158692,1375500,838599,542,279999,0.386879,1.7242
2026-02-11T04:10:02+01:00,15245,4000021,346687,1157696,1375506,838796,526,280810,0.386879,1.7213
2026-02-11T04:10:07+01:00,15250,4000023,346687,1156718,1375497,839201,417,281503,0.386879,1.7185
2026-02-11T04:10:12+01:00,15255,4000025,346687,1155739,1375497,839809,181,282112,0.386879,1.7156
2026-02-11T04:10:17+01:00,15260,4000019,346687,1154754,1375501,840186,296,282595,0.386879,1.7128
2026-02-11T04:10:22+01:00,15265,4000017,346687,1153780,1375501,840578,263,283208,0.386879,1.7100
2026-02-11T04:10:27+01:00,15270,4000015,346687,1152809,1375476,841377,0,283666,0.386879,1.7072
2026-02-11T04:10:32+01:00,15275,4000015,346687,1151835,1375482,842345,0,283666,0.386879,1.7044
2026-02-11T04:10:37+01:00,15280,4000018,346687,1150848,1375491,843326,0,283666,0.386879,1.7015
2026-02-11T04:10:42+01:00,15285,4000016,346687,1149851,1375502,844310,0,283666,0.386879,1.6986
2026-02-11T04:10:47+01:00,15290,4000019,346687,1148853,1375510,845303,0,283666,0.386879,1.6958
2026-02-11T04:10:52+01:00,15295,4000014,346687,1147860,1375516,846285,0,283666,0.386879,1.6929
2026-02-11T04:10:57+01:00,15300,4000014,346687,1146878,1375518,847265,0,283666,0.386879,1.6901
2026-02-11T04:11:02+01:00,15305,4000020,346687,1145888,1375532,848247,0,283666,0.386879,1.6872
2026-02-11T04:11:07+01:00,15310,4000014,346687,1144910,1375534,849217,0,283666,0.386879,1.6844
2026-02-11T04:11:12+01:00,15315,4000015,346687,1143941,1375536,850185,0,283666,0.386879,1.6816
2026-02-11T04:11:17+01:00,15320,4000013,346687,1142984,1375531,851145,0,283666,0.386879,1.6788
2026-02-11T04:11:22+01:00,15325,4000021,346687,1142006,1375536,852126,0,283666,0.386879,1.6760
2026-02-11T04:11:27+01:00,15330,4000016,346687,1141044,1375545,853074,0,283666,0.386879,1.6732
2026-02-11T04:11:32+01:00,15335,4000016,346687,1140051,1375552,854060,0,283666,0.386879,1.6704
2026-02-11T04:11:37+01:00,15340,4000018,346687,1139077,1375552,855036,0,283666,0.386879,1.6676
2026-02-11T04:11:42+01:00,15345,4000010,346687,1138094,1375561,856002,0,283666,0.386879,1.6647
2026-02-11T04:11:47+01:00,15350,4000008,346687,1137188,1375568,856899,0,283666,0.386879,1.6621
2026-02-11T04:11:52+01:00,15355,4000016,346687,1136211,1375574,857878,0,283666,0.386879,1.6593
2026-02-11T04:11:57+01:00,15360,4000014,346687,1135218,1375585,858858,0,283666,0.386879,1.6564
2026-02-11T04:12:02+01:00,15365,4000015,346687,1134243,1375593,859826,0,283666,0.386879,1.6536
2026-02-11T04:12:07+01:00,15370,4000015,346687,1133247,1375603,860812,0,283666,0.386879,1.6508
2026-02-11T04:12:12+01:00,15375,4000016,346687,1132254,1375608,861801,0,283666,0.386879,1.6479
2026-02-11T04:12:17+01:00,15380,4000015,346687,1131254,1375617,862791,0,283666,0.386879,1.6450
2026-02-11T04:12:22+01:00,15385,4000016,346687,1130273,1375614,863776,0,283666,0.386879,1.6422
2026-02-11T04:12:27+01:00,15390,4000015,346687,1129309,1375618,864735,0,283666,0.386879,1.6394
2026-02-11T04:12:32+01:00,15395,4000033,346687,1128326,1375654,865076,624,283666,0.386879,1.6366
2026-02-11T04:12:37+01:00,15400,4000027,346687,1127362,1375653,866021,638,283666,0.386879,1.6338
2026-02-11T04:12:42+01:00,15405,4000014,346687,1126387,1375630,867006,638,283666,0.386879,1.6310
2026-02-11T04:12:47+01:00,15410,4000020,346687,1125404,1375635,867536,1092,283666,0.386879,1.6281
2026-02-11T04:12:52+01:00,15415,4000015,346687,1124443,1375635,868215,1369,283666,0.386879,1.6254
2026-02-11T04:12:57+01:00,15420,4000021,346687,1123456,1375643,868915,1549,283771,0.386879,1.6225
2026-02-11T04:13:02+01:00,15425,4000007,346687,1122853,1375646,869060,1389,284372,0.386879,1.6208
2026-02-11T04:13:07+01:00,15430,4000007,346687,1122585,1375646,869213,1234,284642,0.386879,1.6200
2026-02-11T04:13:12+01:00,15435,4000007,346687,1122310,1375648,869392,1103,284867,0.386879,1.6192
2026-02-11T04:13:17+01:00,15440,4000007,346687,1122044,1375648,869446,1050,285132,0.386879,1.6184
2026-02-11T04:13:22+01:00,15445,4000007,346687,1121773,1375648,869445,1050,285404,0.386879,1.6177
2026-02-11T04:13:27+01:00,15450,4000004,346687,1121519,1375648,869446,1050,285654,0.386879,1.6169
2026-02-11T04:13:32+01:00,15455,4000005,346687,1121247,1375649,869591,954,285877,0.386879,1.6161
2026-02-11T04:13:37+01:00,15460,4000008,346687,1120952,1375649,869621,927,286172,0.386879,1.6153
2026-02-11T04:13:42+01:00,15465,4000005,346687,1120660,1375648,869680,867,286463,0.386879,1.6144
2026-02-11T04:13:47+01:00,15470,4000008,346686,1120344,1375654,869673,931,286720,0.386876,1.6135
2026-02-11T04:13:52+01:00,15475,4000008,346686,1120048,1375650,869673,930,287021,0.386876,1.6127
2026-02-11T04:13:57+01:00,15480,4000007,346686,1119781,1375651,869726,877,287286,0.386876,1.6119
2026-02-11T04:14:02+01:00,15485,4000007,346686,1119520,1375650,869831,773,287547,0.386876,1.6112
2026-02-11T04:14:07+01:00,15490,4000007,346686,1119233,1375651,869825,823,287789,0.386876,1.6103
2026-02-11T04:14:12+01:00,15495,4000008,346686,1118906,1375651,869892,757,288116,0.386876,1.6094
2026-02-11T04:14:17+01:00,15500,4000008,346686,1118591,1375651,869892,769,288419,0.386876,1.6085
2026-02-11T04:14:22+01:00,15505,4000007,346686,1118246,1375653,869885,823,288714,0.386876,1.6075
2026-02-11T04:14:27+01:00,15510,4000007,346686,1117941,1375654,869954,755,289017,0.386876,1.6066
2026-02-11T04:14:32+01:00,15515,4000009,346686,1117610,1375654,869954,821,289284,0.386876,1.6057
2026-02-11T04:14:37+01:00,15520,4000009,346686,1117301,1375656,870012,757,289597,0.386876,1.6048
2026-02-11T04:14:42+01:00,15525,4000020,346686,1116382,1375657,870207,762,290326,0.386876,1.6021
2026-02-11T04:14:47+01:00,15530,4000017,346686,1115414,1375661,870286,853,291117,0.386876,1.5993
2026-02-11T04:14:52+01:00,15535,4000022,346686,1114448,1375666,870505,796,291921,0.386876,1.5965
2026-02-11T04:14:57+01:00,15540,4000020,346686,1113474,1375677,870960,506,292717,0.386876,1.5937
2026-02-11T04:15:02+01:00,15545,4000017,346686,1112519,1375681,871203,466,293462,0.386876,1.5910
2026-02-11T04:15:07+01:00,15550,4000020,346686,1111577,1375683,871308,536,294230,0.386876,1.5883
2026-02-11T04:15:12+01:00,15555,4000020,346686,1110635,1375688,871468,670,294873,0.386876,1.5855
2026-02-11T04:15:17+01:00,15560,4000025,346686,1109680,1375692,872054,301,295612,0.386876,1.5828
2026-02-11T04:15:22+01:00,15565,4000017,346686,1108719,1375696,872185,376,296355,0.386876,1.5800
2026-02-11T04:15:27+01:00,15570,4000015,346686,1107765,1375700,872353,503,297008,0.386876,1.5773
2026-02-11T04:15:32+01:00,15575,4000016,346686,1106822,1375694,872606,507,297701,0.386876,1.5745
2026-02-11T04:15:37+01:00,15580,4000019,346686,1105859,1375697,872980,309,298488,0.386876,1.5718
2026-02-11T04:15:42+01:00,15585,4000025,346686,1104903,1375701,873366,316,299053,0.386876,1.5690
2026-02-11T04:15:47+01:00,15590,4000020,346686,1103941,1375705,873746,315,299627,0.386876,1.5662
2026-02-11T04:15:52+01:00,15595,4000019,346686,1102985,1375709,873933,316,300390,0.386876,1.5635
2026-02-11T04:15:57+01:00,15600,4000014,346686,1102041,1375707,873917,687,300976,0.386876,1.5608
2026-02-11T04:16:02+01:00,15605,4000023,346686,1101061,1375709,874513,284,301770,0.386876,1.5579
2026-02-11T04:16:07+01:00,15610,4000016,346685,1100102,1375717,874651,346,302515,0.386873,1.5552
2026-02-11T04:16:12+01:00,15615,4000021,346685,1099119,1375725,874887,478,303127,0.386873,1.5523
2026-02-11T04:16:17+01:00,15620,4000023,346685,1098155,1375729,875003,531,303920,0.386873,1.5496
2026-02-11T04:16:22+01:00,15625,4000014,346685,1097193,1375735,875414,317,304670,0.386873,1.5468
2026-02-11T04:16:27+01:00,15630,4000017,346685,1096242,1375737,875629,462,305262,0.386873,1.5440
2026-02-11T04:16:32+01:00,15635,4000015,346685,1095288,1375718,875829,454,306041,0.386873,1.5413
2026-02-11T04:16:37+01:00,15640,4000018,346685,1094316,1375724,876014,521,306758,0.386873,1.5385
2026-02-11T04:16:42+01:00,15645,4000024,346685,1093358,1375732,876237,588,307424,0.386873,1.5357
2026-02-11T04:16:47+01:00,15650,4000019,346685,1092419,1375736,876382,623,308174,0.386873,1.5330
2026-02-11T04:16:52+01:00,15655,4000023,346685,1091466,1375750,876557,627,308938,0.386873,1.5303
2026-02-11T04:16:57+01:00,15660,4000018,346685,1090500,1375755,876735,632,309711,0.386873,1.5275
2026-02-11T04:17:02+01:00,15665,4000017,346685,1089533,1375775,876912,629,310483,0.386873,1.5247
2026-02-11T04:17:07+01:00,15670,4000029,346685,1088579,1375779,877092,629,311265,0.386873,1.5219
2026-02-11T04:17:12+01:00,15675,4000022,346685,1087629,1375783,877263,630,312032,0.386873,1.5192
2026-02-11T04:17:17+01:00,15680,4000020,346685,1086995,1375777,877450,634,312479,0.386873,1.5174
2026-02-11T04:17:22+01:00,15685,4000019,346685,1086058,1375783,877634,619,313240,0.386873,1.5147
2026-02-11T04:17:27+01:00,15690,4000014,346685,1085106,1375791,877648,776,314008,0.386873,1.5119
2026-02-11T04:17:32+01:00,15695,4000018,346685,1084140,1375799,877793,813,314788,0.386873,1.5091
2026-02-11T04:17:37+01:00,15700,4000021,346685,1083166,1375810,877978,803,315579,0.386873,1.5063
2026-02-11T04:17:42+01:00,15705,4000023,346685,1082203,1375807,878355,608,316365,0.386873,1.5035
2026-02-11T04:17:47+01:00,15710,4000017,346685,1081241,1375808,878593,544,317146,0.386873,1.5008
2026-02-11T04:17:52+01:00,15715,4000017,346685,1080294,1375801,879547,0,317690,0.386873,1.4980
2026-02-11T04:17:57+01:00,15720,4000004,346685,1079526,1375839,880238,26,317690,0.386873,1.4958
2026-02-11T04:18:02+01:00,15725,4000007,346685,1079255,1375831,880520,0,317716,0.386873,1.4950
2026-02-11T04:18:07+01:00,15730,4000006,346685,1078965,1375844,880796,0,317716,0.386873,1.4942
2026-02-11T04:18:12+01:00,15735,4000003,346685,1078709,1375844,881049,0,317716,0.386873,1.4935
2026-02-11T04:18:17+01:00,15740,4000009,346685,1078425,1375845,881099,141,317814,0.386873,1.4926
2026-02-11T04:18:22+01:00,15745,4000006,346685,1078138,1375846,881092,196,318049,0.386873,1.4918
2026-02-11T04:18:27+01:00,15750,4000006,346685,1077868,1375847,881189,153,318264,0.386873,1.4910
2026-02-11T04:18:32+01:00,15755,4000008,346685,1077541,1375847,881280,132,318523,0.386873,1.4901
2026-02-11T04:18:37+01:00,15760,4000009,346685,1077213,1375840,881334,214,318723,0.386873,1.4891
2026-02-11T04:18:42+01:00,15765,4000008,346685,1076889,1375847,881392,215,318980,0.386873,1.4882
2026-02-11T04:18:47+01:00,15770,4000019,346685,1076101,1375864,881642,288,319439,0.386873,1.4859
2026-02-11T04:18:52+01:00,15775,4000013,346685,1075138,1375868,882143,182,319997,0.386873,1.4832
2026-02-11T04:18:57+01:00,15780,4000022,346685,1074182,1375869,882527,274,320485,0.386873,1.4804
2026-02-11T04:19:02+01:00,15785,4000022,346685,1073228,1375879,882899,322,321009,0.386873,1.4777
2026-02-11T04:19:07+01:00,15790,4000016,346685,1072265,1375885,883239,248,321694,0.386873,1.4749
2026-02-11T04:19:12+01:00,15795,4000017,346685,1071309,1375873,883674,212,322264,0.386873,1.4721
2026-02-11T04:19:17+01:00,15800,4000017,346685,1070347,1375890,884058,203,322834,0.386873,1.4693
2026-02-11T04:19:22+01:00,15805,4000019,346685,1069390,1375895,884239,401,323409,0.386873,1.4666
2026-02-11T04:19:27+01:00,15810,4000017,346685,1068444,1375899,884498,323,324168,0.386873,1.4639
2026-02-11T04:19:32+01:00,15815,4000018,346685,1067481,1375901,884820,312,324819,0.386873,1.4611
2026-02-11T04:19:37+01:00,15820,4000014,346685,1066525,1375904,885029,342,325529,0.386873,1.4583
2026-02-11T04:19:42+01:00,15825,4000021,346685,1065580,1375901,885171,583,326101,0.386873,1.4556
2026-02-11T04:19:47+01:00,15830,4000018,346685,1064611,1375922,885556,370,326874,0.386873,1.4528
2026-02-11T04:19:52+01:00,15835,4000023,346685,1063658,1375925,885738,558,327459,0.386873,1.4500
2026-02-11T04:19:57+01:00,15840,4000021,346685,1062713,1375926,885921,549,328227,0.386873,1.4473
2026-02-11T04:20:02+01:00,15845,4000020,346685,1061761,1375928,886097,545,329004,0.386873,1.4446
2026-02-11T04:20:07+01:00,15850,4000006,346685,1061235,1375925,886297,535,329329,0.386873,1.4431
2026-02-11T04:20:12+01:00,15855,4000008,346685,1060956,1375929,886293,536,329609,0.386873,1.4423
2026-02-11T04:20:17+01:00,15860,4000007,346685,1060663,1375930,886292,598,329839,0.386873,1.4414
2026-02-11T04:20:22+01:00,15865,4000010,346685,1060376,1375930,886353,537,330129,0.386873,1.4406
2026-02-11T04:20:27+01:00,15870,4000006,346685,1060099,1375925,886353,600,330344,0.386873,1.4398
2026-02-11T04:20:32+01:00,15875,4000005,346685,1059843,1375928,886417,533,330599,0.386873,1.4390
2026-02-11T04:20:37+01:00,15880,4000007,346685,1059580,1375928,886417,534,330863,0.386873,1.4383
2026-02-11T04:20:42+01:00,15885,4000008,346685,1059273,1375923,886488,517,331122,0.386873,1.4374
2026-02-11T04:20:47+01:00,15890,4000011,346685,1059024,1375929,886482,518,331373,0.386873,1.4367
2026-02-11T04:20:52+01:00,15895,4000008,346685,1058702,1375929,886548,518,331626,0.386873,1.4358
2026-02-11T04:20:57+01:00,15900,4000017,346685,1057984,1375931,886575,665,332177,0.386873,1.4337
2026-02-11T04:21:02+01:00,15905,4000022,346685,1057037,1375928,886913,517,332942,0.386873,1.4309
2026-02-11T04:21:07+01:00,15910,4000015,346685,1056095,1375915,887185,425,333710,0.386873,1.4282
2026-02-11T04:21:12+01:00,15915,4000016,346685,1055136,1375916,887976,23,334280,0.386873,1.4255
2026-02-11T04:21:17+01:00,15920,4000014,346685,1054174,1375915,888232,311,334697,0.386873,1.4227
2026-02-11T04:21:22+01:00,15925,4000022,346685,1053237,1375911,888445,327,335417,0.386873,1.4200
2026-02-11T04:21:27+01:00,15930,4000023,346685,1052283,1375912,888630,484,336029,0.386873,1.4172
2026-02-11T04:21:32+01:00,15935,4000019,346685,1051315,1375913,888810,487,336809,0.386873,1.4144
2026-02-11T04:21:37+01:00,15940,4000022,346685,1050351,1375929,889003,469,337585,0.386873,1.4117
2026-02-11T04:21:42+01:00,15945,4000021,346685,1049388,1375935,889192,543,338278,0.386873,1.4089
2026-02-11T04:21:47+01:00,15950,4000023,346685,1048424,1375940,889374,655,338945,0.386873,1.4061
2026-02-11T04:21:52+01:00,15955,4000016,346685,1047454,1375943,889777,422,339735,0.386873,1.4033
2026-02-11T04:21:57+01:00,15960,4000022,346685,1046502,1375940,890150,299,340446,0.386873,1.4006
2026-02-11T04:22:02+01:00,15965,4000015,346624,1045615,1375944,890177,578,341077,0.386873,1.3985
2026-02-11T04:22:07+01:00,15970,4000021,346312,1044951,1375954,890321,620,341863,0.385922,1.3993
2026-02-11T04:22:12+01:00,15975,4000025,346312,1043992,1375959,890510,620,342632,0.385922,1.3966
2026-02-11T04:22:17+01:00,15980,4000020,345939,1043404,1375965,890896,425,343391,0.384970,1.3981
2026-02-11T04:22:22+01:00,15985,4000024,345939,1042449,1375967,891279,233,344157,0.384970,1.3954
2026-02-11T04:22:27+01:00,15990,4000023,345939,1041492,1375986,891650,207,344749,0.384970,1.3926
2026-02-11T04:22:32+01:00,15995,4000020,345939,1040520,1375991,891835,396,345339,0.384970,1.3898
2026-02-11T04:22:37+01:00,16000,4000029,345939,1039566,1375993,892226,375,345930,0.384970,1.3870
2026-02-11T04:22:42+01:00,16005,4000019,345859,1038687,1375996,892405,367,346705,0.384766,1.3852
2026-02-11T04:22:47+01:00,16010,4000020,345859,1037727,1375994,892598,507,347335,0.384766,1.3824
2026-02-11T04:22:52+01:00,16015,4000021,345858,1036776,1375999,892772,548,348068,0.384764,1.3797
2026-02-11T04:22:57+01:00,16020,4000023,345858,1035807,1376002,892948,543,348865,0.384764,1.3769
2026-02-11T04:23:02+01:00,16025,4000008,345858,1035465,1376002,893001,500,349182,0.384764,1.3759
2026-02-11T04:23:07+01:00,16030,4000008,345745,1035329,1376002,893001,549,349382,0.384764,1.3765
2026-02-11T04:23:12+01:00,16035,4000010,345680,1035076,1375998,893006,542,349708,0.384310,1.3763
2026-02-11T04:23:17+01:00,16040,4000008,345671,1034765,1376005,893058,547,349962,0.384310,1.3755
2026-02-11T04:23:22+01:00,16045,4000006,345502,1034622,1376005,893120,483,350274,0.383856,1.3765
2026-02-11T04:23:27+01:00,16050,4000008,345441,1034342,1376001,893121,553,350550,0.383856,1.3762
2026-02-11T04:23:32+01:00,16055,4000005,345324,1034121,1376006,893245,480,350829,0.383402,1.3766
2026-02-11T04:23:37+01:00,16060,4000005,345324,1033781,1376006,893585,146,351163,0.383402,1.3756
2026-02-11T04:23:42+01:00,16065,4000005,345324,1033473,1376001,893898,0,351309,0.383402,1.3747
2026-02-11T04:23:47+01:00,16070,4000024,345324,1032593,1376000,894798,0,351309,0.383402,1.3722
2026-02-11T04:23:52+01:00,16075,4000014,345035,1031879,1376030,895761,0,351309,0.382879,1.3726
2026-02-11T04:23:57+01:00,16080,4000016,344968,1030953,1376036,896750,0,351309,0.382493,1.3705
2026-02-11T04:24:02+01:00,16085,4000013,344968,1029955,1376040,897741,0,351309,0.382493,1.3676
2026-02-11T04:24:07+01:00,16090,4000023,344968,1028961,1376045,898728,12,351309,0.382493,1.3647
2026-02-11T04:24:12+01:00,16095,4000007,344968,1028540,1376051,898835,203,351410,0.382493,1.3635
2026-02-11T04:24:17+01:00,16100,4000008,344968,1028252,1376051,898900,198,351639,0.382493,1.3627
2026-02-11T04:24:22+01:00,16105,4000008,344968,1027977,1376047,898955,198,351863,0.382493,1.3619
2026-02-11T04:24:27+01:00,16110,4000007,344968,1027706,1376046,898955,260,352072,0.382493,1.3611
2026-02-11T04:24:32+01:00,16115,4000008,344968,1027425,1376053,898950,314,352298,0.382493,1.3603
2026-02-11T04:24:37+01:00,16120,4000009,344968,1027138,1376052,899006,264,352581,0.382493,1.3595
2026-02-11T04:24:42+01:00,16125,4000008,344968,1026837,1376049,899067,260,352827,0.382493,1.3586
2026-02-11T04:24:47+01:00,16130,4000009,344968,1026550,1376055,899060,320,353056,0.382493,1.3577
2026-02-11T04:24:52+01:00,16135,4000007,344968,1026281,1376056,899059,379,353264,0.382493,1.3570
2026-02-11T04:24:57+01:00,16140,4000007,344968,1026019,1376050,899113,326,353531,0.382493,1.3562
2026-02-11T04:25:02+01:00,16145,4000009,344968,1025754,1376051,899112,392,353732,0.382493,1.3554
2026-02-11T04:25:07+01:00,16150,4000003,344968,1025652,1376052,899131,373,353827,0.382493,1.3551
2026-02-11T04:25:12+01:00,16155,4000009,344967,1025380,1376051,899130,441,354040,0.382491,1.3544
2026-02-11T04:25:17+01:00,16160,4000009,344967,1025065,1376051,899131,441,354354,0.382491,1.3535
2026-02-11T04:25:22+01:00,16165,4000007,344967,1024747,1376046,899195,438,354614,0.382491,1.3525
2026-02-11T04:25:27+01:00,16170,4000009,344967,1024428,1376052,899190,480,354892,0.382491,1.3516
2026-02-11T04:25:32+01:00,16175,4000009,344967,1024092,1376052,899190,504,355204,0.382491,1.3506
2026-02-11T04:25:37+01:00,16180,4000008,344967,1023759,1376047,899324,435,355476,0.382491,1.3497
2026-02-11T04:25:42+01:00,16185,4000010,344967,1023422,1376054,899318,437,355812,0.382491,1.3487
2026-02-11T04:25:47+01:00,16190,4000015,344967,1023022,1376040,899327,487,356172,0.382491,1.3475
2026-02-11T04:25:52+01:00,16195,4000023,344967,1022057,1376058,899490,607,356844,0.382491,1.3447
2026-02-11T04:25:57+01:00,16200,4000022,344967,1021079,1376060,899674,706,357536,0.382491,1.3419
2026-02-11T04:26:02+01:00,16205,4000026,344967,1020100,1376065,899859,700,358335,0.382491,1.3391
2026-02-11T04:26:07+01:00,16210,4000024,344967,1019124,1376068,900035,710,359120,0.382491,1.3362
2026-02-11T04:26:12+01:00,16215,4000020,344967,1018160,1376071,900421,506,359895,0.382491,1.3334
2026-02-11T04:26:17+01:00,16220,4000020,344967,1017193,1376077,900706,396,360681,0.382491,1.3306
2026-02-11T04:26:22+01:00,16225,4000020,344967,1016259,1376079,900779,506,361430,0.382491,1.3279
2026-02-11T04:26:27+01:00,16230,4000025,344967,1015301,1376075,900978,666,362038,0.382491,1.3251
2026-02-11T04:26:32+01:00,16235,4000023,344967,1014343,1376077,901166,690,362780,0.382491,1.3224
2026-02-11T04:26:37+01:00,16240,4000021,344967,1013391,1376080,901346,689,363548,0.382491,1.3196
2026-02-11T04:26:42+01:00,16245,4000026,344967,1012416,1376100,901526,686,364331,0.382491,1.3168
2026-02-11T04:26:47+01:00,16250,4000014,344967,1011461,1376103,901761,618,365104,0.382491,1.3140
2026-02-11T04:26:52+01:00,16255,4000021,344967,1010513,1376109,901893,659,365880,0.382491,1.3113
2026-02-11T04:26:57+01:00,16260,4000026,344967,1009565,1376120,902064,654,366656,0.382491,1.3085
2026-02-11T04:27:02+01:00,16265,4000016,344966,1008609,1376113,902246,645,367437,0.382488,1.3058
2026-02-11T04:27:07+01:00,16270,4000030,344965,1007665,1376110,902631,453,368206,0.382486,1.3030
2026-02-11T04:27:12+01:00,16275,4000021,344965,1006703,1376117,902813,529,368894,0.382486,1.3002
2026-02-11T04:27:17+01:00,16280,4000018,344964,1005748,1376122,903508,100,369576,0.382483,1.2975
2026-02-11T04:27:22+01:00,16285,4000024,344964,1004768,1376136,904193,92,369871,0.382483,1.2946
2026-02-11T04:27:27+01:00,16290,4000012,344964,1003830,1376147,904479,184,370408,0.382483,1.2919
2026-02-11T04:27:32+01:00,16295,4000015,344964,1002869,1376146,904658,433,370945,0.382483,1.2891
2026-02-11T04:27:37+01:00,16300,4000021,344964,1001907,1376148,905124,301,371577,0.382483,1.2863
2026-02-11T04:27:42+01:00,16305,4000022,344964,1000946,1376149,905716,119,372128,0.382483,1.2836
2026-02-11T04:27:47+01:00,16310,4000031,344964,999968,1376149,905899,308,372743,0.382483,1.2807
2026-02-11T04:27:52+01:00,16315,4000013,344964,998999,1376153,906096,479,373322,0.382483,1.2779
2026-02-11T04:27:57+01:00,16320,4000013,344964,998037,1376159,906319,421,374113,0.382483,1.2751
2026-02-11T04:28:02+01:00,16325,4000025,344964,997082,1376169,906828,293,374689,0.382483,1.2724
2026-02-11T04:28:07+01:00,16330,4000014,344964,996129,1376171,907271,211,375268,0.382483,1.2696
2026-02-11T04:28:12+01:00,16335,4000019,344964,995165,1376164,908054,0,375672,0.382483,1.2668
2026-02-11T04:28:17+01:00,16340,4000020,344964,994196,1376147,908811,31,375871,0.382483,1.2640
2026-02-11T04:28:22+01:00,16345,4000022,344964,993240,1376147,909000,352,376319,0.382483,1.2612
2026-02-11T04:28:27+01:00,16350,4000028,344964,992283,1376150,909191,408,377032,0.382483,1.2584
2026-02-11T04:28:32+01:00,16355,4000016,344964,991326,1376142,909646,319,377619,0.382483,1.2557
2026-02-11T04:28:37+01:00,16360,4000019,344883,990590,1376136,909836,335,378239,0.382277,1.2542
2026-02-11T04:28:42+01:00,16365,4000023,344883,989781,1376120,910349,132,378758,0.382277,1.2519
2026-02-11T04:28:47+01:00,16370,4000024,344883,988817,1376113,910547,295,379369,0.382277,1.2491
2026-02-11T04:28:52+01:00,16375,4000027,344883,987860,1376114,910725,477,379968,0.382277,1.2463
2026-02-11T04:28:57+01:00,16380,4000023,344883,986915,1376117,910902,469,380737,0.382277,1.2436
2026-02-11T04:29:02+01:00,16385,4000009,344883,986501,1376127,910990,463,381045,0.382277,1.2424
2026-02-11T04:29:07+01:00,16390,4000006,344883,986229,1376127,911045,406,381316,0.382277,1.2416
2026-02-11T04:29:12+01:00,16395,4000006,344883,985980,1376123,911051,460,381509,0.382277,1.2408
2026-02-11T04:29:17+01:00,16400,4000009,344883,985733,1376123,911051,460,381759,0.382277,1.2401
2026-02-11T04:29:22+01:00,16405,4000008,344883,985432,1376129,911103,466,381995,0.382277,1.2393
2026-02-11T04:29:27+01:00,16410,4000009,344883,985148,1376129,911166,404,382279,0.382277,1.2384
2026-02-11T04:29:32+01:00,16415,4000010,344883,984838,1376124,911166,473,382526,0.382277,1.2375
2026-02-11T04:29:37+01:00,16420,4000006,344883,984569,1376128,911178,455,382793,0.382277,1.2368
2026-02-11T04:29:42+01:00,16425,4000009,344883,984301,1376127,911216,471,383011,0.382277,1.2360
2026-02-11T04:29:47+01:00,16430,4000005,344883,984038,1376123,911216,481,383264,0.382277,1.2352
2026-02-11T04:29:52+01:00,16435,4000006,344883,983870,1376123,911215,496,383419,0.382277,1.2347
2026-02-11T04:29:57+01:00,16440,4000008,344883,983672,1376128,911211,496,383618,0.382277,1.2342
2026-02-11T04:30:02+01:00,16445,4000008,344883,983375,1376129,911406,366,383849,0.382277,1.2333
2026-02-11T04:30:07+01:00,16450,4000005,344883,983065,1376123,911498,272,384164,0.382277,1.2324
2026-02-11T04:30:12+01:00,16455,4000013,344883,982711,1376124,911531,314,384450,0.382277,1.2314
2026-02-11T04:30:17+01:00,16460,4000006,344769,982487,1376130,911558,347,384715,0.382277,1.2317
2026-02-11T04:30:22+01:00,16465,4000011,344538,982382,1376125,911668,307,384991,0.381397,1.2333
2026-02-11T04:30:27+01:00,16470,4000006,344538,982061,1376125,911675,377,385230,0.381397,1.2323
2026-02-11T04:30:32+01:00,16475,4000008,344538,981754,1376130,911728,320,385538,0.381397,1.2314
2026-02-11T04:30:37+01:00,16480,4000006,344537,981460,1376123,911727,384,385775,0.381397,1.2306
2026-02-11T04:30:42+01:00,16485,4000006,344212,981460,1376123,911734,442,386035,0.381397,1.2333
2026-02-11T04:30:47+01:00,16490,4000008,343894,981460,1376128,911790,382,386354,0.381397,1.2359
2026-02-11T04:30:52+01:00,16495,4000008,343572,981428,1376123,911790,450,386645,0.378932,1.2385
2026-02-11T04:30:57+01:00,16500,4000010,343572,981089,1376124,911859,449,386917,0.378932,1.2375
2026-02-11T04:31:02+01:00,16505,4000008,343572,980750,1376129,911854,448,387255,0.378932,1.2365
2026-02-11T04:31:07+01:00,16510,4000007,343572,980437,1376129,911871,493,387505,0.378932,1.2356
2026-02-11T04:31:12+01:00,16515,4000019,343572,979518,1376152,912348,383,388046,0.378932,1.2329
2026-02-11T04:31:17+01:00,16520,4000026,343572,978560,1376157,912762,212,388763,0.378932,1.2302
2026-02-11T04:31:22+01:00,16525,4000015,343572,977576,1376161,913731,0,388975,0.378932,1.2273
2026-02-11T04:31:27+01:00,16530,4000022,343572,976605,1376157,914339,239,389110,0.378932,1.2245
2026-02-11T04:31:32+01:00,16535,4000026,343572,975636,1376158,914734,281,389645,0.378932,1.2217
2026-02-11T04:31:37+01:00,16540,4000017,343292,974939,1376162,915042,190,390392,0.378218,1.2219
2026-02-11T04:31:42+01:00,16545,4000030,343292,973966,1376185,915305,288,390994,0.378218,1.2191
2026-02-11T04:31:47+01:00,16550,4000023,343292,973033,1376191,915907,98,391502,0.378218,1.2164
2026-02-11T04:31:52+01:00,16555,4000013,343292,972169,1376206,916232,239,391875,0.378218,1.2139
2026-02-11T04:31:57+01:00,16560,4000022,343292,971218,1376190,916447,345,392530,0.378218,1.2111
2026-02-11T04:32:02+01:00,16565,4000022,343281,970258,1376196,916835,210,393242,0.378190,1.2084
2026-02-11T04:32:07+01:00,16570,4000018,343281,969295,1376194,917358,49,393841,0.378190,1.2056
2026-02-11T04:32:12+01:00,16575,4000016,343281,968337,1376194,917624,182,394398,0.378190,1.2028
2026-02-11T04:32:17+01:00,16580,4000014,343281,967356,1376218,918028,260,394871,0.378190,1.1999
2026-02-11T04:32:22+01:00,16585,4000016,343281,966399,1376221,918249,355,395511,0.378190,1.1971
2026-02-11T04:32:27+01:00,16590,4000020,343281,965438,1376227,918549,373,396152,0.378190,1.1944
2026-02-11T04:32:32+01:00,16595,4000030,343281,964487,1376227,918929,188,396918,0.378190,1.1916
2026-02-11T04:32:37+01:00,16600,4000016,343281,963523,1376222,919336,161,397493,0.378190,1.1888
2026-02-11T04:32:42+01:00,16605,4000014,343281,962543,1376229,920308,0,397653,0.378190,1.1859
2026-02-11T04:32:47+01:00,16610,4000015,343281,961573,1376232,921276,0,397653,0.378190,1.1831
2026-02-11T04:32:52+01:00,16615,4000014,343281,960598,1376235,922247,0,397653,0.378190,1.1803
2026-02-11T04:32:57+01:00,16620,4000022,343281,959613,1376249,923226,0,397653,0.378190,1.1774
2026-02-11T04:33:02+01:00,16625,4000022,343281,958619,1376258,924138,73,397653,0.378190,1.1745
2026-02-11T04:33:07+01:00,16630,4000022,343281,957668,1376272,924324,824,397653,0.378190,1.1717
2026-02-11T04:33:12+01:00,16635,4000016,343281,956736,1376291,924502,939,398267,0.378190,1.1690
2026-02-11T04:33:17+01:00,16640,4000014,343281,955774,1376300,924685,927,399047,0.378190,1.1662
2026-02-11T04:33:22+01:00,16645,4000023,343281,954810,1376302,924859,941,399830,0.378190,1.1634
2026-02-11T04:33:27+01:00,16650,4000023,343281,953863,1376301,925040,930,400608,0.378190,1.1606
2026-02-11T04:33:32+01:00,16655,4000025,343281,952881,1376308,925447,648,401460,0.378190,1.1578
2026-02-11T04:33:37+01:00,16660,4000017,343281,951911,1376313,925490,844,402178,0.378190,1.1549
2026-02-11T04:33:42+01:00,16665,4000016,343281,950946,1376320,926448,0,403021,0.378190,1.1521
2026-02-11T04:33:47+01:00,16670,4000019,343281,949966,1376327,927424,0,403021,0.378190,1.1493
2026-02-11T04:33:52+01:00,16675,4000015,343281,948972,1376342,928399,0,403021,0.378190,1.1464
2026-02-11T04:33:57+01:00,16680,4000017,343281,947984,1376348,929383,0,403021,0.378190,1.1435
2026-02-11T04:34:02+01:00,16685,4000014,343281,946997,1376358,930357,0,403021,0.378190,1.1406
2026-02-11T04:34:07+01:00,16690,4000016,343281,946006,1376367,931132,209,403021,0.378190,1.1377
2026-02-11T04:34:12+01:00,16695,4000008,343281,945208,1376354,931237,907,403021,0.378190,1.1354
2026-02-11T04:34:17+01:00,16700,4000005,343281,944945,1376359,931272,879,403269,0.378190,1.1347
2026-02-11T04:34:22+01:00,16705,4000006,343281,944660,1376356,931562,589,403558,0.378190,1.1338
2026-02-11T04:34:27+01:00,16710,4000007,343281,944395,1376356,931585,567,403823,0.378190,1.1331
2026-02-11T04:34:32+01:00,16715,4000004,343281,944110,1376356,931630,581,404046,0.378190,1.1322
2026-02-11T04:34:37+01:00,16720,4000013,343281,943840,1376362,931685,523,404322,0.378190,1.1314
2026-02-11T04:34:42+01:00,16725,4000007,343281,943524,1376357,931750,511,404584,0.378190,1.1305
2026-02-11T04:34:47+01:00,16730,4000007,343281,943256,1376357,931751,511,404851,0.378190,1.1297
2026-02-11T04:34:52+01:00,16735,4000006,343281,942974,1376362,931745,564,405080,0.378190,1.1289
2026-02-11T04:34:57+01:00,16740,4000007,343281,942694,1376359,931801,511,405361,0.378190,1.1281
2026-02-11T04:35:02+01:00,16745,4000005,343281,942453,1376358,931857,453,405603,0.378190,1.1274
2026-02-11T04:35:07+01:00,16750,4000007,343281,942175,1376359,931865,500,405827,0.378190,1.1266
2026-02-11T04:35:12+01:00,16755,4000002,343281,942018,1376359,931959,405,405980,0.378190,1.1261
2026-02-11T04:35:17+01:00,16760,4000007,343281,941716,1376356,932032,397,406225,0.378190,1.1252
2026-02-11T04:35:22+01:00,16765,4000008,343281,941395,1376355,932099,338,406540,0.378190,1.1243
2026-02-11T04:35:27+01:00,16770,4000010,343281,941086,1376355,932163,330,406795,0.378190,1.1234
2026-02-11T04:35:32+01:00,16775,4000011,343281,940750,1376361,932157,397,407065,0.378190,1.1224
2026-02-11T04:35:37+01:00,16780,4000007,343281,940420,1376355,932225,394,407332,0.378190,1.1215
2026-02-11T04:35:42+01:00,16785,4000007,343281,940082,1376355,932295,324,407670,0.378190,1.1205
2026-02-11T04:35:47+01:00,16790,4000011,343281,939771,1376361,932290,388,407920,0.378190,1.1196
2026-02-11T04:35:52+01:00,16795,4000023,343281,938816,1376359,932674,226,408667,0.378190,1.1168
2026-02-11T04:35:57+01:00,16800,4000019,342502,938624,1376363,932869,347,409314,0.378190,1.1225
2026-02-11T04:36:02+01:00,16805,4000025,342295,937850,1376373,933057,522,409928,0.375675,1.1219
2026-02-11T04:36:07+01:00,16810,4000023,342295,936875,1376384,933240,528,410701,0.375675,1.1190
2026-02-11T04:36:12+01:00,16815,4000011,342295,935919,1376382,933403,541,411471,0.375675,1.1162
2026-02-11T04:36:17+01:00,16820,4000023,342295,934950,1376385,933600,525,412268,0.375675,1.1134
2026-02-11T04:36:22+01:00,16825,4000015,342295,934011,1376384,933704,599,413022,0.375675,1.1106
2026-02-11T04:36:27+01:00,16830,4000015,342295,933065,1376373,933978,520,413784,0.375675,1.1079
2026-02-11T04:36:32+01:00,16835,4000015,342295,932099,1376379,934261,401,414580,0.375675,1.1051
2026-02-11T04:36:37+01:00,16840,4000020,342295,931142,1376383,934534,472,415194,0.375675,1.1023
2026-02-11T04:36:42+01:00,16845,4000022,342295,930180,1376388,934713,502,415944,0.375675,1.0994
2026-02-11T04:36:47+01:00,16850,4000021,342295,929234,1376386,935098,297,416711,0.375675,1.0967
2026-02-11T04:36:52+01:00,16855,4000019,342295,928280,1376390,935477,276,417301,0.375675,1.0939
2026-02-11T04:36:57+01:00,16860,4000023,342295,927328,1376397,935847,270,417886,0.375675,1.0911
2026-02-11T04:37:02+01:00,16865,4000022,342280,926373,1376396,936047,339,418587,0.375637,1.0884
2026-02-11T04:37:07+01:00,16870,4000020,342250,925443,1376391,936243,450,419243,0.375560,1.0860
2026-02-11T04:37:12+01:00,16875,4000014,342235,924504,1376390,936490,467,419928,0.375522,1.0833
2026-02-11T04:37:17+01:00,16880,4000023,342235,923549,1376392,936801,440,420606,0.375522,1.0805
2026-02-11T04:37:22+01:00,16885,4000018,342235,922608,1376402,937021,387,421365,0.375522,1.0778
2026-02-11T04:37:27+01:00,16890,4000020,342235,921659,1376402,937148,633,421943,0.375522,1.0750
2026-02-11T04:37:32+01:00,16895,4000013,341911,921029,1376402,937596,371,422704,0.375522,1.0757
2026-02-11T04:37:37+01:00,16900,4000021,341285,920649,1376406,938351,157,423173,0.373098,1.0796
2026-02-11T04:37:42+01:00,16905,4000016,341285,919668,1376412,939083,73,423495,0.373098,1.0767
2026-02-11T04:37:47+01:00,16910,4000008,341285,918713,1376406,939414,276,423914,0.373098,1.0739
2026-02-11T04:37:52+01:00,16915,4000008,341285,917715,1376402,940177,49,424380,0.373098,1.0710
2026-02-11T04:37:57+01:00,16920,4000024,341285,916749,1376428,940342,351,424869,0.373098,1.0681
2026-02-11T04:38:02+01:00,16925,4000017,340459,916645,1376429,941087,73,425324,0.373098,1.0743
2026-02-11T04:38:07+01:00,16930,4000019,340355,915801,1376420,941454,166,425823,0.370726,1.0727
2026-02-11T04:38:12+01:00,16935,4000015,340355,914847,1376427,941983,0,426403,0.370726,1.0699
2026-02-11T04:38:17+01:00,16940,4000020,340355,913888,1376420,942439,164,426754,0.370726,1.0671
2026-02-11T04:38:22+01:00,16945,4000018,340355,912921,1376413,942815,132,427382,0.370726,1.0642
2026-02-11T04:38:27+01:00,16950,4000021,340355,911958,1376417,943400,91,427800,0.370726,1.0614
2026-02-11T04:38:32+01:00,16955,4000022,340355,911006,1376417,943776,129,428339,0.370726,1.0586
2026-02-11T04:38:37+01:00,16960,4000017,340355,910031,1376442,944099,278,428812,0.370726,1.0557
2026-02-11T04:38:42+01:00,16965,4000020,340355,909086,1376445,944339,333,429462,0.370726,1.0530
2026-02-11T04:38:47+01:00,16970,4000008,340355,908490,1376448,944623,209,429883,0.370726,1.0512
2026-02-11T04:38:52+01:00,16975,4000006,340355,908219,1376448,944622,264,430098,0.370726,1.0504
2026-02-11T04:38:57+01:00,16980,4000009,340355,907962,1376448,944729,202,430313,0.370726,1.0497
2026-02-11T04:39:02+01:00,16985,4000008,340355,907697,1376452,944726,262,430516,0.370726,1.0489
2026-02-11T04:39:07+01:00,16990,4000007,340355,907431,1376447,944725,305,430744,0.370726,1.0481
2026-02-11T04:39:12+01:00,16995,4000005,340355,907161,1376447,944794,235,431013,0.370726,1.0473
2026-02-11T04:39:17+01:00,17000,4000007,340343,906841,1376453,944789,300,431281,0.370726,1.0465
2026-02-11T04:39:22+01:00,17005,4000006,340058,906845,1376450,944851,296,431506,0.370726,1.0487
2026-02-11T04:39:27+01:00,17010,4000006,339779,906844,1376450,944857,349,431727,0.370726,1.0509
2026-02-11T04:39:32+01:00,17015,4000007,339497,906844,1376450,944904,328,431984,0.370726,1.0531
2026-02-11T04:39:37+01:00,17020,4000007,339452,906617,1376455,944898,361,432224,0.368422,1.0528
2026-02-11T04:39:42+01:00,17025,4000009,339452,906349,1376450,944898,416,432444,0.368422,1.0520
2026-02-11T04:39:47+01:00,17030,4000008,339452,906033,1376450,945026,288,432759,0.368422,1.0511
2026-02-11T04:39:52+01:00,17035,4000012,339452,905831,1376450,945026,306,432947,0.368422,1.0505
2026-02-11T04:39:57+01:00,17040,4000006,339388,905575,1376452,945199,191,433201,0.368422,1.0502
2026-02-11T04:40:02+01:00,17045,4000007,339067,905575,1376453,945520,0,433392,0.368422,1.0528
2026-02-11T04:40:07+01:00,17050,4000004,338713,905574,1376452,945867,6,433392,0.368422,1.0555
2026-02-11T04:40:12+01:00,17055,4000011,338594,905359,1376453,945973,125,433507,0.366234,1.0558
2026-02-11T04:40:17+01:00,17060,4000006,338594,905023,1376453,946053,161,433722,0.366234,1.0549
2026-02-11T04:40:22+01:00,17065,4000012,338594,904645,1376453,946319,80,433921,0.366234,1.0537
2026-02-11T04:40:27+01:00,17070,4000016,338594,903671,1376463,947284,0,434004,0.366234,1.0509
2026-02-11T04:40:32+01:00,17075,4000016,338594,902695,1376464,948259,0,434004,0.366234,1.0480
2026-02-11T04:40:37+01:00,17080,4000025,338594,901691,1376488,949248,0,434004,0.366234,1.0450
2026-02-11T04:40:42+01:00,17085,4000016,338594,900724,1376485,950132,5,434076,0.366234,1.0422
2026-02-11T04:40:47+01:00,17090,4000021,338594,899742,1376499,950839,132,434215,0.366234,1.0393
2026-02-11T04:40:52+01:00,17095,4000019,338594,898763,1376520,951214,282,434646,0.366234,1.0364
2026-02-11T04:40:57+01:00,17100,4000015,338594,897806,1376519,952128,0,434968,0.366234,1.0335
2026-02-11T04:41:02+01:00,17105,4000015,338594,896813,1376527,953113,0,434968,0.366234,1.0306
2026-02-11T04:41:07+01:00,17110,4000022,338594,895838,1376534,953803,285,434968,0.366234,1.0277
2026-02-11T04:41:12+01:00,17115,4000022,338594,894883,1376538,953987,602,435418,0.366234,1.0249
2026-02-11T04:41:17+01:00,17120,4000016,337887,894605,1376544,954172,601,436207,0.366234,1.0296
2026-02-11T04:41:22+01:00,17125,4000017,337679,893832,1376555,954370,575,437006,0.363900,1.0290
2026-02-11T04:41:27+01:00,17130,4000031,337679,892874,1376554,954937,383,437604,0.363900,1.0261
2026-02-11T04:41:32+01:00,17135,4000021,337679,891909,1376561,955115,420,438337,0.363900,1.0233
2026-02-11T04:41:37+01:00,17140,4000024,337679,890939,1376559,955297,576,438974,0.363900,1.0204
2026-02-11T04:41:42+01:00,17145,4000019,337679,889962,1376566,955492,553,439767,0.363900,1.0175
2026-02-11T04:41:47+01:00,17150,4000015,337679,888995,1376571,956268,0,440502,0.363900,1.0146
2026-02-11T04:41:52+01:00,17155,4000021,337679,888041,1376575,957224,0,440502,0.363900,1.0118
2026-02-11T04:41:57+01:00,17160,4000014,337679,887059,1376583,958191,0,440502,0.363900,1.0089
2026-02-11T04:42:02+01:00,17165,4000018,337679,886078,1376590,959169,0,440502,0.363900,1.0060
2026-02-11T04:42:07+01:00,17170,4000014,337679,885075,1376592,960166,0,440502,0.363900,1.0030
2026-02-11T04:42:12+01:00,17175,4000015,337047,884715,1376598,961153,0,440502,0.363900,1.0069
2026-02-11T04:42:17+01:00,17180,4000019,336762,884005,1376595,962115,40,440502,0.361560,1.0070
2026-02-11T04:42:22+01:00,17185,4000017,336762,883043,1376588,962584,79,440961,0.361560,1.0041
2026-02-11T04:42:27+01:00,17190,4000032,336762,882083,1376592,962698,418,441479,0.361560,1.0013
2026-02-11T04:42:32+01:00,17195,4000023,336762,881123,1376594,962872,536,442136,0.361560,0.9984
2026-02-11T04:42:37+01:00,17200,4000024,336762,880164,1376601,963057,527,442913,0.361560,0.9956
2026-02-11T04:42:42+01:00,17205,4000021,336762,879186,1376600,963236,528,443709,0.361560,0.9927
2026-02-11T04:42:47+01:00,17210,4000021,336762,878220,1376602,963425,568,444444,0.361560,0.9898
2026-02-11T04:42:52+01:00,17215,4000021,336762,877238,1376610,963626,656,445129,0.361560,0.9869
2026-02-11T04:42:57+01:00,17220,4000019,336762,876288,1376617,963822,661,445869,0.361560,0.9841
2026-02-11T04:43:02+01:00,17225,4000017,336762,875326,1376603,964214,455,446657,0.361560,0.9812
2026-02-11T04:43:07+01:00,17230,4000021,336762,874360,1376606,964400,441,447452,0.361560,0.9783
2026-02-11T04:43:12+01:00,17235,4000016,336762,873420,1376604,964527,510,448193,0.361560,0.9755
2026-02-11T04:43:17+01:00,17240,4000022,336762,872467,1376608,964969,383,448833,0.361560,0.9727
2026-02-11T04:43:22+01:00,17245,4000008,336762,871830,1376609,964954,510,449343,0.361560,0.9708
2026-02-11T04:43:27+01:00,17250,4000006,336542,871802,1376609,965008,456,449589,0.361560,0.9724
2026-02-11T04:43:32+01:00,17255,4000004,336266,871802,1376613,965003,513,449807,0.361560,0.9746
2026-02-11T04:43:37+01:00,17260,4000005,336015,871805,1376610,965003,513,450059,0.361560,0.9765
2026-02-11T04:43:42+01:00,17265,4000005,335833,871706,1376610,965034,531,450291,0.359191,0.9776
2026-02-11T04:43:47+01:00,17270,4000007,335833,871472,1376610,965058,510,450524,0.359191,0.9769
2026-02-11T04:43:52+01:00,17275,4000008,335833,871213,1376618,965050,509,450785,0.359191,0.9762
2026-02-11T04:43:57+01:00,17280,4000004,335833,870919,1376614,965050,573,451015,0.359191,0.9753
2026-02-11T04:44:02+01:00,17285,4000007,335833,870758,1376615,965066,554,451181,0.359191,0.9748
2026-02-11T04:44:07+01:00,17290,4000008,335833,870427,1376614,965119,571,451444,0.359191,0.9738
2026-02-11T04:44:12+01:00,17295,4000016,335833,870073,1376615,965218,462,451815,0.359191,0.9728
2026-02-11T04:44:17+01:00,17300,4000020,335833,869103,1376616,965459,433,452576,0.359191,0.9699
2026-02-11T04:44:22+01:00,17305,4000021,335833,868134,1376621,965639,600,453194,0.359191,0.9670
2026-02-11T04:44:27+01:00,17310,4000022,335833,867167,1376615,966223,187,453997,0.359191,0.9641
2026-02-11T04:44:32+01:00,17315,4000019,335833,866189,1376630,966401,383,454583,0.359191,0.9612
2026-02-11T04:44:37+01:00,17320,4000015,335833,865236,1376617,966597,371,455361,0.359191,0.9584
2026-02-11T04:44:42+01:00,17325,4000019,335389,864717,1376623,966788,549,455953,0.359191,0.9602
2026-02-11T04:44:47+01:00,17330,4000018,334918,864212,1376628,966980,543,456737,0.356856,0.9623
2026-02-11T04:44:52+01:00,17335,4000020,334918,863256,1376627,967162,608,457449,0.356856,0.9595
2026-02-11T04:44:57+01:00,17340,4000018,334918,862316,1376620,967345,644,458175,0.356856,0.9567
2026-02-11T04:45:02+01:00,17345,4000024,334918,861355,1376624,967735,500,458892,0.356856,0.9538
2026-02-11T04:45:07+01:00,17350,4000021,334918,860403,1376630,967917,496,459657,0.356856,0.9510
2026-02-11T04:45:12+01:00,17355,4000024,334918,859443,1376633,968102,493,460435,0.356856,0.9481
2026-02-11T04:45:17+01:00,17360,4000021,334918,858475,1376635,968274,496,461223,0.356856,0.9452
2026-02-11T04:45:22+01:00,17365,4000017,334918,857518,1376638,968327,660,461956,0.356856,0.9423
2026-02-11T04:45:27+01:00,17370,4000025,334918,856573,1376641,968444,819,462630,0.356856,0.9395
2026-02-11T04:45:32+01:00,17375,4000020,334098,856410,1376643,968640,732,463497,0.356856,0.9453
2026-02-11T04:45:37+01:00,17380,4000015,334064,855473,1376647,968816,741,464274,0.354678,0.9428
2026-02-11T04:45:42+01:00,17385,4000023,334064,854503,1376652,969006,763,465035,0.354678,0.9399
2026-02-11T04:45:47+01:00,17390,4000018,334064,853536,1376656,969188,702,465872,0.354678,0.9370
2026-02-11T04:45:52+01:00,17395,4000023,334064,852578,1376660,969356,791,466574,0.354678,0.9341
2026-02-11T04:45:57+01:00,17400,4000019,334064,851617,1376663,969547,710,467418,0.354678,0.9312
2026-02-11T04:46:02+01:00,17405,4000021,334064,850644,1376666,969731,668,468248,0.354678,0.9283
2026-02-11T04:46:07+01:00,17410,4000026,334064,849698,1376668,969906,625,469065,0.354678,0.9255
2026-02-11T04:46:12+01:00,17415,4000019,334064,848753,1376671,970097,603,469831,0.354678,0.9227
2026-02-11T04:46:17+01:00,17420,4000015,334064,847931,1376668,970913,6,470433,0.354678,0.9202
2026-02-11T04:46:22+01:00,17425,4000025,334064,847124,1376669,971443,223,470502,0.354678,0.9178
2026-02-11T04:46:27+01:00,17430,4000023,334064,846164,1376671,971817,203,471104,0.354678,0.9149
2026-02-11T04:46:32+01:00,17435,4000026,334064,845217,1376675,971987,332,471751,0.354678,0.9121
2026-02-11T04:46:37+01:00,17440,4000023,334064,844264,1376679,972351,273,472392,0.354678,0.9092
2026-02-11T04:46:42+01:00,17445,4000013,334049,843334,1376682,972900,50,472998,0.354640,0.9065
2026-02-11T04:46:47+01:00,17450,4000018,334049,842381,1376687,973746,0,473155,0.354640,0.9037
2026-02-11T04:46:52+01:00,17455,4000023,334034,841434,1376692,974476,181,473206,0.354601,0.9010
2026-02-11T04:46:57+01:00,17460,4000031,334034,840479,1376694,974660,379,473785,0.354601,0.8981
2026-02-11T04:47:02+01:00,17465,4000005,334034,839851,1376697,974946,291,474186,0.354601,0.8962
2026-02-11T04:47:07+01:00,17470,4000006,334034,839567,1376697,974982,311,474415,0.354601,0.8954
2026-02-11T04:47:12+01:00,17475,4000008,334034,839278,1376697,974982,350,474667,0.354601,0.8945
2026-02-11T04:47:17+01:00,17480,4000006,334031,838982,1376697,974982,373,474941,0.354594,0.8937
2026-02-11T04:47:22+01:00,17485,4000005,334031,838711,1376699,975119,287,475158,0.354594,0.8928
2026-02-11T04:47:27+01:00,17490,4000009,334031,838428,1376699,975315,94,475442,0.354594,0.8920
2026-02-11T04:47:32+01:00,17495,4000008,334031,838148,1376699,975314,208,475608,0.354594,0.8912
2026-02-11T04:47:37+01:00,17500,4000010,334031,837838,1376701,975372,208,475860,0.354594,0.8902
2026-02-11T04:47:42+01:00,17505,4000006,334031,837574,1376701,975430,201,476069,0.354594,0.8894
2026-02-11T04:47:47+01:00,17510,4000007,334031,837306,1376701,975430,257,476282,0.354594,0.8886
2026-02-11T04:47:52+01:00,17515,4000007,334031,837037,1376701,975482,250,476506,0.354594,0.8878
2026-02-11T04:47:57+01:00,17520,4000006,334031,836779,1376702,975537,210,476747,0.354594,0.8871
2026-02-11T04:48:02+01:00,17525,4000012,334031,836495,1376703,975538,253,476992,0.354594,0.8862
2026-02-11T04:48:07+01:00,17530,4000007,334031,836182,1376702,975604,245,477243,0.354594,0.8853
2026-02-11T04:48:12+01:00,17535,4000006,334031,835860,1376703,975599,311,477502,0.354594,0.8843
2026-02-11T04:48:17+01:00,17540,4000011,334031,835543,1376704,975671,297,477765,0.354594,0.8834
2026-02-11T04:48:22+01:00,17545,4000007,334031,835230,1376703,975672,364,478007,0.354594,0.8824
2026-02-11T04:48:27+01:00,17550,4000009,334031,834924,1376704,975665,364,478321,0.354594,0.8815
2026-02-11T04:48:32+01:00,17555,4000009,333909,834713,1376704,975736,364,478583,0.354594,0.8818
2026-02-11T04:48:37+01:00,17560,4000018,333537,834713,1376705,975801,355,478907,0.354594,0.8846
2026-02-11T04:48:42+01:00,17565,4000022,333096,834185,1376708,975977,567,479489,0.352209,0.8863
2026-02-11T04:48:47+01:00,17570,4000030,333096,833220,1376709,976584,137,480284,0.352209,0.8834
2026-02-11T04:48:52+01:00,17575,4000018,333096,832250,1376710,976769,337,480856,0.352209,0.8805
2026-02-11T04:48:57+01:00,17580,4000025,333096,831289,1376719,976941,531,481449,0.352209,0.8776
2026-02-11T04:49:02+01:00,17585,4000025,333096,830313,1376722,977592,236,482066,0.352209,0.8747
2026-02-11T04:49:07+01:00,17590,4000021,333096,829344,1376734,978110,119,482618,0.352209,0.8718
2026-02-11T04:49:12+01:00,17595,4000013,333096,828401,1376736,978723,0,483057,0.352209,0.8689
2026-02-11T04:49:17+01:00,17600,4000020,333096,827432,1376730,979685,20,483057,0.352209,0.8660
2026-02-11T04:49:22+01:00,17605,4000021,333096,826475,1376732,980075,263,483380,0.352209,0.8632
2026-02-11T04:49:27+01:00,17610,4000023,333096,825511,1376718,980672,237,483789,0.352209,0.8603
2026-02-11T04:49:32+01:00,17615,4000018,333096,824516,1376729,981227,67,484383,0.352209,0.8573
2026-02-11T04:49:37+01:00,17620,4000020,333096,823546,1376730,981481,381,484786,0.352209,0.8544
2026-02-11T04:49:42+01:00,17625,4000037,333096,822595,1376731,981850,361,485404,0.352209,0.8515
2026-02-11T04:49:47+01:00,17630,4000018,333096,821643,1376730,982036,445,486068,0.352209,0.8487
2026-02-11T04:49:52+01:00,17635,4000025,333096,820670,1376741,982638,147,486733,0.352209,0.8457
2026-02-11T04:49:57+01:00,17640,4000020,333096,819678,1376742,983556,0,486948,0.352209,0.8428
2026-02-11T04:50:02+01:00,17645,4000015,333096,818700,1376736,984510,0,486973,0.352209,0.8398
2026-02-11T04:50:07+01:00,17650,4000021,333096,817735,1376736,984857,278,487319,0.352209,0.8369
2026-02-11T04:50:12+01:00,17655,4000017,333096,816764,1376740,985127,368,487922,0.352209,0.8340
2026-02-11T04:50:17+01:00,17660,4000024,333096,815808,1376740,985415,263,488702,0.352209,0.8311
2026-02-11T04:50:22+01:00,17665,4000016,333096,814851,1376743,985875,153,489298,0.352209,0.8283
2026-02-11T04:50:27+01:00,17670,4000023,333096,813890,1376736,986792,58,489451,0.352209,0.8254
2026-02-11T04:50:32+01:00,17675,4000014,333096,812923,1376755,987472,0,489768,0.352209,0.8225
2026-02-11T04:50:37+01:00,17680,4000026,333096,811935,1376768,988459,0,489768,0.352209,0.8195
2026-02-11T04:50:42+01:00,17685,4000020,333096,810960,1376775,988766,216,490207,0.352209,0.8166
2026-02-11T04:50:47+01:00,17690,4000025,333096,810013,1376781,988946,344,490845,0.352209,0.8137
2026-02-11T04:50:52+01:00,17695,4000023,333087,809188,1376782,988997,422,491547,0.352186,0.8113
2026-02-11T04:50:57+01:00,17700,4000022,333087,808242,1376786,989315,476,492116,0.352186,0.8085
2026-02-11T04:51:02+01:00,17705,4000019,333087,807287,1376788,989704,268,492885,0.352186,0.8056
2026-02-11T04:51:07+01:00,17710,4000016,333087,806329,1376798,989778,532,493492,0.352186,0.8027
2026-02-11T04:51:12+01:00,17715,4000020,333087,805530,1376799,989866,599,494139,0.352186,0.8003
2026-02-11T04:51:17+01:00,17720,4000023,332716,804944,1376809,990258,374,494922,0.352186,0.8013
2026-02-11T04:51:22+01:00,17725,4000008,332192,804525,1376809,990443,470,495569,0.349903,0.8038
2026-02-11T04:51:27+01:00,17730,4000023,332192,803733,1376796,990641,468,496193,0.349903,0.8014
2026-02-11T04:51:32+01:00,17735,4000024,332192,802776,1376799,990820,471,496966,0.349903,0.7986
2026-02-11T04:51:37+01:00,17740,4000015,332192,801963,1376815,991349,0,497696,0.349903,0.7961
2026-02-11T04:51:42+01:00,17745,4000023,332192,800976,1376830,992329,0,497696,0.349903,0.7931
2026-02-11T04:51:47+01:00,17750,4000014,332192,799981,1376840,993305,0,497696,0.349903,0.7902
2026-02-11T04:51:52+01:00,17755,4000016,332192,799016,1376842,994270,0,497696,0.349903,0.7872
2026-02-11T04:51:57+01:00,17760,4000004,332191,798539,1376825,994753,0,497696,0.349900,0.7858
2026-02-11T04:52:02+01:00,17765,4000005,332191,798257,1376825,995036,0,497696,0.349900,0.7850
2026-02-11T04:52:07+01:00,17770,4000006,332191,797963,1376825,995331,0,497696,0.349900,0.7841
2026-02-11T04:52:12+01:00,17775,4000006,332191,797678,1376819,995598,24,497696,0.349900,0.7832
2026-02-11T04:52:17+01:00,17780,4000008,332191,797418,1376826,995797,80,497696,0.349900,0.7824
2026-02-11T04:52:22+01:00,17785,4000005,332191,797138,1376825,996004,151,497696,0.349900,0.7816
2026-02-11T04:52:27+01:00,17790,4000006,332191,796809,1376820,996182,308,497696,0.349900,0.7806
2026-02-11T04:52:32+01:00,17795,4000012,332191,796513,1376826,996177,609,497696,0.349900,0.7797
2026-02-11T04:52:37+01:00,17800,4000002,332191,796222,1376825,996177,891,497696,0.349900,0.7788
2026-02-11T04:52:42+01:00,17805,4000003,332190,795968,1376825,996262,853,497905,0.349898,0.7781
2026-02-11T04:52:48+01:00,17810,4000005,332190,795728,1376821,996328,790,498148,0.349898,0.7774
2026-02-11T04:52:52+01:00,17815,4000006,332190,795557,1376827,996322,789,498321,0.349898,0.7769
2026-02-11T04:52:57+01:00,17820,4000007,332190,795271,1376827,996568,544,498607,0.349898,0.7760
2026-02-11T04:53:02+01:00,17825,4000008,332190,794958,1376826,996749,420,498865,0.349898,0.7750
2026-02-11T04:53:07+01:00,17830,4000006,332190,794644,1376831,996816,375,499150,0.349898,0.7741
2026-02-11T04:53:12+01:00,17835,4000008,332190,794299,1376831,997162,66,499460,0.349898,0.7731
2026-02-11T04:53:17+01:00,17840,4000012,332190,793964,1376832,997316,112,499598,0.349898,0.7721
2026-02-11T04:53:22+01:00,17845,4000004,332190,793632,1376832,997310,224,499816,0.349898,0.7711
2026-02-11T04:53:27+01:00,17850,4000022,332190,793344,1376832,997310,297,500049,0.349898,0.7702
2026-02-11T04:53:32+01:00,17855,4000022,332190,792391,1376831,997496,436,500678,0.349898,0.7673
2026-02-11T04:53:37+01:00,17860,4000027,332190,791415,1376835,997664,521,501402,0.349898,0.7644
2026-02-11T04:53:42+01:00,17865,4000021,332190,790455,1376841,998048,313,502174,0.349898,0.7615
2026-02-11T04:53:47+01:00,17870,4000016,332190,789484,1376843,998240,509,502750,0.349898,0.7586
2026-02-11T04:53:52+01:00,17875,4000016,332190,788510,1376847,998565,367,503537,0.349898,0.7556
2026-02-11T04:53:57+01:00,17880,4000016,332190,787542,1376855,998658,642,504129,0.349898,0.7527
2026-02-11T04:54:02+01:00,17885,4000030,332190,786587,1376857,998968,524,504904,0.349898,0.7498
2026-02-11T04:54:07+01:00,17890,4000024,332190,785624,1376864,999161,520,505665,0.349898,0.7469
2026-02-11T04:54:12+01:00,17895,4000013,332190,784648,1376848,999356,628,506343,0.349898,0.7440
2026-02-11T04:54:17+01:00,17900,4000021,332190,783686,1376852,999542,691,507060,0.349898,0.7411
2026-02-11T04:54:22+01:00,17905,4000022,332190,782729,1376846,1000138,279,507840,0.349898,0.7382
2026-02-11T04:54:27+01:00,17910,4000018,332190,781771,1376851,1000511,279,508416,0.349898,0.7354
2026-02-11T04:54:32+01:00,17915,4000014,332190,780810,1376840,1000677,356,509141,0.349898,0.7325
2026-02-11T04:54:37+01:00,17920,4000017,332190,779835,1376859,1001003,337,509793,0.349898,0.7295
2026-02-11T04:54:42+01:00,17925,4000023,332190,778884,1376862,1001285,249,510553,0.349898,0.7267
2026-02-11T04:54:47+01:00,17930,4000014,332190,777920,1376865,1001634,251,511154,0.349898,0.7238
2026-02-11T04:54:52+01:00,17935,4000021,332190,776965,1376870,1001850,415,511731,0.349898,0.7209
2026-02-11T04:54:57+01:00,17940,4000020,332190,775994,1376880,1002428,204,512324,0.349898,0.7180
2026-02-11T04:55:02+01:00,17945,4000015,331356,775865,1376887,1002599,360,512948,0.349898,0.7235
2026-02-11T04:55:07+01:00,17950,4000017,331261,774993,1376891,1002986,217,513669,0.347528,0.7215
2026-02-11T04:55:12+01:00,17955,4000016,331261,774035,1376898,1003462,100,514260,0.347528,0.7186
2026-02-11T04:55:17+01:00,17960,4000015,331261,773062,1376913,1004420,0,514359,0.347528,0.7157
2026-02-11T04:55:22+01:00,17965,4000012,331261,772088,1376917,1005387,0,514359,0.347528,0.7127
2026-02-11T04:55:27+01:00,17970,4000017,331261,771111,1376923,1006363,0,514359,0.347528,0.7098
2026-02-11T04:55:32+01:00,17975,4000015,331261,770149,1376928,1007318,0,514359,0.347528,0.7069
2026-02-11T04:55:37+01:00,17980,4000016,331261,769177,1376942,1008277,0,514359,0.347528,0.7039
2026-02-11T04:55:42+01:00,17985,4000015,331261,768209,1376941,1009245,0,514359,0.347528,0.7010
2026-02-11T04:55:47+01:00,17990,4000016,331261,767220,1376952,1010224,0,514359,0.347528,0.6980
2026-02-11T04:55:52+01:00,17995,4000015,331261,766236,1376957,1011202,0,514359,0.347528,0.6951
2026-02-11T04:55:57+01:00,18000,4000021,331261,765243,1376967,1012190,1,514359,0.347528,0.6921
2026-02-11T04:56:02+01:00,18005,4000014,331261,764273,1376977,1013143,1,514359,0.347528,0.6891
2026-02-11T04:56:07+01:00,18010,4000014,331261,763300,1376995,1014098,1,514359,0.347528,0.6862
2026-02-11T04:56:12+01:00,18015,4000014,331261,762325,1376994,1015074,1,514359,0.347528,0.6832
2026-02-11T04:56:17+01:00,18020,4000015,331232,761539,1376974,1015910,0,514360,0.347454,0.6811
2026-02-11T04:56:22+01:00,18025,4000016,330775,761168,1377000,1016713,0,514360,0.347454,0.6831
2026-02-11T04:56:27+01:00,18030,4000016,330317,760645,1376990,1017704,0,514360,0.345120,0.6847
2026-02-11T04:56:32+01:00,18035,4000011,330317,759683,1376989,1018662,0,514360,0.345120,0.6818
2026-02-11T04:56:37+01:00,18040,4000012,330317,758712,1377019,1019604,0,514360,0.345120,0.6789
2026-02-11T04:56:42+01:00,18045,4000006,330317,758150,1377002,1020177,0,514360,0.345120,0.6772
2026-02-11T04:56:47+01:00,18050,4000007,330317,757870,1377002,1020458,0,514360,0.345120,0.6763
2026-02-11T04:56:52+01:00,18055,4000006,330317,757612,1376997,1020620,100,514360,0.345120,0.6756
2026-02-11T04:56:57+01:00,18060,4000008,330317,757350,1377002,1020616,363,514360,0.345120,0.6748
2026-02-11T04:57:02+01:00,18065,4000007,330317,757037,1377002,1020681,463,514507,0.345120,0.6738
2026-02-11T04:57:07+01:00,18070,4000007,330317,756771,1377002,1020738,406,514773,0.345120,0.6730
2026-02-11T04:57:12+01:00,18075,4000013,330317,756486,1376997,1020738,461,515014,0.345120,0.6721
2026-02-11T04:57:17+01:00,18080,4000007,330317,756219,1377002,1020734,460,515275,0.345120,0.6713
2026-02-11T04:57:22+01:00,18085,4000008,330317,755948,1377002,1020733,512,515496,0.345120,0.6705
2026-02-11T04:57:27+01:00,18090,4000006,330317,755683,1376997,1020784,462,515763,0.345120,0.6697
2026-02-11T04:57:32+01:00,18095,4000006,330152,755586,1376997,1020784,511,515976,0.345120,0.6706
2026-02-11T04:57:37+01:00,18100,4000008,329858,755587,1377002,1020779,511,516271,0.345120,0.6726
2026-02-11T04:57:42+01:00,18105,4000005,329546,755586,1377002,1020842,505,516524,0.345120,0.6748
2026-02-11T04:57:47+01:00,18110,4000006,329330,755513,1376999,1021135,211,516818,0.342602,0.6761
2026-02-11T04:57:52+01:00,18115,4000006,329330,755318,1377000,1021329,79,516950,0.342602,0.6755
2026-02-11T04:57:57+01:00,18120,4000005,329330,755007,1376999,1021373,148,517148,0.342602,0.6745
2026-02-11T04:58:02+01:00,18125,4000006,329330,754704,1376999,1021619,41,517313,0.342602,0.6736
2026-02-11T04:58:07+01:00,18130,4000011,329330,754377,1376993,1021732,133,517446,0.342602,0.6726
2026-02-11T04:58:12+01:00,18135,4000008,329330,754043,1377000,1021725,227,517683,0.342602,0.6716
2026-02-11T04:58:17+01:00,18140,4000016,329330,753733,1377000,1021726,282,517945,0.342602,0.6707
2026-02-11T04:58:22+01:00,18145,4000023,329330,752787,1376997,1022106,238,518565,0.342602,0.6678
2026-02-11T04:58:27+01:00,18150,4000024,329330,751832,1376998,1022491,227,519146,0.342602,0.6649
2026-02-11T04:58:32+01:00,18155,4000019,329330,750872,1376990,1022678,415,519734,0.342602,0.6620
2026-02-11T04:58:37+01:00,18160,4000028,329330,749911,1376996,1022858,567,520366,0.342602,0.6590
2026-02-11T04:58:42+01:00,18165,4000020,329330,748937,1377002,1023040,609,521102,0.342602,0.6561
2026-02-11T04:58:47+01:00,18170,4000015,328537,748773,1377004,1023250,581,521870,0.342602,0.6611
2026-02-11T04:58:52+01:00,18175,4000019,328373,747981,1377000,1023814,394,522457,0.340161,0.6598
2026-02-11T04:58:57+01:00,18180,4000028,328373,747027,1376995,1024218,183,523232,0.340161,0.6569
2026-02-11T04:59:02+01:00,18185,4000026,328373,746072,1376997,1024401,380,523803,0.340161,0.6540
2026-02-11T04:59:07+01:00,18190,4000020,328373,745101,1377013,1024781,370,524382,0.340161,0.6510
2026-02-11T04:59:12+01:00,18195,4000020,328373,744140,1377014,1025135,263,525095,0.340161,0.6481
2026-02-11T04:59:17+01:00,18200,4000017,328373,743172,1377018,1025349,369,525736,0.340161,0.6452
2026-02-11T04:59:22+01:00,18205,4000018,328373,742208,1377023,1025528,446,526440,0.340161,0.6422
2026-02-11T04:59:27+01:00,18210,4000026,328373,741237,1377026,1025908,367,527115,0.340161,0.6393
2026-02-11T04:59:32+01:00,18215,4000018,328373,740265,1377027,1026096,437,527820,0.340161,0.6363
2026-02-11T04:59:37+01:00,18220,4000013,328373,739288,1377029,1026284,554,528485,0.340161,0.6333
2026-02-11T04:59:42+01:00,18225,4000023,328373,738324,1377022,1026477,570,529257,0.340161,0.6304
2026-02-11T04:59:47+01:00,18230,4000016,328373,737348,1377023,1027259,0,530013,0.340161,0.6274
2026-02-11T04:59:52+01:00,18235,4000011,328373,736532,1377023,1028070,0,530013,0.340161,0.6249
2026-02-11T04:59:57+01:00,18240,4000015,328373,735636,1377054,1028939,0,530013,0.340161,0.6222
2026-02-11T05:00:02+01:00,18245,4000017,327429,735607,1377040,1029928,0,530013,0.337752,0.6286
2026-02-11T05:00:07+01:00,18250,4000016,327429,734624,1377037,1030913,0,530013,0.337752,0.6256
2026-02-11T05:00:12+01:00,18255,4000014,327429,733624,1377048,1031900,0,530013,0.337752,0.6225
2026-02-11T05:00:17+01:00,18260,4000024,327429,732642,1377055,1032653,232,530013,0.337752,0.6195
2026-02-11T05:00:22+01:00,18265,4000022,327429,731684,1377056,1033433,4,530416,0.337752,0.6166
2026-02-11T05:00:27+01:00,18270,4000020,327429,730727,1377050,1033617,397,530800,0.337752,0.6137
2026-02-11T05:00:32+01:00,18275,4000016,327429,729781,1377049,1033799,461,531497,0.337752,0.6108
2026-02-11T05:00:37+01:00,18280,4000020,327429,728813,1377053,1033990,568,532167,0.337752,0.6078
2026-02-11T05:00:42+01:00,18285,4000026,327429,727868,1377057,1034167,563,532942,0.337752,0.6049
2026-02-11T05:00:47+01:00,18290,4000017,327429,726900,1377056,1034967,6,533659,0.337752,0.6020
2026-02-11T05:00:52+01:00,18295,4000021,327429,725945,1377047,1035164,330,534106,0.337752,0.5991
2026-02-11T05:00:57+01:00,18300,4000021,327429,725000,1377045,1035352,441,534754,0.337752,0.5962
2026-02-11T05:01:02+01:00,18305,4000017,327429,724052,1377050,1035711,331,535444,0.337752,0.5933
2026-02-11T05:01:07+01:00,18310,4000029,327428,723103,1377051,1036098,263,536086,0.337750,0.5904
2026-02-11T05:01:12+01:00,18315,4000019,327428,722164,1377049,1036287,308,536783,0.337750,0.5875
2026-02-11T05:01:17+01:00,18320,4000006,327382,721912,1377050,1036287,354,537021,0.337747,0.5871
2026-02-11T05:01:22+01:00,18325,4000008,327100,721912,1377050,1036288,408,537250,0.337747,0.5890
2026-02-11T05:01:27+01:00,18330,4000008,326838,721915,1377047,1036340,355,537513,0.337747,0.5908
2026-02-11T05:01:32+01:00,18335,4000008,326571,721892,1377051,1036390,363,537741,0.335564,0.5925
2026-02-11T05:01:37+01:00,18340,4000004,326571,721654,1377050,1036451,300,537978,0.335564,0.5918
2026-02-11T05:01:42+01:00,18345,4000011,326571,721324,1377046,1036573,239,538258,0.335564,0.5907
2026-02-11T05:01:47+01:00,18350,4000009,326571,720977,1377052,1036567,310,538532,0.335564,0.5897
2026-02-11T05:01:52+01:00,18355,4000010,326571,720641,1377052,1036637,308,538801,0.335564,0.5887
2026-02-11T05:01:57+01:00,18360,4000010,326571,720322,1377046,1036637,373,539061,0.335564,0.5877
2026-02-11T05:02:02+01:00,18365,4000016,326571,719654,1377067,1036769,407,539548,0.335564,0.5856
2026-02-11T05:02:07+01:00,18370,4000021,326571,718692,1377070,1036995,374,540319,0.335564,0.5827
2026-02-11T05:02:12+01:00,18375,4000015,326571,717742,1377076,1037223,509,540894,0.335564,0.5798
2026-02-11T05:02:17+01:00,18380,4000022,326571,716765,1377092,1037885,35,541674,0.335564,0.5768
2026-02-11T05:02:22+01:00,18385,4000015,326107,716231,1377083,1038885,0,541709,0.335564,0.5783
2026-02-11T05:02:27+01:00,18390,4000013,325739,715629,1377098,1039838,0,541709,0.333441,0.5789
2026-02-11T05:02:32+01:00,18395,4000015,325739,714665,1377103,1040799,0,541709,0.333441,0.5759
2026-02-11T05:02:37+01:00,18400,4000015,325739,713695,1377112,1041760,0,541709,0.333441,0.5730
2026-02-11T05:02:42+01:00,18405,4000018,325739,712724,1377113,1042733,0,541709,0.333441,0.5700
2026-02-11T05:02:47+01:00,18410,4000023,325739,711773,1377117,1042728,957,541709,0.333441,0.5671
2026-02-11T05:02:52+01:00,18415,4000023,325739,710804,1377118,1042919,994,542449,0.333441,0.5641
2026-02-11T05:02:57+01:00,18420,4000008,325739,709838,1377110,1043266,834,543221,0.333441,0.5611
2026-02-11T05:03:02+01:00,18425,4000013,325739,708901,1377101,1043521,777,543974,0.333441,0.5583
2026-02-11T05:03:07+01:00,18430,4000018,325739,707949,1377110,1044029,439,544752,0.333441,0.5553
2026-02-11T05:03:12+01:00,18435,4000006,325739,707670,1377115,1044292,172,545018,0.333441,0.5545
2026-02-11T05:03:17+01:00,18440,4000004,325739,707380,1377115,1044580,0,545190,0.333441,0.5536
2026-02-11T05:03:22+01:00,18445,4000004,325699,707168,1377110,1044837,0,545190,0.333441,0.5532
2026-02-11T05:03:27+01:00,18450,4000005,325438,707168,1377110,1045099,0,545190,0.333441,0.5549
2026-02-11T05:03:32+01:00,18455,4000004,325153,707168,1377114,1045373,6,545190,0.333441,0.5568
2026-02-11T05:03:37+01:00,18460,4000009,324937,707096,1377115,1045502,169,545190,0.331396,0.5581
2026-02-11T05:03:42+01:00,18465,4000005,324937,706757,1377109,1045533,479,545190,0.331396,0.5570
2026-02-11T05:03:47+01:00,18470,4000007,324937,706425,1377115,1045566,774,545190,0.331396,0.5560
2026-02-11T05:03:52+01:00,18475,4000008,324937,706096,1377116,1045688,652,545519,0.331396,0.5550
2026-02-11T05:03:57+01:00,18480,4000016,324937,705540,1377129,1046115,328,545967,0.331396,0.5533
2026-02-11T05:04:02+01:00,18485,4000013,324937,704566,1377135,1047080,0,546295,0.331396,0.5503
2026-02-11T05:04:07+01:00,18490,4000019,324937,703603,1377150,1048034,0,546295,0.331396,0.5473
2026-02-11T05:04:12+01:00,18495,4000016,324937,702642,1377126,1048943,73,546295,0.331396,0.5444
2026-02-11T05:04:17+01:00,18500,4000021,324937,701658,1377134,1049547,185,546560,0.331396,0.5413
2026-02-11T05:04:22+01:00,18505,4000016,324937,700686,1377143,1050444,0,546806,0.331396,0.5383
2026-02-11T05:04:27+01:00,18510,4000015,324756,699908,1377146,1051399,0,546806,0.331396,0.5371
2026-02-11T05:04:32+01:00,18515,4000009,324177,699510,1377136,1052380,0,546806,0.329457,0.5398
2026-02-11T05:04:37+01:00,18520,4000022,324177,698538,1377143,1053075,245,546844,0.329457,0.5368
2026-02-11T05:04:42+01:00,18525,4000017,324177,697569,1377133,1053904,0,547234,0.329457,0.5338
2026-02-11T05:04:47+01:00,18530,4000002,324177,696629,1377140,1054822,0,547234,0.329457,0.5309
2026-02-11T05:04:52+01:00,18535,4000013,324177,695768,1377142,1055653,39,547234,0.329457,0.5282
2026-02-11T05:04:57+01:00,18540,4000012,324177,694810,1377143,1056609,0,547273,0.329457,0.5253
2026-02-11T05:05:02+01:00,18545,4000023,324177,693830,1377170,1057573,0,547273,0.329457,0.5222
2026-02-11T05:05:07+01:00,18550,4000007,324177,693272,1377143,1058142,0,547273,0.329457,0.5205
2026-02-11T05:05:12+01:00,18555,4000006,324177,692994,1377143,1058418,1,547273,0.329457,0.5197
2026-02-11T05:05:17+01:00,18560,4000005,324177,692721,1377139,1058534,161,547273,0.329457,0.5188
2026-02-11T05:05:22+01:00,18565,4000005,324177,692461,1377139,1058673,282,547273,0.329457,0.5180
2026-02-11T05:05:27+01:00,18570,4000006,324120,692234,1377147,1058950,245,547310,0.329457,0.5177
2026-02-11T05:05:32+01:00,18575,4000004,323915,692142,1377147,1059245,0,547555,0.328788,0.5188
2026-02-11T05:05:37+01:00,18580,4000003,323915,691871,1377137,1059525,0,547555,0.328788,0.5179
2026-02-11T05:05:42+01:00,18585,4000004,323915,691548,1377147,1059839,0,547555,0.328788,0.5169
2026-02-11T05:05:47+01:00,18590,4000004,323915,691286,1377148,1060100,0,547555,0.328788,0.5161
2026-02-11T05:05:52+01:00,18595,4000005,323915,691023,1377138,1060374,0,547555,0.328788,0.5153
2026-02-11T05:05:57+01:00,18600,4000006,323915,690744,1377139,1060653,0,547555,0.328788,0.5145
2026-02-11T05:06:02+01:00,18605,4000005,323915,690463,1377150,1060922,0,547555,0.328788,0.5136
2026-02-11T05:06:07+01:00,18610,4000004,323915,690183,1377150,1061201,0,547555,0.328788,0.5127
2026-02-11T05:06:12+01:00,18615,4000007,323884,689909,1377145,1061249,265,547555,0.328709,0.5121
2026-02-11T05:06:17+01:00,18620,4000007,323881,689585,1377151,1061243,592,547555,0.328702,0.5111
2026-02-11T05:06:22+01:00,18625,4000009,323874,689276,1377151,1061244,909,547555,0.328684,0.5102
2026-02-11T05:06:27+01:00,18630,4000010,323871,688940,1377143,1061319,1182,547555,0.328676,0.5092
2026-02-11T05:06:32+01:00,18635,4000009,323871,688608,1377148,1061312,1515,547555,0.328676,0.5081
2026-02-11T05:06:37+01:00,18640,4000010,323869,688281,1377149,1061379,1455,547877,0.328671,0.5071
2026-02-11T05:06:42+01:00,18645,4000020,323869,687916,1377144,1061379,1454,548258,0.328671,0.5060
2026-02-11T05:06:47+01:00,18650,4000020,323869,686948,1377146,1061572,1446,549039,0.328671,0.5030
2026-02-11T05:06:52+01:00,18655,4000017,323869,685981,1377149,1061893,1295,549830,0.328671,0.5000
2026-02-11T05:06:57+01:00,18660,4000010,323869,685020,1377144,1062256,1120,550601,0.328671,0.4971
2026-02-11T05:07:02+01:00,18665,4000018,323869,684062,1377148,1062344,1040,551555,0.328671,0.4941
2026-02-11T05:07:07+01:00,18670,4000021,323869,683098,1377159,1062518,1018,552359,0.328671,0.4911
2026-02-11T05:07:12+01:00,18675,4000026,323869,682130,1377159,1062711,1012,553145,0.328671,0.4882
2026-02-11T05:07:17+01:00,18680,4000018,322922,682084,1377172,1063295,611,553934,0.326255,0.4942
2026-02-11T05:07:22+01:00,18685,4000015,322922,681127,1377170,1064252,0,554544,0.326255,0.4912
2026-02-11T05:07:27+01:00,18690,4000014,322922,680141,1377173,1065234,0,554544,0.326255,0.4882
2026-02-11T05:07:32+01:00,18695,4000016,322922,679148,1377184,1066218,0,554544,0.326255,0.4851
2026-02-11T05:07:37+01:00,18700,4000022,322922,678173,1377187,1067196,0,554544,0.326255,0.4821
2026-02-11T05:07:42+01:00,18705,4000012,322922,677178,1377196,1068172,0,554544,0.326255,0.4790
2026-02-11T05:07:47+01:00,18710,4000018,322922,676207,1377200,1069145,0,554544,0.326255,0.4760
2026-02-11T05:07:52+01:00,18715,4000017,322922,675228,1377208,1070115,0,554544,0.326255,0.4730
2026-02-11T05:07:57+01:00,18720,4000015,322922,674235,1377214,1071100,0,554544,0.326255,0.4699
2026-02-11T05:08:02+01:00,18725,4000017,322922,673253,1377217,1072081,0,554544,0.326255,0.4668
2026-02-11T05:08:07+01:00,18730,4000003,322922,672428,1377220,1072889,0,554544,0.326255,0.4643
2026-02-11T05:08:12+01:00,18735,4000014,322922,672158,1377220,1073170,0,554544,0.326255,0.4635
2026-02-11T05:08:17+01:00,18740,4000022,322922,671171,1377216,1074169,0,554544,0.326255,0.4604
2026-02-11T05:08:22+01:00,18745,4000018,322922,670202,1377217,1075133,0,554544,0.326255,0.4574
2026-02-11T05:08:27+01:00,18750,4000015,322922,669231,1377202,1076116,0,554544,0.326255,0.4544
2026-02-11T05:08:32+01:00,18755,4000014,322922,668239,1377208,1077101,0,554544,0.326255,0.4513
2026-02-11T05:08:37+01:00,18760,4000014,322922,667257,1377213,1078069,9,554544,0.326255,0.4483
2026-02-11T05:08:42+01:00,18765,4000022,322922,666285,1377218,1078359,694,554544,0.326255,0.4453
2026-02-11T05:08:47+01:00,18770,4000020,322922,665325,1377213,1078554,1462,554544,0.326255,0.4423
2026-02-11T05:08:52+01:00,18775,4000002,322922,664599,1377188,1078743,1987,554563,0.326255,0.4400
2026-02-11T05:08:57+01:00,18780,4000025,322881,663736,1377192,1078922,1790,555504,0.326151,0.4376
2026-02-11T05:09:02+01:00,18785,4000021,322881,662787,1377192,1079310,1584,556267,0.326151,0.4347
2026-02-11T05:09:07+01:00,18790,4000019,322826,661890,1377195,1079489,1577,557042,0.326011,0.4323
2026-02-11T05:09:12+01:00,18795,4000012,322770,661010,1377189,1079722,1518,557803,0.325868,0.4299
2026-02-11T05:09:17+01:00,18800,4000020,322770,660197,1377191,1080300,1018,558544,0.325868,0.4274
2026-02-11T05:09:22+01:00,18805,4000027,322770,659236,1377209,1080474,925,559413,0.325868,0.4244
2026-02-11T05:09:27+01:00,18810,4000026,322770,658301,1377212,1080650,906,560187,0.325868,0.4215
2026-02-11T05:09:32+01:00,18815,4000017,322770,657334,1377218,1080790,937,560968,0.325868,0.4185
2026-02-11T05:09:37+01:00,18820,4000028,322770,656366,1377239,1081021,894,561738,0.325868,0.4155
2026-02-11T05:09:42+01:00,18825,4000013,322719,655451,1377243,1081346,753,562501,0.325738,0.4130
2026-02-11T05:09:47+01:00,18830,4000016,322719,654488,1377246,1081442,843,563278,0.325738,0.4100
2026-02-11T05:09:52+01:00,18835,4000018,322182,654063,1377245,1081779,629,564120,0.325738,0.4121
2026-02-11T05:09:57+01:00,18840,4000021,321926,653352,1377256,1082154,492,564841,0.323715,0.4115
2026-02-11T05:10:02+01:00,18845,4000008,321926,652976,1377250,1082212,435,565209,0.323715,0.4103
2026-02-11T05:10:07+01:00,18850,4000008,321926,652696,1377250,1082276,422,565438,0.323715,0.4094
2026-02-11T05:10:12+01:00,18855,4000008,321926,652415,1377256,1082329,363,565719,0.323715,0.4086
2026-02-11T05:10:17+01:00,18860,4000007,321926,652133,1377256,1082329,418,565945,0.323715,0.4077
2026-02-11T05:10:22+01:00,18865,4000005,321926,651860,1377250,1082329,440,566200,0.323715,0.4068
2026-02-11T05:10:27+01:00,18870,4000012,321926,651568,1377250,1082392,406,566470,0.323715,0.4059
2026-02-11T05:10:32+01:00,18875,4000008,321926,651290,1377253,1082389,471,566679,0.323715,0.4051
2026-02-11T05:10:37+01:00,18880,4000007,321926,651025,1377250,1082388,472,566946,0.323715,0.4042
2026-02-11T05:10:42+01:00,18885,4000009,321926,650690,1377251,1082525,402,567215,0.323715,0.4032
2026-02-11T05:10:47+01:00,18890,4000025,321926,650303,1377255,1082578,403,567560,0.323715,0.4020
2026-02-11T05:10:52+01:00,18895,4000024,321926,649350,1377263,1082869,412,568204,0.323715,0.3990
2026-02-11T05:10:57+01:00,18900,4000001,321926,648532,1377248,1083680,0,568615,0.323715,0.3965
2026-02-11T05:11:02+01:00,18905,4000017,321926,647879,1377229,1084368,0,568615,0.323715,0.3945
2026-02-11T05:11:07+01:00,18910,4000014,321926,646896,1377239,1085338,0,568615,0.323715,0.3914
2026-02-11T05:11:12+01:00,18915,4000017,321926,645931,1377246,1086299,0,568615,0.323715,0.3884
2026-02-11T05:11:17+01:00,18920,4000015,321926,644958,1377252,1087264,0,568615,0.323715,0.3854
2026-02-11T05:11:22+01:00,18925,4000025,321926,643989,1377266,1087919,310,568615,0.323715,0.3824
2026-02-11T05:11:27+01:00,18930,4000017,321926,642999,1377283,1088834,45,568930,0.323715,0.3793
2026-02-11T05:11:32+01:00,18935,4000013,321926,642000,1377288,1089743,0,569056,0.323715,0.3762
2026-02-11T05:11:37+01:00,18940,4000013,321926,641007,1377304,1090514,0,569262,0.323715,0.3731
2026-02-11T05:11:42+01:00,18945,4000016,321926,640033,1377310,1091485,0,569262,0.323715,0.3701
2026-02-11T05:11:47+01:00,18950,4000020,321926,639036,1377317,1092479,0,569262,0.323715,0.3670
2026-02-11T05:11:52+01:00,18955,4000014,321926,638055,1377319,1093452,0,569262,0.323715,0.3640
2026-02-11T05:11:57+01:00,18960,4000016,321926,637056,1377320,1094452,0,569262,0.323715,0.3609
2026-02-11T05:12:02+01:00,18965,4000023,321926,636074,1377331,1095430,0,569262,0.323715,0.3578
2026-02-11T05:12:07+01:00,18970,4000014,321926,635099,1377340,1096387,0,569262,0.323715,0.3548
2026-02-11T05:12:12+01:00,18975,4000029,321926,634129,1377342,1096580,280,569772,0.323715,0.3518
2026-02-11T05:12:17+01:00,18980,4000020,321926,633177,1377344,1096767,468,570338,0.323715,0.3488
2026-02-11T05:12:22+01:00,18985,4000020,321926,632222,1377348,1096938,477,571109,0.323715,0.3458
2026-02-11T05:12:27+01:00,18990,4000019,321926,631273,1377348,1097087,495,571890,0.323715,0.3429
2026-02-11T05:12:32+01:00,18995,4000025,321926,630335,1377345,1097104,660,572655,0.323715,0.3400
2026-02-11T05:12:37+01:00,19000,4000022,321926,629843,1377328,1097295,659,572971,0.323715,0.3384
2026-02-11T05:12:42+01:00,19005,4000023,321926,628891,1377332,1097485,643,573746,0.323715,0.3355
2026-02-11T05:12:47+01:00,19010,4000016,321926,627931,1377337,1097531,767,574524,0.323715,0.3325
2026-02-11T05:12:52+01:00,19015,4000022,321926,626979,1377337,1097643,831,575306,0.323715,0.3296
2026-02-11T05:12:57+01:00,19020,4000022,321925,626031,1377332,1097833,813,576088,0.323712,0.3266
2026-02-11T05:13:02+01:00,19025,4000009,321925,625114,1377357,1098008,800,576805,0.323712,0.3238
2026-02-11T05:13:07+01:00,19030,4000012,321924,624873,1377352,1098008,800,577055,0.323710,0.3230
2026-02-11T05:13:12+01:00,19035,4000009,321924,624592,1377352,1098008,800,577333,0.323710,0.3222
2026-02-11T05:13:17+01:00,19040,4000009,321923,624315,1377357,1098059,793,577562,0.323707,0.3213
2026-02-11T05:13:22+01:00,19045,4000010,321923,623998,1377352,1098059,792,577886,0.323707,0.3203
2026-02-11T05:13:27+01:00,19050,4000008,321923,623676,1377352,1098059,792,578206,0.323707,0.3193
2026-02-11T05:13:32+01:00,19055,4000008,321923,623332,1377358,1098122,793,578480,0.323700,0.3182
2026-02-11T05:13:37+01:00,19060,4000009,321921,623001,1377353,1098122,793,578819,0.323702,0.3172
2026-02-11T05:13:42+01:00,19065,4000008,321921,622662,1377353,1098193,722,579157,0.323702,0.3162
2026-02-11T05:13:47+01:00,19070,4000013,321921,622351,1377359,1098188,786,579408,0.323702,0.3152
2026-02-11T05:13:52+01:00,19075,4000024,321921,621475,1377345,1098377,798,580108,0.323702,0.3125
2026-02-11T05:13:57+01:00,19080,4000016,321921,620674,1377348,1098531,771,580771,0.323702,0.3100
2026-02-11T05:14:02+01:00,19085,4000018,321921,619694,1377350,1098732,755,581566,0.323702,0.3070
2026-02-11T05:14:07+01:00,19090,4000014,321921,618729,1377352,1099655,36,582321,0.323702,0.3040
2026-02-11T05:14:12+01:00,19095,4000017,321921,617899,1377336,1100504,0,582357,0.323702,0.3014
2026-02-11T05:14:17+01:00,19100,4000018,321921,616915,1377346,1101479,0,582357,0.323702,0.2983
2026-02-11T05:14:22+01:00,19105,4000017,321921,615937,1377353,1102430,19,582357,0.323702,0.2953
2026-02-11T05:14:27+01:00,19110,4000012,321921,614968,1377359,1103383,5,582376,0.323702,0.2923
2026-02-11T05:14:32+01:00,19115,4000014,321921,614016,1377358,1103745,278,582696,0.323702,0.2893
2026-02-11T05:14:37+01:00,19120,4000013,321905,613078,1377363,1103781,483,583403,0.323661,0.2865
2026-02-11T05:14:42+01:00,19125,4000035,321905,612248,1377379,1103956,616,583931,0.323661,0.2839
2026-02-11T05:14:47+01:00,19130,4000023,321905,611291,1377379,1104337,423,584688,0.323661,0.2809
2026-02-11T05:14:52+01:00,19135,4000021,321905,610336,1377382,1104529,479,585390,0.323661,0.2780
2026-02-11T05:14:57+01:00,19140,4000009,321905,610042,1377378,1104588,476,585620,0.323661,0.2771
2026-02-11T05:15:02+01:00,19145,4000010,321905,609756,1377379,1104588,476,585906,0.323661,0.2762
2026-02-11T05:15:07+01:00,19150,4000007,321905,609483,1377378,1104588,533,586120,0.323661,0.2753
2026-02-11T05:15:12+01:00,19155,4000006,321690,609435,1377383,1104635,481,586382,0.323661,0.2764
2026-02-11T05:15:17+01:00,19160,4000007,321437,609437,1377380,1104692,482,586579,0.323661,0.2779
2026-02-11T05:15:22+01:00,19165,4000006,321177,609437,1377380,1104693,482,586837,0.323661,0.2795
2026-02-11T05:15:27+01:00,19170,4000010,321083,609260,1377380,1104693,540,587054,0.321564,0.2795
2026-02-11T05:15:32+01:00,19175,4000007,321083,608974,1377386,1104686,539,587339,0.321564,0.2786
2026-02-11T05:15:37+01:00,19180,4000007,321083,608649,1377380,1104757,534,587604,0.321564,0.2776
2026-02-11T05:15:42+01:00,19185,4000020,321083,608323,1377380,1104757,535,587942,0.321564,0.2766
2026-02-11T05:15:47+01:00,19190,4000023,321083,607380,1377379,1105133,339,588709,0.321564,0.2736
2026-02-11T05:15:52+01:00,19195,4000016,321083,606420,1377380,1105243,604,589286,0.321564,0.2706
2026-02-11T05:15:57+01:00,19200,4000022,321083,605462,1377384,1105293,728,590072,0.321564,0.2677
2026-02-11T05:16:02+01:00,19205,4000021,321083,604494,1377385,1105485,706,590868,0.321564,0.2646
2026-02-11T05:16:07+01:00,19210,4000028,321083,603528,1377385,1105679,699,591654,0.321564,0.2616
2026-02-11T05:16:12+01:00,19215,4000021,321083,602552,1377389,1105859,706,592432,0.321564,0.2586
2026-02-11T05:16:17+01:00,19220,4000025,321083,601605,1377388,1106052,689,593208,0.321564,0.2556
2026-02-11T05:16:22+01:00,19225,4000023,321083,600656,1377391,1106234,675,593984,0.321564,0.2527
2026-02-11T05:16:27+01:00,19230,4000020,320608,600174,1377398,1106415,676,594749,0.321564,0.2540
2026-02-11T05:16:32+01:00,19235,4000028,320255,599556,1377399,1106600,670,595548,0.319452,0.2541
2026-02-11T05:16:37+01:00,19240,4000010,320255,598601,1377402,1106786,672,596294,0.319452,0.2511
2026-02-11T05:16:42+01:00,19245,4000006,320255,598247,1377402,1106786,709,596607,0.319452,0.2500
2026-02-11T05:16:47+01:00,19250,4000031,320255,597417,1377405,1106979,697,597278,0.319452,0.2474
2026-02-11T05:16:52+01:00,19255,4000023,320255,596478,1377409,1107167,688,598026,0.319452,0.2445
2026-02-11T05:16:57+01:00,19260,4000020,320255,595521,1377399,1107365,683,598797,0.319452,0.2415
2026-02-11T05:17:02+01:00,19265,4000022,320255,594562,1377403,1107462,759,599581,0.319452,0.2385
2026-02-11T05:17:07+01:00,19270,4000022,320255,593594,1377409,1107534,877,600353,0.319452,0.2355
2026-02-11T05:17:12+01:00,19275,4000021,320255,592644,1377412,1107908,634,601168,0.319452,0.2325
2026-02-11T05:17:17+01:00,19280,4000026,320255,591703,1377415,1108088,672,601893,0.319452,0.2296
2026-02-11T05:17:22+01:00,19285,4000022,320255,590716,1377429,1108277,659,602686,0.319452,0.2265
2026-02-11T05:17:27+01:00,19290,4000016,320255,589745,1377429,1108468,651,603468,0.319452,0.2235
2026-02-11T05:17:32+01:00,19295,4000022,320255,588784,1377439,1108656,648,604240,0.319452,0.2205
2026-02-11T05:17:37+01:00,19300,4000018,320255,587823,1377439,1109041,438,605022,0.319452,0.2175
2026-02-11T05:17:42+01:00,19305,4000028,320216,586905,1377443,1109216,508,605740,0.319353,0.2148
2026-02-11T05:17:47+01:00,19310,4000018,320216,585935,1377452,1109494,533,606388,0.319353,0.2118
2026-02-11T05:17:52+01:00,19315,4000020,320216,585114,1377429,1109874,324,607063,0.319353,0.2092
2026-02-11T05:17:57+01:00,19320,4000033,320216,584161,1377434,1110365,242,607615,0.319353,0.2062
2026-02-11T05:18:02+01:00,19325,4000016,320216,583205,1377435,1110999,0,608161,0.319353,0.2033
2026-02-11T05:18:07+01:00,19330,4000013,320216,582220,1377432,1111968,0,608177,0.319353,0.2002
2026-02-11T05:18:12+01:00,19335,4000014,319301,582142,1377438,1112937,19,608177,0.317018,0.2051
2026-02-11T05:18:17+01:00,19340,4000001,319301,581713,1377455,1113336,0,608196,0.317018,0.2038
2026-02-11T05:18:22+01:00,19345,4000009,319301,581434,1377446,1113420,115,608293,0.317018,0.2029
2026-02-11T05:18:27+01:00,19350,4000008,319301,581145,1377446,1113421,210,608485,0.317018,0.2020
2026-02-11T05:18:32+01:00,19355,4000006,319301,580857,1377451,1113416,266,608715,0.317018,0.2011
2026-02-11T05:18:37+01:00,19360,4000008,319301,580608,1377446,1113476,256,608921,0.317018,0.2003
2026-02-11T05:18:42+01:00,19365,4000007,319301,580357,1377446,1113475,256,609172,0.317018,0.1996
2026-02-11T05:18:47+01:00,19370,4000008,319301,580061,1377446,1113475,317,609408,0.317018,0.1986
2026-02-11T05:18:52+01:00,19375,4000011,319301,579748,1377457,1113537,316,609652,0.317018,0.1976
2026-02-11T05:18:57+01:00,19380,4000008,319301,579429,1377452,1113536,377,609913,0.317018,0.1966
2026-02-11T05:19:02+01:00,19385,4000008,319301,579141,1377451,1113537,397,610181,0.317018,0.1957
2026-02-11T05:19:07+01:00,19390,4000009,319301,578904,1377456,1113577,376,610395,0.317018,0.1950
2026-02-11T05:19:12+01:00,19395,4000009,319301,578608,1377452,1113577,441,610630,0.317018,0.1941
2026-02-11T05:19:17+01:00,19400,4000010,319296,578310,1377452,1113577,442,610933,0.317006,0.1932
2026-02-11T05:19:22+01:00,19405,4000008,319296,578002,1377451,1113644,441,611174,0.317006,0.1922
2026-02-11T05:19:27+01:00,19410,4000011,319296,577701,1377450,1113639,441,611484,0.317006,0.1913
2026-02-11T05:19:32+01:00,19415,4000012,319296,577353,1377450,1113639,506,611768,0.317006,0.1902
2026-02-11T05:19:37+01:00,19420,4000009,319296,577012,1377450,1113705,491,612055,0.317006,0.1891
2026-02-11T05:19:42+01:00,19425,4000011,319296,576680,1377451,1113699,504,612381,0.317006,0.1881
2026-02-11T05:19:47+01:00,19430,4000009,319296,576355,1377451,1113698,568,612641,0.317006,0.1870
2026-02-11T05:19:52+01:00,19435,4000009,319296,576037,1377451,1113762,505,612958,0.317006,0.1861
2026-02-11T05:19:57+01:00,19440,4000009,319251,575759,1377456,1113757,569,613217,0.316891,0.1854
2026-02-11T05:20:02+01:00,19445,4000008,319251,575446,1377451,1113757,568,613535,0.316891,0.1845
2026-02-11T05:20:07+01:00,19450,4000010,319250,575127,1377450,1113823,566,613794,0.316888,0.1835
2026-02-11T05:20:12+01:00,19455,4000009,319250,574818,1377457,1113817,567,614100,0.316888,0.1825
2026-02-11T05:20:17+01:00,19460,4000009,319250,574480,1377453,1113816,636,614374,0.316888,0.1814
2026-02-11T05:20:22+01:00,19465,4000008,319250,574144,1377452,1113884,568,614710,0.316888,0.1804
2026-02-11T05:20:27+01:00,19470,4000007,318958,574104,1377457,1113879,634,614975,0.316888,0.1819
2026-02-11T05:20:32+01:00,19475,4000007,318641,574107,1377454,1113879,635,615291,0.316888,0.1837
2026-02-11T05:20:37+01:00,19480,4000024,318283,573643,1377458,1113965,735,615940,0.314422,0.1843
2026-02-11T05:20:42+01:00,19485,4000020,318283,572679,1377463,1114142,738,616715,0.314422,0.1812
2026-02-11T05:20:47+01:00,19490,4000021,318283,571717,1377465,1114337,734,617485,0.314422,0.1782
2026-02-11T05:20:52+01:00,19495,4000018,318283,570750,1377479,1114527,730,618249,0.314422,0.1752
2026-02-11T05:20:57+01:00,19500,4000012,318283,569810,1377447,1114709,721,619042,0.314422,0.1722
2026-02-11T05:21:02+01:00,19505,4000022,318283,568851,1377465,1114892,718,619813,0.314422,0.1692
2026-02-11T05:21:07+01:00,19510,4000028,318283,567896,1377469,1115067,733,620580,0.314422,0.1662
2026-02-11T05:21:12+01:00,19515,4000015,318283,566962,1377443,1115261,724,621342,0.314422,0.1633
2026-02-11T05:21:17+01:00,19520,4000024,318283,566023,1377443,1115458,716,622101,0.314422,0.1603
2026-02-11T05:21:22+01:00,19525,4000025,318283,565083,1377435,1115542,797,622885,0.314422,0.1574
2026-02-11T05:21:27+01:00,19530,4000020,318283,564116,1377438,1115832,702,623649,0.314422,0.1543
2026-02-11T05:21:32+01:00,19535,4000019,318283,563157,1377442,1116014,693,624430,0.314422,0.1513
2026-02-11T05:21:37+01:00,19540,4000025,318283,562205,1377442,1116151,721,625223,0.314422,0.1483
2026-02-11T05:21:42+01:00,19545,4000020,317945,561575,1377447,1116591,463,625999,0.314422,0.1482
2026-02-11T05:21:47+01:00,19550,4000025,317323,561221,1377442,1116974,262,626803,0.311973,0.1506
2026-02-11T05:21:52+01:00,19555,4000025,317323,560323,1377449,1117087,472,627371,0.311973,0.1477
2026-02-11T05:21:57+01:00,19560,4000024,317323,559346,1377458,1117465,326,628106,0.311973,0.1447
2026-02-11T05:22:02+01:00,19565,4000035,317323,558377,1377462,1117839,325,628709,0.311973,0.1416
2026-02-11T05:22:07+01:00,19570,4000017,317323,557413,1377469,1118262,278,629272,0.311973,0.1386
2026-02-11T05:22:12+01:00,19575,4000014,317323,556436,1377468,1118636,294,629857,0.311973,0.1355
2026-02-11T05:22:17+01:00,19580,4000016,317323,555483,1377450,1118882,424,630454,0.311973,0.1325
2026-02-11T05:22:22+01:00,19585,4000010,317323,554521,1377443,1119400,179,631144,0.311973,0.1295
2026-02-11T05:22:27+01:00,19590,4000016,317323,553546,1377465,1119421,438,631823,0.311973,0.1264
2026-02-11T05:22:32+01:00,19595,4000023,317323,552581,1377469,1119800,425,632425,0.311973,0.1233
2026-02-11T05:22:37+01:00,19600,4000019,317323,551609,1377474,1119951,464,633198,0.311973,0.1203
2026-02-11T05:22:42+01:00,19605,4000019,317323,550647,1377478,1120337,457,633777,0.311973,0.1173
2026-02-11T05:22:47+01:00,19610,4000024,317323,549685,1377479,1120527,452,634558,0.311973,0.1142
2026-02-11T05:22:52+01:00,19615,4000022,317323,548820,1377458,1120694,517,635210,0.311973,0.1115
2026-02-11T05:22:57+01:00,19620,4000015,317323,547864,1377463,1120892,612,635861,0.311973,0.1085
2026-02-11T05:23:02+01:00,19625,4000016,317323,546898,1377468,1121587,87,636653,0.311973,0.1054
2026-02-11T05:23:07+01:00,19630,4000020,317323,545944,1377455,1122041,109,637148,0.311973,0.1024
2026-02-11T05:23:12+01:00,19635,4000018,317173,545141,1377461,1122228,413,637602,0.311794,0.1007
2026-02-11T05:23:17+01:00,19640,4000011,316343,544991,1377466,1122694,126,638391,0.309473,0.1048
2026-02-11T05:23:22+01:00,19645,4000025,316343,544033,1377477,1123408,181,638583,0.309473,0.1017
2026-02-11T05:23:27+01:00,19650,4000009,316343,543574,1377486,1123750,21,638835,0.309473,0.1003
2026-02-11T05:23:32+01:00,19655,4000008,316343,543320,1377485,1123751,116,638993,0.309473,0.0995
2026-02-11T05:23:37+01:00,19660,4000008,316343,543063,1377486,1123795,131,639190,0.309473,0.0987
2026-02-11T05:23:42+01:00,19665,4000006,316343,542801,1377487,1123791,204,639380,0.309473,0.0978
2026-02-11T05:23:47+01:00,19670,4000007,316343,542530,1377486,1123791,244,639613,0.309473,0.0970
2026-02-11T05:23:52+01:00,19675,4000009,316343,542242,1377486,1123861,213,639864,0.309473,0.0961
2026-02-11T05:23:57+01:00,19680,4000008,316343,541958,1377481,1124097,52,640077,0.309473,0.0952
2026-02-11T05:24:02+01:00,19685,4000009,316343,541629,1377487,1124091,166,640293,0.309473,0.0941
2026-02-11T05:24:07+01:00,19690,4000008,316343,541304,1377487,1124159,162,640553,0.309473,0.0931
2026-02-11T05:24:12+01:00,19695,4000006,316343,541019,1377487,1124165,216,640776,0.309473,0.0922
2026-02-11T05:24:17+01:00,19700,4000009,316343,540762,1377484,1124209,223,640988,0.309473,0.0914
2026-02-11T05:24:22+01:00,19705,4000005,316343,540502,1377485,1124248,236,641191,0.309473,0.0906
2026-02-11T05:24:27+01:00,19710,4000009,316343,540240,1377485,1124255,284,641402,0.309473,0.0897
2026-02-11T05:24:32+01:00,19715,4000007,316092,540209,1377483,1124255,345,641623,0.309473,0.0910
2026-02-11T05:24:37+01:00,19720,4000008,315767,540210,1377488,1124318,303,641922,0.309473,0.0928
2026-02-11T05:24:42+01:00,19725,4000010,315446,540210,1377488,1124318,338,642210,0.309473,0.0945
2026-02-11T05:24:47+01:00,19730,4000008,315399,539915,1377476,1124391,335,642492,0.307065,0.0938
2026-02-11T05:24:52+01:00,19735,4000012,315399,539592,1377477,1124386,402,642756,0.307065,0.0928
2026-02-11T05:24:57+01:00,19740,4000008,315399,539266,1377472,1124456,347,643068,0.307065,0.0918
2026-02-11T05:25:02+01:00,19745,4000018,315399,538830,1377472,1124499,355,643463,0.307065,0.0904
2026-02-11T05:25:07+01:00,19750,4000016,315399,537864,1377486,1124877,340,644050,0.307065,0.0873
2026-02-11T05:25:12+01:00,19755,4000021,315399,536890,1377487,1125237,378,644630,0.307065,0.0842
2026-02-11T05:25:17+01:00,19760,4000018,315399,535917,1377486,1125434,429,645353,0.307065,0.0811
2026-02-11T05:25:22+01:00,19765,4000022,315399,534963,1377489,1125818,369,645984,0.307065,0.0781
2026-02-11T05:25:27+01:00,19770,4000017,315399,534004,1377492,1126027,339,646756,0.307065,0.0751
2026-02-11T05:25:32+01:00,19775,4000024,315399,533028,1377497,1126410,340,647350,0.307065,0.0720
2026-02-11T05:25:37+01:00,19780,4000032,315399,531916,1377418,1126914,307,648078,0.307065,0.0685
2026-02-11T05:25:42+01:00,19785,4000028,315399,530635,1377413,1127686,68,648827,0.307065,0.0644
2026-02-11T05:25:47+01:00,19790,4000025,315399,529382,1377396,1127931,319,649598,0.307065,0.0604
2026-02-11T05:25:52+01:00,19795,4000029,315399,528073,1377401,1128454,283,650419,0.307065,0.0563
2026-02-11T05:25:57+01:00,19800,4000028,315127,527060,1377408,1128678,554,651201,0.306371,0.0545
2026-02-11T05:26:02+01:00,19805,4000044,315127,525786,1377411,1128910,669,652141,0.306371,0.0505
2026-02-11T05:26:07+01:00,19810,4000032,315127,524540,1377386,1129951,118,652910,0.306371,0.0465
2026-02-11T05:26:12+01:00,19815,4000022,315127,523267,1377369,1130437,286,653536,0.306371,0.0425
2026-02-11T05:26:17+01:00,19820,4000029,315127,521934,1377384,1131763,0,653821,0.306371,0.0382
2026-02-11T05:26:22+01:00,19825,4000021,315127,520665,1377353,1132759,48,654069,0.306371,0.0342
2026-02-11T05:26:27+01:00,19830,4000021,315127,519353,1377358,1134067,0,654116,0.306371,0.0300
2026-02-11T05:26:32+01:00,19835,4000043,315012,518172,1377376,1134734,633,654116,0.306077,0.0269
2026-02-11T05:26:37+01:00,19840,4000015,315012,516901,1377383,1135131,1472,654116,0.306077,0.0229
2026-02-11T05:26:42+01:00,19845,4000029,315012,515675,1377344,1135475,1407,655116,0.306077,0.0190
2026-02-11T05:26:47+01:00,19850,4000028,315012,514396,1377343,1135926,1203,656148,0.306077,0.0149
2026-02-11T05:26:52+01:00,19855,4000032,315012,513164,1377394,1136680,666,657116,0.306077,0.0110
2026-02-11T05:26:57+01:00,19860,4000030,315012,511860,1377426,1136923,657,658152,0.306077,0.0069
2026-02-11T05:27:02+01:00,19865,4000031,314989,510607,1377416,1137444,375,659200,0.306019,0.0030
2026-02-11T05:27:07+01:00,19870,4000018,314982,509344,1377416,1137853,438,659985,0.306019,0.0010
2026-02-11T05:27:12+01:00,19875,4000032,314014,509000,1377430,1138183,369,661036,0.303532,0.0029
2026-02-11T05:27:17+01:00,19880,4000026,314014,507715,1377430,1138990,123,661754,0.303532,0.0012
2026-02-11T05:27:22+01:00,19885,4000024,314014,506449,1377396,1139238,325,662602,0.303532,0.0052
2026-02-11T05:27:27+01:00,19890,4000012,314014,505908,1377410,1139212,569,662899,0.303532,0.0069
2026-02-11T05:27:32+01:00,19895,4000009,314014,505569,1377403,1139278,547,663198,0.303532,0.0080
2026-02-11T05:27:37+01:00,19900,4000010,314014,505235,1377409,1139272,574,663506,0.303532,0.0091
2026-02-11T05:27:42+01:00,19905,4000011,314014,504886,1377409,1139273,640,663789,0.303532,0.0102
2026-02-11T05:27:47+01:00,19910,4000011,314014,504551,1377404,1139417,496,664129,0.303532,0.0113
2026-02-11T05:27:52+01:00,19915,4000008,314014,504180,1377410,1139488,492,664424,0.303532,0.0124
2026-02-11T05:27:57+01:00,19920,4000003,314014,503823,1377404,1139487,491,664784,0.303532,0.0136
2026-02-11T05:28:02+01:00,19925,4000008,314014,503478,1377404,1139565,484,665063,0.303532,0.0147
2026-02-11T05:28:07+01:00,19930,4000009,314014,503143,1377411,1139560,495,665386,0.303532,0.0157
2026-02-11T05:28:12+01:00,19935,4000007,314014,502823,1377405,1139586,522,665657,0.303532,0.0168
2026-02-11T05:28:17+01:00,19940,4000007,314014,502503,1377405,1139627,523,665935,0.303532,0.0178
2026-02-11T05:28:22+01:00,19945,4000012,314014,502183,1377411,1139621,542,666241,0.303532,0.0188
2026-02-11T05:28:27+01:00,19950,4000007,314014,501886,1377392,1139621,611,666483,0.303532,0.0197
2026-02-11T05:28:32+01:00,19955,4000007,314014,501543,1377391,1139689,544,666826,0.303532,0.0208
2026-02-11T05:28:37+01:00,19960,4000011,314014,501204,1377398,1139683,612,667100,0.303532,0.0219
2026-02-11T05:28:42+01:00,19965,4000006,313838,501048,1377394,1139743,551,667432,0.303532,0.0215
2026-02-11T05:28:47+01:00,19970,4000009,313523,501052,1377390,1139755,588,667701,0.303532,0.0199
2026-02-11T05:28:52+01:00,19975,4000007,313191,501052,1377395,1139750,597,668022,0.303532,0.0182
2026-02-11T05:28:57+01:00,19980,4000008,313094,500827,1377390,1139775,624,668298,0.301185,0.0184
2026-02-11T05:29:02+01:00,19985,4000008,313094,500514,1377390,1139818,595,668597,0.301185,0.0194
2026-02-11T05:29:07+01:00,19990,4000009,313094,500190,1377395,1139812,596,668922,0.301185,0.0205
2026-02-11T05:29:12+01:00,19995,4000007,313094,499872,1377385,1139863,602,669191,0.301185,0.0215
2026-02-11T05:29:17+01:00,20000,4000009,313094,499533,1377380,1139954,513,669535,0.301185,0.0226
2026-02-11T05:29:22+01:00,20005,4000009,313094,499200,1377385,1139948,578,669804,0.301185,0.0236
2026-02-11T05:29:27+01:00,20010,4000007,313094,498875,1377377,1139949,578,670134,0.301185,0.0247
2026-02-11T05:29:32+01:00,20015,4000021,313094,498363,1377377,1140007,585,670595,0.301185,0.0263
2026-02-11T05:29:37+01:00,20020,4000021,313094,497397,1377383,1140184,589,671374,0.301185,0.0294
2026-02-11T05:29:42+01:00,20025,4000018,313094,496428,1377378,1140734,227,672157,0.301185,0.0325
2026-02-11T05:29:47+01:00,20030,4000020,313094,495439,1377378,1141612,114,672383,0.301185,0.0356
2026-02-11T05:29:52+01:00,20035,4000014,313094,494508,1377357,1141764,357,672934,0.301185,0.0386
2026-02-11T05:29:57+01:00,20040,4000020,313065,493553,1377360,1141986,333,673723,0.301185,0.0415
2026-02-11T05:30:02+01:00,20045,4000014,312176,493457,1377347,1142072,594,674368,0.298843,0.0373
2026-02-11T05:30:07+01:00,20050,4000020,312176,492489,1377349,1142145,742,675119,0.298843,0.0404
2026-02-11T05:30:12+01:00,20055,4000021,312176,491538,1377331,1142334,730,675912,0.298843,0.0435
2026-02-11T05:30:17+01:00,20060,4000018,312176,490572,1377332,1143163,70,676705,0.298843,0.0466
2026-02-11T05:30:22+01:00,20065,4000018,312176,489608,1377322,1143847,171,676894,0.298843,0.0497
2026-02-11T05:30:27+01:00,20070,4000020,312176,488622,1377327,1144740,46,677109,0.298843,0.0528
2026-02-11T05:30:32+01:00,20075,4000017,312176,487653,1377336,1145673,0,677179,0.298843,0.0559
2026-02-11T05:30:37+01:00,20080,4000016,312176,486715,1377321,1146312,7,677485,0.298843,0.0589
2026-02-11T05:30:42+01:00,20085,4000021,312176,485794,1377293,1146512,365,677881,0.298843,0.0619
2026-02-11T05:30:47+01:00,20090,4000029,312176,484841,1377295,1146698,384,678635,0.298843,0.0649
2026-02-11T05:30:52+01:00,20095,4000014,312176,483879,1377297,1147120,319,679223,0.298843,0.0680
2026-02-11T05:30:57+01:00,20100,4000016,312176,483022,1377252,1147465,297,679804,0.298843,0.0708
2026-02-11T05:31:02+01:00,20105,4000015,312176,482048,1377278,1147865,262,680386,0.298843,0.0739
2026-02-11T05:31:07+01:00,20110,4000022,312176,481096,1377281,1148231,281,680957,0.298843,0.0769
2026-02-11T05:31:12+01:00,20115,4000016,312176,480159,1377263,1148494,379,681545,0.298843,0.0799
2026-02-11T05:31:17+01:00,20120,4000015,312176,479191,1377255,1149373,0,682020,0.298843,0.0830
2026-02-11T05:31:22+01:00,20125,4000020,312176,478247,1377238,1149592,248,682519,0.298843,0.0861
2026-02-11T05:31:27+01:00,20130,4000016,312176,477356,1377158,1149783,454,683089,0.298843,0.0889
2026-02-11T05:31:32+01:00,20135,4000020,311259,477280,1377165,1150086,348,683882,0.296504,0.0846
2026-02-11T05:31:37+01:00,20140,4000015,311259,476312,1377167,1150485,336,684456,0.296504,0.0878
2026-02-11T05:31:42+01:00,20145,4000015,311259,475403,1377083,1151478,0,684792,0.296504,0.0907
2026-02-11T05:31:47+01:00,20150,4000017,311259,474417,1377102,1152190,0,685049,0.296504,0.0938
2026-02-11T05:31:52+01:00,20155,4000016,311259,473537,1377132,1153039,0,685049,0.296504,0.0967
2026-02-11T05:31:57+01:00,20160,4000014,311259,472746,1377132,1153828,0,685049,0.296504,0.0992
2026-02-11T05:32:02+01:00,20165,4000017,311259,471774,1377125,1154522,288,685049,0.296504,0.1023
2026-02-11T05:32:07+01:00,20170,4000023,311259,470799,1377129,1154925,280,685631,0.296504,0.1055
2026-02-11T05:32:12+01:00,20175,4000021,311259,469870,1377111,1155303,105,686373,0.296504,0.1085
2026-02-11T05:32:17+01:00,20180,4000017,311259,468933,1377114,1155404,347,686960,0.296504,0.1115
2026-02-11T05:32:22+01:00,20185,4000005,311259,468158,1377102,1155660,269,687557,0.296504,0.1140
2026-02-11T05:32:27+01:00,20190,4000005,311259,467910,1377102,1155694,286,687754,0.296504,0.1148
2026-02-11T05:32:32+01:00,20195,4000009,311259,467649,1377103,1155759,277,687962,0.296504,0.1156
2026-02-11T05:32:37+01:00,20200,4000008,311259,467402,1377100,1155816,249,688182,0.296504,0.1164
2026-02-11T05:32:42+01:00,20205,4000008,311259,467119,1377107,1155863,216,688444,0.296504,0.1173
2026-02-11T05:32:47+01:00,20210,4000009,311259,466853,1377107,1155863,264,688663,0.296504,0.1181
2026-02-11T05:32:52+01:00,20215,4000006,311259,466535,1377097,1155888,304,688923,0.296504,0.1192
2026-02-11T05:32:57+01:00,20220,4000006,311154,466326,1377102,1155930,324,689170,0.296504,0.1193
2026-02-11T05:33:02+01:00,20225,4000007,310890,466326,1377102,1155982,326,689381,0.296504,0.1181
2026-02-11T05:33:07+01:00,20230,4000007,310613,466329,1377099,1155982,326,689658,0.296504,0.1167
2026-02-11T05:33:12+01:00,20235,4000010,310437,466262,1377099,1156032,328,689852,0.294407,0.1161
2026-02-11T05:33:17+01:00,20240,4000008,310437,466000,1377100,1156028,379,690064,0.294407,0.1169
2026-02-11T05:33:22+01:00,20245,4000008,310437,465699,1377101,1156028,379,690364,0.294407,0.1179
2026-02-11T05:33:27+01:00,20250,4000007,310437,465419,1377096,1156028,440,690587,0.294407,0.1188
2026-02-11T05:33:32+01:00,20255,4000008,310437,465097,1377101,1156154,364,690855,0.294407,0.1198
2026-02-11T05:33:37+01:00,20260,4000012,310437,464781,1377096,1156233,295,691170,0.294407,0.1209
2026-02-11T05:33:42+01:00,20265,4000010,310437,464436,1377096,1156305,293,691443,0.294407,0.1220
2026-02-11T05:33:47+01:00,20270,4000008,310437,464102,1377103,1156297,358,691711,0.294407,0.1230
2026-02-11T05:33:52+01:00,20275,4000012,310437,463783,1377089,1156367,356,691980,0.294407,0.1241
2026-02-11T05:33:57+01:00,20280,4000005,310437,463473,1377089,1156395,324,692287,0.294407,0.1251
2026-02-11T05:34:02+01:00,20285,4000016,310437,462606,1377078,1156424,636,692835,0.294407,0.1279
2026-02-11T05:34:07+01:00,20290,4000023,310437,461664,1377041,1157030,219,693632,0.294407,0.1309
2026-02-11T05:34:12+01:00,20295,4000016,310437,460782,1376938,1157598,44,694217,0.294407,0.1337
2026-02-11T05:34:17+01:00,20300,4000014,310437,459795,1376938,1158547,36,694261,0.294407,0.1369
2026-02-11T05:34:22+01:00,20305,4000005,310437,458868,1376916,1159487,0,694297,0.294407,0.1399
2026-02-11T05:34:27+01:00,20310,4000015,310437,458284,1376912,1160085,0,694297,0.294407,0.1418
2026-02-11T05:34:32+01:00,20315,4000018,310437,457331,1376874,1160741,338,694297,0.294407,0.1448
2026-02-11T05:34:37+01:00,20320,4000019,310414,456400,1376854,1160848,693,694810,0.294348,0.1477
2026-02-11T05:34:42+01:00,20325,4000026,310414,455495,1376794,1161035,706,695582,0.294348,0.1507
2026-02-11T05:34:47+01:00,20330,4000030,310414,454529,1376796,1161222,695,696374,0.294348,0.1538
2026-02-11T05:34:52+01:00,20335,4000024,310414,453699,1376729,1161387,712,697083,0.294348,0.1564
2026-02-11T05:34:57+01:00,20340,4000023,310414,452835,1376651,1161559,715,697849,0.294348,0.1592
2026-02-11T05:35:02+01:00,20345,4000031,310414,451892,1376636,1161739,720,698630,0.294348,0.1623
2026-02-11T05:35:07+01:00,20350,4000022,310414,451211,1376367,1161913,719,699398,0.294348,0.1645
2026-02-11T05:35:12+01:00,20355,4000024,310414,450495,1376103,1162118,722,700172,0.294348,0.1668
2026-02-11T05:35:17+01:00,20360,4000016,310414,449532,1376109,1162583,431,700947,0.294348,0.1699
2026-02-11T05:35:22+01:00,20365,4000025,310414,448831,1375838,1163094,313,701535,0.294348,0.1721
2026-02-11T05:35:27+01:00,20370,4000018,310414,447882,1375845,1163273,343,702261,0.294348,0.1752
2026-02-11T05:35:32+01:00,20375,4000015,310414,447379,1375361,1163663,297,702901,0.294348,0.1768
2026-02-11T05:35:37+01:00,20380,4000027,310414,446371,1375281,1164763,0,703198,0.294348,0.1800
2026-02-11T05:35:42+01:00,20385,4000026,310414,445995,1374296,1165408,413,703500,0.294348,0.1813
2026-02-11T05:35:47+01:00,20390,4000031,310414,445568,1373398,1166216,313,704122,0.294348,0.1826
2026-02-11T05:35:52+01:00,20395,4000027,310413,445318,1372350,1166773,199,704974,0.294346,0.1834
2026-02-11T05:35:57+01:00,20400,4000025,310377,444254,1372151,1167029,474,705740,0.294254,0.1867
2026-02-11T05:36:02+01:00,20405,4000026,310376,443270,1371820,1167299,523,706738,0.294251,0.1899
2026-02-11T05:36:07+01:00,20410,4000020,310376,441972,1371795,1167732,571,707574,0.294251,0.1940
2026-02-11T05:36:12+01:00,20415,4000024,310376,441393,1370827,1168860,167,708401,0.294251,0.1959
2026-02-11T05:36:17+01:00,20420,4000020,310369,440180,1370793,1169210,297,709171,0.294233,0.1998
2026-02-11T05:36:22+01:00,20425,4000005,310340,439865,1369663,1170151,270,709716,0.294159,0.2007
2026-02-11T05:36:27+01:00,20430,4000008,310340,439633,1369664,1170272,127,709972,0.294159,0.2014
2026-02-11T05:36:33+01:00,20435,4000018,310340,438864,1369642,1171073,0,710099,0.294159,0.2039
2026-02-11T05:36:37+01:00,20440,4000020,310340,438687,1368845,1171532,436,710180,0.294159,0.2045
2026-02-11T05:36:42+01:00,20445,4000013,310340,437985,1368799,1171657,460,710772,0.294159,0.2067
2026-02-11T05:36:47+01:00,20450,4000019,310324,437420,1368614,1171831,414,711416,0.294119,0.2085
2026-02-11T05:36:52+01:00,20455,4000016,310313,436671,1368614,1172128,317,711973,0.294091,0.2108
2026-02-11T05:36:57+01:00,20460,4000024,310313,435997,1368428,1172524,181,712581,0.294091,0.2130
2026-02-11T05:37:02+01:00,20465,4000040,310313,434762,1368372,1172796,427,713370,0.294091,0.2170
2026-02-11T05:37:07+01:00,20470,4000026,310313,433871,1367958,1173035,489,714360,0.294091,0.2199
2026-02-11T05:37:12+01:00,20475,4000031,310313,433186,1367384,1173546,370,715232,0.294091,0.2221
2026-02-11T05:37:17+01:00,20480,4000020,310313,432334,1366938,1174285,138,716012,0.294091,0.2248
2026-02-11T05:37:22+01:00,20485,4000028,310313,432155,1365439,1175524,315,716282,0.294091,0.2254
2026-02-11T05:37:28+01:00,20490,4000032,310313,432155,1363937,1176667,0,716960,0.294091,0.2254
2026-02-11T05:37:33+01:00,20495,4000030,310313,432128,1362276,1177752,373,717188,0.294091,0.2255
2026-02-11T05:37:38+01:00,20500,4000024,310313,432011,1360492,1179633,0,717575,0.294091,0.2259
2026-02-11T05:37:42+01:00,20505,4000019,310313,431722,1359292,1180250,612,717830,0.294091,0.2268
2026-02-11T05:37:47+01:00,20510,4000020,310313,431420,1358024,1181821,0,718442,0.294091,0.2278
2026-02-11T05:37:53+01:00,20515,4000030,310313,431240,1356711,1182567,218,718981,0.294091,0.2283
2026-02-11T05:37:57+01:00,20520,4000028,310313,431200,1354865,1184216,167,719267,0.294091,0.2285
2026-02-11T05:38:03+01:00,20525,4000026,310313,431191,1353176,1185381,141,719824,0.294091,0.2285
2026-02-11T05:38:07+01:00,20530,4000032,310313,431165,1351731,1186086,292,720445,0.294091,0.2286
2026-02-11T05:38:12+01:00,20535,4000023,310313,431165,1349735,1188035,1,720774,0.294091,0.2286
2026-02-11T05:38:17+01:00,20540,4000026,310218,431198,1348030,1189150,460,720970,0.294091,0.2281
2026-02-11T05:38:23+01:00,20545,4000042,309581,431824,1346690,1189452,636,721859,0.292223,0.2232
2026-02-11T05:38:27+01:00,20550,4000015,309581,431801,1345444,1189934,430,722825,0.292223,0.2232
2026-02-11T05:38:32+01:00,20555,4000014,309581,431792,1344210,1190330,211,723890,0.292223,0.2233
2026-02-11T05:38:37+01:00,20560,4000027,309581,431060,1343561,1190800,356,724669,0.292223,0.2256
2026-02-11T05:38:42+01:00,20565,4000025,309581,431043,1342302,1191052,605,725442,0.292223,0.2257
2026-02-11T05:38:47+01:00,20570,4000024,309581,431043,1340863,1192077,0,726460,0.292223,0.2257
2026-02-11T05:38:52+01:00,20575,4000017,309581,431034,1339456,1192519,413,727014,0.292223,0.2257
2026-02-11T05:38:58+01:00,20580,4000031,309581,430804,1337994,1194227,0,727425,0.292223,0.2265
2026-02-11T05:39:03+01:00,20585,4000021,309581,430804,1336537,1194686,855,727558,0.292223,0.2265
2026-02-11T05:39:08+01:00,20590,4000037,309581,430804,1335039,1196124,77,728412,0.292223,0.2265
2026-02-11T05:39:13+01:00,20595,4000020,309581,430804,1333632,1196774,102,729127,0.292223,0.2265
2026-02-11T05:39:17+01:00,20600,4000015,309581,430777,1332404,1197048,331,729874,0.292223,0.2266
2026-02-11T05:39:22+01:00,20605,4000015,309581,430750,1330866,1198360,63,730395,0.292223,0.2266
2026-02-11T05:39:27+01:00,20610,4000025,309581,430723,1329341,1199179,468,730733,0.292223,0.2267
2026-02-11T05:39:32+01:00,20615,4000028,309580,430697,1328024,1199859,396,731472,0.292221,0.2268
2026-02-11T05:39:37+01:00,20620,4000025,309579,430557,1326805,1200159,507,732418,0.292218,0.2273
2026-02-11T05:39:42+01:00,20625,4000008,309579,430548,1325780,1200622,327,733152,0.292218,0.2273
2026-02-11T05:39:47+01:00,20630,4000008,309578,430540,1325451,1200615,380,733444,0.292216,0.2273
2026-02-11T05:39:52+01:00,20635,4000008,309578,430540,1325100,1200688,325,733777,0.292216,0.2273
2026-02-11T05:39:57+01:00,20640,4000008,309578,430540,1324753,1200689,391,734057,0.292216,0.2273
2026-02-11T05:40:03+01:00,20645,4000010,309577,430541,1324435,1200675,459,734323,0.292213,0.2273
2026-02-11T05:40:08+01:00,20650,4000011,309577,430541,1324061,1200756,384,734692,0.292213,0.2273
2026-02-11T05:40:13+01:00,20655,4000009,309577,430541,1323697,1200756,452,734986,0.292213,0.2273
2026-02-11T05:40:17+01:00,20660,4000005,309577,430532,1323356,1200795,474,735271,0.292213,0.2273
2026-02-11T05:40:23+01:00,20665,4000030,309577,430523,1322952,1200823,487,735668,0.292213,0.2274
2026-02-11T05:40:28+01:00,20670,4000016,309577,430523,1321547,1201506,368,736495,0.292213,0.2274
2026-02-11T05:40:32+01:00,20675,4000026,309577,430523,1320171,1202103,379,737273,0.292213,0.2274
2026-02-11T05:40:37+01:00,20680,4000030,309572,430509,1318747,1203075,94,738033,0.292213,0.2274
2026-02-11T05:40:43+01:00,20685,4000031,308731,431114,1317567,1203740,265,738614,0.290055,0.2216
2026-02-11T05:40:48+01:00,20690,4000019,308731,431114,1316198,1204091,464,739421,0.290055,0.2216
2026-02-11T05:40:53+01:00,20695,4000038,308731,431105,1314744,1205061,242,740155,0.290055,0.2217
2026-02-11T05:40:57+01:00,20700,4000039,308731,431059,1313341,1205769,253,740886,0.290055,0.2218
2026-02-11T05:41:02+01:00,20705,4000023,308731,430476,1312333,1206900,308,741275,0.290055,0.2237
2026-02-11T05:41:08+01:00,20710,4000032,308731,430056,1310939,1208723,0,741583,0.290055,0.2251
2026-02-11T05:41:12+01:00,20715,4000016,308731,430029,1309602,1209099,555,742000,0.290055,0.2251
2026-02-11T05:41:17+01:00,20720,4000015,308731,430029,1308041,1210413,23,742778,0.290055,0.2251
2026-02-11T05:41:22+01:00,20725,4000024,308731,430002,1306743,1210717,446,743385,0.290055,0.2252
2026-02-11T05:41:27+01:00,20730,4000017,308731,430002,1305489,1211011,478,744306,0.290055,0.2252
2026-02-11T05:41:32+01:00,20735,4000013,308731,430002,1303990,1212072,129,745089,0.290055,0.2252
2026-02-11T05:41:38+01:00,20740,4000027,308731,429998,1302655,1212511,288,745844,0.290055,0.2252
2026-02-11T05:41:42+01:00,20745,4000016,308560,430175,1300796,1214353,0,746132,0.290055,0.2239
2026-02-11T05:41:47+01:00,20750,4000020,307781,430099,1300339,1215648,0,746153,0.287632,0.2206
2026-02-11T05:41:53+01:00,20755,4000025,307781,429076,1299964,1216926,0,746278,0.287632,0.2239
2026-02-11T05:41:57+01:00,20760,4000019,307781,429076,1298700,1217315,306,746841,0.287632,0.2239
2026-02-11T05:42:02+01:00,20765,4000029,307781,429067,1297434,1217548,530,747669,0.287632,0.2240
2026-02-11T05:42:07+01:00,20770,4000003,307781,429058,1295841,1218859,0,748464,0.287632,0.2240
2026-02-11T05:42:13+01:00,20775,4000036,307781,429049,1294272,1219765,149,749020,0.287632,0.2240
2026-02-11T05:42:18+01:00,20780,4000033,307781,428996,1293030,1220013,394,749819,0.287632,0.2242
2026-02-11T05:42:23+01:00,20785,4000026,307781,428996,1291664,1220860,146,750579,0.287632,0.2242
2026-02-11T05:42:27+01:00,20790,4000018,307781,428940,1290299,1221457,196,751345,0.287632,0.2244
2026-02-11T05:42:33+01:00,20795,4000022,307781,428931,1288942,1221837,366,752165,0.287632,0.2244
2026-02-11T05:42:37+01:00,20800,4000025,307781,428931,1287176,1223384,58,752695,0.287632,0.2244
2026-02-11T05:42:42+01:00,20805,4000023,307781,428931,1285763,1224008,343,753197,0.287632,0.2244
2026-02-11T05:42:47+01:00,20810,4000030,307781,428901,1284372,1224407,588,753981,0.287632,0.2245
2026-02-11T05:42:52+01:00,20815,4000023,307781,428899,1282707,1226014,6,754616,0.287632,0.2245
2026-02-11T05:42:58+01:00,20820,4000016,307781,428893,1281353,1226410,278,755301,0.287632,0.2245
2026-02-11T05:43:03+01:00,20825,4000003,307781,428893,1280003,1227700,47,755579,0.287632,0.2245
2026-02-11T05:43:08+01:00,20830,4000010,307781,428893,1279658,1227705,190,755783,0.287632,0.2245
2026-02-11T05:43:13+01:00,20835,4000011,307781,428869,1279329,1227705,261,756066,0.287632,0.2246
2026-02-11T05:43:18+01:00,20840,4000008,307781,428869,1278981,1227841,178,756358,0.287632,0.2246
2026-02-11T05:43:23+01:00,20845,4000006,307781,428869,1278609,1228021,88,756638,0.287632,0.2246
2026-02-11T05:43:27+01:00,20850,4000007,307499,429064,1278315,1228026,233,756870,0.287632,0.2227
2026-02-11T05:43:32+01:00,20855,4000009,307123,429258,1278128,1228099,244,757157,0.287632,0.2204
2026-02-11T05:43:37+01:00,20860,4000008,307116,429010,1278015,1228098,317,757452,0.285935,0.2211
2026-02-11T05:43:42+01:00,20865,4000033,307116,428915,1277347,1228336,322,757997,0.285935,0.2214
2026-02-11T05:43:47+01:00,20870,4000015,307116,428915,1275939,1228855,422,758768,0.285935,0.2214
2026-02-11T05:43:52+01:00,20875,4000012,307116,428859,1274655,1229409,483,759490,0.285935,0.2216
2026-02-11T05:43:57+01:00,20880,4000027,307116,428827,1272855,1231125,0,760104,0.285935,0.2217
2026-02-11T05:44:02+01:00,20885,4000019,307116,428827,1271433,1231601,401,760641,0.285935,0.2217
2026-02-11T05:44:07+01:00,20890,4000014,307116,428827,1269965,1232765,0,761341,0.285935,0.2217
2026-02-11T05:44:12+01:00,20895,4000032,307116,428823,1268422,1233623,386,761662,0.285935,0.2217
2026-02-11T05:44:17+01:00,20900,4000028,307116,428823,1266970,1234267,455,762397,0.285935,0.2217
2026-02-11T05:44:23+01:00,20905,4000035,307116,428799,1265789,1234784,287,763260,0.285935,0.2218
2026-02-11T05:44:28+01:00,20910,4000032,307116,428799,1264495,1235362,224,764036,0.285935,0.2218
2026-02-11T05:44:33+01:00,20915,4000027,307116,428799,1263001,1236348,0,764763,0.285935,0.2218
2026-02-11T05:44:38+01:00,20920,4000036,307116,428799,1261518,1237088,177,765338,0.285935,0.2218
2026-02-11T05:44:43+01:00,20925,4000009,307116,428799,1260254,1237476,411,765953,0.285935,0.2218
2026-02-11T05:44:48+01:00,20930,4000009,307116,428793,1259926,1237476,431,766267,0.285935,0.2218
2026-02-11T05:44:52+01:00,20935,4000005,307116,428787,1259596,1237567,374,766565,0.285935,0.2219
2026-02-11T05:44:57+01:00,20940,4000005,307116,428787,1259217,1237904,156,766825,0.285935,0.2219
2026-02-11T05:45:03+01:00,20945,4000008,307116,428787,1258893,1237943,184,767085,0.285935,0.2219
2026-02-11T05:45:07+01:00,20950,4000004,307116,428787,1258531,1238050,137,767383,0.285935,0.2219
2026-02-11T05:45:12+01:00,20955,4000008,307116,428787,1258168,1238094,244,767599,0.285935,0.2219
2026-02-11T05:45:17+01:00,20960,4000008,307116,428787,1257816,1238165,247,767877,0.285935,0.2219
2026-02-11T05:45:23+01:00,20965,4000010,307116,428763,1257504,1238158,316,768153,0.285935,0.2219
2026-02-11T05:45:28+01:00,20970,4000009,307116,428739,1257178,1238158,387,768431,0.285935,0.2220
2026-02-11T05:45:32+01:00,20975,4000005,307116,428739,1256835,1238237,303,768775,0.285935,0.2220
2026-02-11T05:45:37+01:00,20980,4000008,307116,428739,1256444,1238490,174,769045,0.285935,0.2220
2026-02-11T05:45:42+01:00,20985,4000005,307116,428715,1256123,1238568,166,769317,0.285935,0.2221
2026-02-11T05:45:47+01:00,20990,4000005,307116,428715,1255690,1238870,63,769551,0.285935,0.2221
2026-02-11T05:45:52+01:00,20995,4000005,307116,428715,1255225,1239181,79,769689,0.285935,0.2221
2026-02-11T05:45:57+01:00,21000,4000009,307116,428715,1254905,1239182,191,769900,0.285935,0.2221
2026-02-11T05:46:02+01:00,21005,4000006,307116,428715,1254548,1239173,296,770158,0.285935,0.2221
2026-02-11T05:46:07+01:00,21010,4000028,307116,428715,1253545,1239902,23,770727,0.285935,0.2221
2026-02-11T05:46:13+01:00,21015,4000017,307116,428715,1251561,1241604,190,770831,0.285935,0.2221
2026-02-11T05:46:18+01:00,21020,4000036,307116,428709,1249664,1243272,185,771090,0.285935,0.2221
2026-02-11T05:46:23+01:00,21025,4000024,307116,428709,1248285,1243620,406,771888,0.285935,0.2221
2026-02-11T05:46:28+01:00,21030,4000028,307116,428709,1246870,1244260,388,772685,0.285935,0.2221
2026-02-11T05:46:33+01:00,21035,4000026,307116,428709,1245549,1244796,383,773473,0.285935,0.2221
2026-02-11T05:46:37+01:00,21040,4000026,307116,428709,1244205,1245122,606,774268,0.285935,0.2221
2026-02-11T05:46:42+01:00,21045,4000026,307116,428685,1242746,1246238,0,775241,0.285935,0.2222
2026-02-11T05:46:47+01:00,21050,4000028,307116,428685,1241105,1247043,498,775581,0.285935,0.2222
2026-02-11T05:46:52+01:00,21055,4000026,307116,428685,1239659,1247696,484,776386,0.285935,0.2222
2026-02-11T05:46:57+01:00,21060,4000026,307116,428685,1238031,1248904,129,777161,0.285935,0.2222
2026-02-11T05:47:02+01:00,21065,4000023,307116,428679,1236699,1249506,126,777897,0.285935,0.2222
2026-02-11T05:47:07+01:00,21070,4000027,307116,428673,1235055,1250609,348,778226,0.285935,0.2222
2026-02-11T05:47:12+01:00,21075,4000018,307116,428673,1233802,1250955,486,778986,0.285935,0.2222
2026-02-11T05:47:18+01:00,21080,4000020,307116,428649,1232265,1252221,264,779505,0.285935,0.2223
2026-02-11T05:47:23+01:00,21085,4000020,306844,428916,1230984,1252689,289,780298,0.285241,0.2202
2026-02-11T05:47:28+01:00,21090,4000033,306844,428644,1229851,1253165,435,781094,0.285241,0.2211
2026-02-11T05:47:33+01:00,21095,4000001,306844,428644,1228192,1254376,43,781902,0.285241,0.2211
2026-02-11T05:47:37+01:00,21100,4000024,306844,428644,1226697,1255238,85,782516,0.285241,0.2211
2026-02-11T05:47:42+01:00,21105,4000024,305954,429234,1225425,1256760,50,782601,0.282971,0.2151
2026-02-11T05:47:47+01:00,21110,4000026,305954,429234,1223835,1257748,293,782962,0.282971,0.2151
2026-02-11T05:47:52+01:00,21115,4000025,305954,429234,1222565,1258236,230,783806,0.282971,0.2151
2026-02-11T05:47:58+01:00,21120,4000038,305954,429217,1221321,1258420,389,784737,0.282971,0.2152
2026-02-11T05:48:03+01:00,21125,4000029,305954,428627,1220564,1258709,575,785600,0.282971,0.2171
2026-02-11T05:48:08+01:00,21130,4000015,305954,428604,1219282,1259442,91,786642,0.282971,0.2172
2026-02-11T05:48:13+01:00,21135,4000020,305954,428604,1217757,1260299,252,787154,0.282971,0.2172
2026-02-11T05:48:17+01:00,21140,4000014,305954,428604,1216487,1260730,325,787914,0.282971,0.2172
2026-02-11T05:48:23+01:00,21145,4000014,305954,428587,1215139,1261396,227,788711,0.282971,0.2172
2026-02-11T05:48:27+01:00,21150,4000015,305954,428587,1213771,1261843,393,789467,0.282971,0.2172
2026-02-11T05:48:32+01:00,21155,4000031,305954,428587,1212413,1262431,320,790326,0.282971,0.2172
2026-02-11T05:48:37+01:00,21160,4000024,305954,428587,1211024,1262862,517,791080,0.282971,0.2172
2026-02-11T05:48:42+01:00,21165,4000035,305954,428587,1209293,1264552,14,791635,0.282971,0.2172
2026-02-11T05:48:48+01:00,21170,4000008,305954,428587,1208528,1264496,425,792018,0.282971,0.2172
2026-02-11T05:48:53+01:00,21175,4000009,305954,428587,1208183,1264569,378,792338,0.282971,0.2172
2026-02-11T05:48:58+01:00,21180,4000010,305954,428587,1207863,1264561,443,792602,0.282971,0.2172
2026-02-11T05:49:03+01:00,21185,4000010,305954,428587,1207522,1264561,475,792911,0.282971,0.2172
2026-02-11T05:49:08+01:00,21190,4000010,305954,428587,1207186,1264635,436,793212,0.282971,0.2172
2026-02-11T05:49:13+01:00,21195,4000010,305954,428587,1206821,1264626,509,793513,0.282971,0.2172
2026-02-11T05:49:17+01:00,21200,4000009,305954,428587,1206475,1264625,509,793859,0.282971,0.2172
2026-02-11T05:49:22+01:00,21205,4000005,305954,428587,1206139,1264698,489,794138,0.282971,0.2172
2026-02-11T05:49:27+01:00,21210,4000032,305950,428590,1205319,1265212,340,794621,0.282961,0.2172
2026-02-11T05:49:32+01:00,21215,4000027,305950,428588,1203888,1265868,340,795393,0.282961,0.2172
2026-02-11T05:49:37+01:00,21220,4000027,305893,428645,1202191,1267301,0,795997,0.282815,0.2167
2026-02-11T05:49:42+01:00,21225,4000024,305893,428645,1200590,1268063,836,795997,0.282815,0.2167
2026-02-11T05:49:47+01:00,21230,4000016,305893,428588,1199174,1269054,296,797011,0.282815,0.2169
2026-02-11T05:49:53+01:00,21235,4000016,305893,428303,1197988,1269771,247,797814,0.282815,0.2179
2026-02-11T05:49:58+01:00,21240,4000017,305893,428303,1196484,1270585,194,798558,0.282815,0.2179
2026-02-11T05:50:03+01:00,21245,4000035,305893,428303,1194629,1272202,0,799008,0.282815,0.2179
2026-02-11T05:50:08+01:00,21250,4000034,305893,428303,1193264,1272581,335,799658,0.282815,0.2179
2026-02-11T05:50:13+01:00,21255,4000039,305889,428303,1191989,1272851,480,800527,0.282805,0.2178
2026-02-11T05:50:18+01:00,21260,4000004,305889,428303,1190492,1273669,133,801518,0.282805,0.2178
2026-02-11T05:50:23+01:00,21265,4000029,305889,428303,1189176,1274168,465,802028,0.282805,0.2178
2026-02-11T05:50:28+01:00,21270,4000018,305889,428303,1187788,1274872,369,802797,0.282805,0.2178
2026-02-11T05:50:32+01:00,21275,4000015,305889,427797,1187046,1275401,338,803544,0.282805,0.2195
2026-02-11T05:50:37+01:00,21280,4000014,305889,427510,1185969,1276044,269,804333,0.282805,0.2204
2026-02-11T05:50:42+01:00,21285,4000014,305889,427510,1184698,1276332,491,805094,0.282805,0.2204
2026-02-11T05:50:47+01:00,21290,4000017,305889,427493,1183455,1276726,330,806124,0.282805,0.2205
2026-02-11T05:50:52+01:00,21295,4000033,305888,427477,1181983,1277735,111,806839,0.282803,0.2205
2026-02-11T05:50:57+01:00,21300,4000016,305888,427460,1180734,1278161,89,807684,0.282803,0.2206
2026-02-11T05:51:02+01:00,21305,4000016,305382,427973,1179116,1279312,184,808049,0.282803,0.2166
2026-02-11T05:51:07+01:00,21310,4000024,304892,427686,1178601,1279622,434,808789,0.280262,0.2153
2026-02-11T05:51:12+01:00,21315,4000027,304892,427459,1177436,1280532,168,809540,0.280262,0.2160
2026-02-11T05:51:17+01:00,21320,4000036,304892,427459,1175983,1281515,13,810174,0.280262,0.2160
2026-02-11T05:51:22+01:00,21325,4000030,304892,427459,1174593,1281888,363,810835,0.280262,0.2160
2026-02-11T05:51:27+01:00,21330,4000015,304892,427459,1173701,1281918,546,811499,0.280262,0.2160
2026-02-11T05:51:32+01:00,21335,4000035,304892,427459,1172353,1282994,221,812116,0.280262,0.2160
2026-02-11T05:51:37+01:00,21340,4000028,304892,427459,1170884,1283704,266,812823,0.280262,0.2160
2026-02-11T05:51:42+01:00,21345,4000000,304892,427459,1169329,1284946,0,813374,0.280262,0.2160
2026-02-11T05:51:47+01:00,21350,4000026,304892,427459,1167724,1285952,625,813374,0.280262,0.2160
2026-02-11T05:51:53+01:00,21355,4000030,304892,427459,1166540,1286445,506,814188,0.280262,0.2160
2026-02-11T05:51:58+01:00,21360,4000034,304892,427439,1165500,1286629,581,814993,0.280262,0.2161
2026-02-11T05:52:03+01:00,21365,4000020,304892,427439,1164237,1287290,307,815855,0.280262,0.2161
2026-02-11T05:52:08+01:00,21370,4000035,304892,427439,1162795,1287825,424,816660,0.280262,0.2161
2026-02-11T05:52:13+01:00,21375,4000030,304892,427439,1161445,1288385,444,817425,0.280262,0.2161
2026-02-11T05:52:18+01:00,21380,4000025,304892,427439,1159986,1289060,446,818202,0.280262,0.2161
2026-02-11T05:52:22+01:00,21385,4000033,304892,427439,1158597,1289618,453,819034,0.280262,0.2161
2026-02-11T05:52:27+01:00,21390,4000029,304892,427439,1156882,1291219,110,819487,0.280262,0.2161
2026-02-11T05:52:32+01:00,21395,4000017,304892,427439,1155487,1292006,17,820176,0.280262,0.2161
2026-02-11T05:52:38+01:00,21400,4000022,304892,427439,1154110,1292454,369,820758,0.280262,0.2161
2026-02-11T05:52:42+01:00,21405,4000023,304892,427439,1152647,1293456,120,821469,0.280262,0.2161
2026-02-11T05:52:48+01:00,21410,4000030,304102,428229,1151197,1293952,465,822085,0.278247,0.2099
2026-02-11T05:52:52+01:00,21415,4000021,304102,428223,1149871,1294725,315,822785,0.278247,0.2099
2026-02-11T05:52:57+01:00,21420,4000028,304102,428223,1148608,1294943,400,823752,0.278247,0.2099
2026-02-11T05:53:03+01:00,21425,4000021,304102,428223,1147264,1295342,495,824595,0.278247,0.2099
2026-02-11T05:53:08+01:00,21430,4000005,304102,428223,1146318,1295943,151,825268,0.278247,0.2099
2026-02-11T05:53:13+01:00,21435,4000009,304102,428223,1145950,1296205,56,825473,0.278247,0.2099
2026-02-11T05:53:17+01:00,21440,4000010,304102,427949,1145878,1296206,196,825679,0.278247,0.2108
2026-02-11T05:53:22+01:00,21445,4000006,304102,427595,1145884,1296446,17,825962,0.278247,0.2119
2026-02-11T05:53:28+01:00,21450,4000011,304102,427433,1145673,1296650,110,826043,0.278247,0.2125
2026-02-11T05:53:32+01:00,21455,4000009,304102,427433,1145286,1296649,236,826303,0.278247,0.2125
2026-02-11T05:53:38+01:00,21460,4000011,304102,427433,1144914,1296879,100,826583,0.278247,0.2125
2026-02-11T05:53:43+01:00,21465,4000010,304102,427433,1144548,1296879,208,826840,0.278247,0.2125
2026-02-11T05:53:48+01:00,21470,4000017,304102,427433,1143829,1297298,87,827268,0.278247,0.2125
2026-02-11T05:53:53+01:00,21475,4000023,304102,427433,1142145,1298596,216,827531,0.278247,0.2125
2026-02-11T05:53:58+01:00,21480,4000004,304102,427433,1141015,1298994,234,828226,0.278247,0.2125
2026-02-11T05:54:03+01:00,21485,4000040,304102,427433,1139448,1300141,409,828507,0.278247,0.2125
2026-02-11T05:54:08+01:00,21490,4000035,304102,427433,1137788,1301739,0,828973,0.278247,0.2125
2026-02-11T05:54:13+01:00,21495,4000027,304102,427433,1136002,1303315,0,829175,0.278247,0.2125
2026-02-11T05:54:18+01:00,21500,4000028,304102,427433,1134430,1304190,131,829742,0.278247,0.2125
2026-02-11T05:54:22+01:00,21505,4000013,304102,427433,1132664,1305635,151,830028,0.278247,0.2125
2026-02-11T05:54:27+01:00,21510,4000016,304102,427433,1131347,1306161,163,830810,0.278247,0.2125
2026-02-11T05:54:32+01:00,21515,4000027,304102,427433,1129816,1307204,219,831253,0.278247,0.2125
2026-02-11T05:54:37+01:00,21520,4000023,304102,427433,1128530,1307489,402,832067,0.278247,0.2125
2026-02-11T05:54:42+01:00,21525,4000026,304102,427433,1127225,1308048,342,832876,0.278247,0.2125
2026-02-11T05:54:47+01:00,21530,4000029,304102,427433,1125850,1308392,616,833636,0.278247,0.2125
2026-02-11T05:54:52+01:00,21535,4000014,304102,427433,1124280,1309426,365,834408,0.278247,0.2125
2026-02-11T05:54:58+01:00,21540,4000009,304102,427433,1123846,1309488,368,834772,0.278247,0.2125
2026-02-11T05:55:03+01:00,21545,4000012,304102,427433,1123496,1309633,226,835122,0.278247,0.2125
2026-02-11T05:55:07+01:00,21550,4000006,304102,427433,1123154,1309692,233,835392,0.278247,0.2125
2026-02-11T05:55:13+01:00,21555,4000011,304102,427433,1122865,1309702,281,835628,0.278247,0.2125
2026-02-11T05:55:18+01:00,21560,4000012,304102,427433,1122501,1309702,359,835915,0.278247,0.2125
2026-02-11T05:55:23+01:00,21565,4000005,304102,427433,1122126,1309720,402,836222,0.278247,0.2125
2026-02-11T05:55:27+01:00,21570,4000006,304102,427433,1121762,1309769,424,836516,0.278247,0.2125
2026-02-11T05:55:33+01:00,21575,4000008,304102,427433,1121420,1309769,429,836855,0.278247,0.2125
2026-02-11T05:55:37+01:00,21580,4000023,304102,427433,1120279,1310630,89,837490,0.278247,0.2125
2026-02-11T05:55:42+01:00,21585,4000013,304048,427487,1118961,1311006,353,838158,0.278109,0.2120
2026-02-11T05:55:47+01:00,21590,4000027,304048,427487,1117417,1311736,396,838943,0.278109,0.2120
2026-02-11T05:55:52+01:00,21595,4000035,304048,427487,1116158,1311952,630,839760,0.278109,0.2120
2026-02-11T05:55:58+01:00,21600,4000036,303957,427433,1115112,1312149,674,840711,0.277877,0.2118
2026-02-11T05:56:03+01:00,21605,4000022,303957,427433,1113711,1312776,390,841755,0.277877,0.2118
2026-02-11T05:56:08+01:00,21610,4000016,303896,427494,1112329,1313540,213,842544,0.277721,0.2113
2026-02-11T05:56:12+01:00,21615,4000035,303867,427523,1111079,1313928,421,843217,0.277647,0.2111
2026-02-11T05:56:18+01:00,21620,4000034,303841,427459,1109848,1314570,241,844075,0.277581,0.2112
2026-02-11T05:56:22+01:00,21625,4000025,302926,428139,1108677,1315407,50,844826,0.275247,0.2047
2026-02-11T05:56:28+01:00,21630,4000030,302926,427906,1107642,1315651,501,845404,0.275247,0.2055
2026-02-11T05:56:32+01:00,21635,4000024,302926,427842,1106351,1316161,525,846219,0.275247,0.2057
2026-02-11T05:56:38+01:00,21640,4000021,302926,427842,1104912,1317256,3,847082,0.275247,0.2057
2026-02-11T05:56:43+01:00,21645,4000028,302926,427842,1103319,1318085,385,847471,0.275247,0.2057
2026-02-11T05:56:48+01:00,21650,4000003,302926,427658,1102096,1318586,467,848270,0.275247,0.2063
2026-02-11T05:56:53+01:00,21655,4000010,302926,427658,1101750,1318637,421,848618,0.275247,0.2063
2026-02-11T05:56:58+01:00,21660,4000009,302926,427594,1101443,1318734,416,848896,0.275247,0.2065
2026-02-11T05:57:02+01:00,21665,4000009,302926,427550,1101167,1318728,484,849154,0.275247,0.2066
2026-02-11T05:57:07+01:00,21670,4000008,302926,427530,1100845,1318728,485,849494,0.275247,0.2067
2026-02-11T05:57:12+01:00,21675,4000008,302926,427530,1100482,1318819,479,849772,0.275247,0.2067
2026-02-11T05:57:17+01:00,21680,4000010,302926,427433,1100209,1318814,494,850134,0.275247,0.2070
2026-02-11T05:57:22+01:00,21685,4000006,302926,427433,1099835,1318920,454,850438,0.275247,0.2070
2026-02-11T05:57:27+01:00,21690,4000006,302926,427433,1099493,1318977,466,850711,0.275247,0.2070
2026-02-11T05:57:32+01:00,21695,4000004,302926,427433,1099155,1318993,439,851058,0.275247,0.2070
2026-02-11T05:57:37+01:00,21700,4000011,302926,427433,1098795,1319044,465,851348,0.275247,0.2070
2026-02-11T05:57:42+01:00,21705,4000010,302926,427433,1098447,1319043,534,851627,0.275247,0.2070
2026-02-11T05:57:48+01:00,21710,4000010,302926,427433,1098096,1319111,458,851986,0.275247,0.2070
2026-02-11T05:57:53+01:00,21715,4000011,302926,427433,1097735,1319112,537,852268,0.275247,0.2070
2026-02-11T05:57:58+01:00,21720,4000011,302926,427433,1097345,1319112,537,852658,0.275247,0.2070
2026-02-11T05:58:03+01:00,21725,4000010,302926,427433,1096987,1319171,544,852949,0.275247,0.2070
2026-02-11T05:58:07+01:00,21730,4000008,302894,427465,1096624,1319171,578,853276,0.275165,0.2068
2026-02-11T05:58:12+01:00,21735,4000021,302894,427465,1095645,1319580,534,853903,0.275165,0.2068
2026-02-11T05:58:17+01:00,21740,4000014,302840,427519,1094379,1320025,323,854928,0.275027,0.2063
2026-02-11T05:58:22+01:00,21745,4000027,302680,427687,1093098,1320325,548,855689,0.274877,0.2050
2026-02-11T05:58:27+01:00,21750,4000027,301853,428445,1091854,1320856,267,856752,0.272510,0.1987
2026-02-11T05:58:32+01:00,21755,4000013,301853,428385,1090545,1321341,356,857533,0.272510,0.1988
2026-02-11T05:58:38+01:00,21760,4000016,301853,428385,1089150,1321981,325,858322,0.272510,0.1988
2026-02-11T05:58:43+01:00,21765,4000039,301853,428385,1087584,1322916,415,858886,0.272510,0.1988
2026-02-11T05:58:48+01:00,21770,4000025,301853,428385,1086218,1323334,439,859796,0.272510,0.1988
2026-02-11T05:58:53+01:00,21775,4000024,301853,428385,1085267,1323519,591,860409,0.272510,0.1988
2026-02-11T05:58:57+01:00,21780,4000020,301853,428383,1084350,1323717,581,861136,0.272510,0.1989
2026-02-11T05:59:03+01:00,21785,4000023,301853,428205,1083490,1324156,387,861932,0.272510,0.1994
2026-02-11T05:59:07+01:00,21790,4000019,301853,428205,1082549,1324344,457,862611,0.272510,0.1994
2026-02-11T05:59:13+01:00,21795,4000023,301853,428096,1081642,1324591,562,863279,0.272510,0.1998
2026-02-11T05:59:17+01:00,21800,4000018,301853,428042,1080726,1324822,542,864033,0.272510,0.2000
2026-02-11T05:59:22+01:00,21805,4000026,301853,428001,1079732,1325311,430,864699,0.272510,0.2001
2026-02-11T05:59:27+01:00,21810,4000023,301853,427940,1078822,1325510,535,865363,0.272510,0.2003
2026-02-11T05:59:33+01:00,21815,4000011,301853,427940,1077777,1325912,365,866164,0.272510,0.2003
2026-02-11T05:59:37+01:00,21820,4000019,301853,427889,1076833,1326415,205,866824,0.272510,0.2005
2026-02-11T05:59:43+01:00,21825,4000024,301853,427838,1075930,1326586,283,867534,0.272510,0.2007
2026-02-11T05:59:48+01:00,21830,4000015,301853,427787,1075039,1326869,307,868160,0.272510,0.2008
2026-02-11T05:59:53+01:00,21835,4000000,301853,427685,1074142,1327121,330,868869,0.272510,0.2012
2026-02-11T05:59:58+01:00,21840,4000023,301853,427685,1072979,1327416,385,869705,0.272510,0.2012
2026-02-11T06:00:03+01:00,21845,4000033,301827,427711,1071346,1328316,357,870476,0.272443,0.2010
2026-02-11T06:00:08+01:00,21850,4000029,301827,427711,1069778,1329418,282,871013,0.272443,0.2010
2026-02-11T06:00:12+01:00,21855,4000026,301827,427711,1068307,1329858,497,871826,0.272443,0.2010
2026-02-11T06:00:18+01:00,21860,4000027,301827,427660,1066799,1330656,474,872611,0.272443,0.2011
2026-02-11T06:00:22+01:00,21865,4000029,301772,427665,1065163,1332314,0,873115,0.272303,0.2009
2026-02-11T06:00:28+01:00,21870,4000028,301772,427665,1063660,1332849,408,873674,0.272303,0.2009
2026-02-11T06:00:33+01:00,21875,4000030,301643,427794,1062347,1333210,392,874644,0.271974,0.1998
2026-02-11T06:00:37+01:00,21880,4000033,301527,427860,1060988,1333592,663,875403,0.271678,0.1991
2026-02-11T06:00:42+01:00,21885,4000026,301527,427811,1059601,1334265,635,876187,0.271678,0.1992
2026-02-11T06:00:48+01:00,21890,4000020,301527,427811,1058345,1334499,626,877212,0.271678,0.1992
2026-02-11T06:00:53+01:00,21895,4000032,301527,427811,1056948,1334891,794,878061,0.271678,0.1992
2026-02-11T06:00:58+01:00,21900,4000038,301527,427762,1055664,1335507,563,879015,0.271678,0.1994
2026-02-11T06:01:03+01:00,21905,4000038,301498,427791,1054299,1335853,546,880051,0.271604,0.1991
2026-02-11T06:01:08+01:00,21910,4000009,301498,427742,1053582,1336141,520,880526,0.271604,0.1993
2026-02-11T06:01:12+01:00,21915,4000007,301298,427894,1053306,1336134,520,880855,0.271522,0.1979
2026-02-11T06:01:18+01:00,21920,4000009,301240,427816,1053101,1336133,592,881127,0.270946,0.1979
2026-02-11T06:01:23+01:00,21925,4000006,301143,427915,1052757,1336246,474,881471,0.270693,0.1971
2026-02-11T06:01:28+01:00,21930,4000009,301141,427915,1052433,1336272,506,881742,0.270693,0.1971
2026-02-11T06:01:32+01:00,21935,4000007,301141,427915,1052067,1336272,579,882033,0.270693,0.1971
2026-02-11T06:01:37+01:00,21940,4000010,301005,428053,1051716,1336348,504,882384,0.270693,0.1960
2026-02-11T06:01:42+01:00,21945,4000007,300657,428247,1051531,1336341,571,882660,0.270693,0.1937
2026-02-11T06:01:47+01:00,21950,4000009,300294,428596,1051180,1336341,571,883027,0.270693,0.1908
2026-02-11T06:01:53+01:00,21955,4000005,300219,428619,1050842,1336438,564,883323,0.268341,0.1903
2026-02-11T06:01:58+01:00,21960,4000010,300219,428570,1050542,1336438,565,883676,0.268341,0.1905
2026-02-11T06:02:03+01:00,21965,4000009,300219,428521,1050229,1336438,638,883964,0.268341,0.1907
2026-02-11T06:02:08+01:00,21970,4000011,300219,428521,1049881,1336519,549,884322,0.268341,0.1907
2026-02-11T06:02:12+01:00,21975,4000008,300219,428521,1049490,1336518,629,884631,0.268341,0.1907
2026-02-11T06:02:17+01:00,21980,4000010,300219,428521,1049116,1336518,629,885007,0.268341,0.1907
2026-02-11T06:02:22+01:00,21985,4000006,300219,428472,1048792,1336605,625,885293,0.268341,0.1908
2026-02-11T06:02:27+01:00,21990,4000029,300219,428177,1047858,1337015,613,886147,0.268341,0.1918
2026-02-11T06:02:32+01:00,21995,4000028,300219,428177,1046438,1337419,816,886959,0.268341,0.1918
2026-02-11T06:02:38+01:00,22000,4000028,300219,428128,1045156,1338303,282,887940,0.268341,0.1920
2026-02-11T06:02:42+01:00,22005,4000016,300219,428128,1043845,1338669,444,888711,0.268341,0.1920
2026-02-11T06:02:48+01:00,22010,4000035,300219,428079,1042612,1339166,486,889473,0.268341,0.1921
2026-02-11T06:02:53+01:00,22015,4000014,300219,428079,1041752,1339516,278,890170,0.268341,0.1921
2026-02-11T06:02:57+01:00,22020,4000022,300219,428079,1040887,1339716,450,890671,0.268341,0.1921
2026-02-11T06:03:03+01:00,22025,4000026,300219,428030,1039900,1339999,429,891449,0.268341,0.1923
2026-02-11T06:03:08+01:00,22030,4000023,300219,427799,1039193,1340166,538,892108,0.268341,0.1931
2026-02-11T06:03:12+01:00,22035,4000029,300219,427629,1038412,1340377,594,892798,0.268341,0.1936
2026-02-11T06:03:17+01:00,22040,4000011,300219,427618,1037338,1340992,267,893577,0.268341,0.1937
2026-02-11T06:03:22+01:00,22045,4000013,300219,427573,1036447,1341255,303,894216,0.268341,0.1938
2026-02-11T06:03:28+01:00,22050,4000023,300219,427463,1035554,1341687,188,894912,0.268341,0.1942
2026-02-11T06:03:32+01:00,22055,4000011,300219,427058,1035016,1341812,417,895489,0.268341,0.1955
2026-02-11T06:03:37+01:00,22060,4000027,300214,427063,1033796,1342200,534,896220,0.268329,0.1955
2026-02-11T06:03:42+01:00,22065,4000026,299873,427405,1032537,1342440,573,897198,0.268262,0.1927
2026-02-11T06:03:48+01:00,22070,4000015,299321,427950,1031204,1342787,749,898004,0.266051,0.1883
2026-02-11T06:03:52+01:00,22075,4000015,299321,427907,1029898,1343332,526,899031,0.266051,0.1884
2026-02-11T06:03:58+01:00,22080,4000023,299321,427864,1028606,1343934,436,899862,0.266051,0.1886
2026-02-11T06:04:02+01:00,22085,4000016,299321,427821,1027346,1344322,355,900851,0.266051,0.1887
2026-02-11T06:04:07+01:00,22090,4000024,299321,427821,1025915,1344827,522,901618,0.266051,0.1887
2026-02-11T06:04:12+01:00,22095,4000027,299321,427768,1024573,1345469,243,902653,0.266051,0.1889
2026-02-11T06:04:17+01:00,22100,4000028,299321,427768,1023240,1346021,210,903468,0.266051,0.1889
2026-02-11T06:04:22+01:00,22105,4000023,299321,427768,1021726,1346801,430,903977,0.266051,0.1889
2026-02-11T06:04:27+01:00,22110,4000035,299321,427768,1020286,1347489,390,904781,0.266051,0.1889
2026-02-11T06:04:33+01:00,22115,4000025,299321,427768,1018973,1348046,192,905725,0.266051,0.1889
2026-02-11T06:04:38+01:00,22120,4000032,299321,427768,1017695,1348298,341,906609,0.266051,0.1889
2026-02-11T06:04:43+01:00,22125,4000033,299321,427768,1016350,1348867,277,907450,0.266051,0.1889
2026-02-11T06:04:48+01:00,22130,4000034,299321,427768,1014962,1349274,513,908196,0.266051,0.1889
2026-02-11T06:04:53+01:00,22135,4000035,299321,427768,1013654,1349843,212,909237,0.266051,0.1889
2026-02-11T06:04:58+01:00,22140,4000041,299321,427768,1012330,1350142,475,910005,0.266051,0.1889
2026-02-11T06:05:03+01:00,22145,4000040,299321,427768,1010794,1351208,293,910656,0.266051,0.1889
2026-02-11T06:05:08+01:00,22150,4000015,299321,427768,1009482,1351860,242,911342,0.266051,0.1889
2026-02-11T06:05:13+01:00,22155,4000008,299321,427768,1009149,1351860,313,911597,0.266051,0.1889
2026-02-11T06:05:17+01:00,22160,4000009,299321,427768,1008837,1351860,322,911901,0.266051,0.1889
2026-02-11T06:05:22+01:00,22165,4000010,299321,427768,1008497,1351924,320,912180,0.266051,0.1889
2026-02-11T06:05:28+01:00,22170,4000009,299321,427768,1008156,1351924,388,912452,0.266051,0.1889
2026-02-11T06:05:33+01:00,22175,4000011,299296,427793,1007785,1351924,467,912746,0.265987,0.1887
2026-02-11T06:05:37+01:00,22180,4000008,298938,428153,1007416,1351998,385,913118,0.265987,0.1858
2026-02-11T06:05:42+01:00,22185,4000011,298562,428530,1007041,1351998,463,913417,0.265987,0.1827
2026-02-11T06:05:47+01:00,22190,4000018,298442,428647,1006619,1352036,465,913809,0.263808,0.1818
2026-02-11T06:05:53+01:00,22195,4000030,298442,428605,1005164,1353121,184,914514,0.263808,0.1819
2026-02-11T06:05:58+01:00,22200,4000027,298442,428605,1003621,1354080,390,914889,0.263808,0.1819
2026-02-11T06:06:02+01:00,22205,4000013,298442,428605,1002357,1354328,612,915669,0.263808,0.1819
2026-02-11T06:06:07+01:00,22210,4000015,298442,428605,1001070,1354854,352,916692,0.263808,0.1819
2026-02-11T06:06:12+01:00,22215,4000030,298442,428587,999783,1355394,350,917474,0.263808,0.1820
2026-02-11T06:06:17+01:00,22220,4000024,298442,428587,998497,1356028,228,918242,0.263808,0.1820
2026-02-11T06:06:22+01:00,22225,4000016,298442,428587,997211,1356363,407,919006,0.263808,0.1820
2026-02-11T06:06:27+01:00,22230,4000020,298442,428587,995939,1356683,380,919989,0.263808,0.1820
2026-02-11T06:06:32+01:00,22235,4000028,298442,428587,994541,1357081,555,920822,0.263808,0.1820
2026-02-11T06:06:38+01:00,22240,4000032,298442,428587,993266,1357598,253,921886,0.263808,0.1820
2026-02-11T06:06:43+01:00,22245,4000009,298442,428587,992439,1357720,339,922482,0.263808,0.1820
2026-02-11T06:06:47+01:00,22250,4000012,298442,428385,992287,1357882,262,922754,0.263808,0.1826
2026-02-11T06:06:52+01:00,22255,4000007,298442,428043,992288,1357953,258,923023,0.263808,0.1838
2026-02-11T06:06:57+01:00,22260,4000008,298442,427834,992157,1357947,329,923299,0.263808,0.1845
2026-02-11T06:07:02+01:00,22265,4000008,298442,427837,991788,1358064,324,923553,0.263808,0.1845
2026-02-11T06:07:07+01:00,22270,4000009,298237,428042,991422,1358065,400,923843,0.263745,0.1828
2026-02-11T06:07:12+01:00,22275,4000009,297882,428397,991073,1358059,400,924198,0.263745,0.1799
2026-02-11T06:07:17+01:00,22280,4000009,297528,428748,990711,1358208,324,924490,0.261477,0.1770
2026-02-11T06:07:22+01:00,22285,4000009,297528,428748,990381,1358273,319,924760,0.261477,0.1770
2026-02-11T06:07:27+01:00,22290,4000009,297528,428748,990032,1358273,388,925040,0.261477,0.1770
2026-02-11T06:07:32+01:00,22295,4000008,297528,428748,989683,1358273,427,925349,0.261477,0.1770
2026-02-11T06:07:37+01:00,22300,4000010,297528,428748,989309,1358362,385,925678,0.261477,0.1770
2026-02-11T06:07:42+01:00,22305,4000011,297528,428401,989300,1358361,448,925973,0.261477,0.1782
2026-02-11T06:07:47+01:00,22310,4000010,297528,428015,989299,1358442,446,926280,0.261477,0.1795
2026-02-11T06:07:53+01:00,22315,4000009,297528,427806,989137,1358515,366,926657,0.261477,0.1802
2026-02-11T06:07:57+01:00,22320,4000009,297528,427806,988773,1358515,440,926947,0.261477,0.1802
2026-02-11T06:08:03+01:00,22325,4000037,297528,427806,988051,1358556,578,927518,0.261477,0.1802
2026-02-11T06:08:08+01:00,22330,4000029,297528,427806,986657,1358924,746,928368,0.261477,0.1802
2026-02-11T06:08:13+01:00,22335,4000031,297528,427806,985145,1360250,24,929278,0.261477,0.1802
2026-02-11T06:08:18+01:00,22340,4000034,297528,427806,983734,1360624,428,929914,0.261477,0.1802
2026-02-11T06:08:23+01:00,22345,4000040,297528,427806,982255,1361369,356,930726,0.261477,0.1802
2026-02-11T06:08:28+01:00,22350,4000035,297528,427806,980883,1361771,457,931590,0.261477,0.1802
2026-02-11T06:08:33+01:00,22355,4000033,297528,427806,979519,1362327,301,932552,0.261477,0.1802
2026-02-11T06:08:38+01:00,22360,4000020,297528,427806,978197,1362802,355,933332,0.261477,0.1802
2026-02-11T06:08:43+01:00,22365,4000032,297528,427806,976674,1363671,263,934090,0.261477,0.1802
2026-02-11T06:08:48+01:00,22370,4000038,297528,427806,975412,1363879,529,934884,0.261477,0.1802
2026-02-11T06:08:53+01:00,22375,4000039,297503,427831,974084,1364474,203,935944,0.261413,0.1800
2026-02-11T06:08:58+01:00,22380,4000014,297503,427831,972694,1364884,415,936687,0.261413,0.1800
2026-02-11T06:09:03+01:00,22385,4000020,297503,427831,971332,1365540,289,937525,0.261413,0.1800
2026-02-11T06:09:08+01:00,22390,4000036,297503,427831,970033,1365954,437,938278,0.261413,0.1800
2026-02-11T06:09:13+01:00,22395,4000036,297503,427831,968664,1366569,405,939064,0.261413,0.1800
2026-02-11T06:09:18+01:00,22400,4000034,297503,427831,967327,1367172,374,939827,0.261413,0.1800
2026-02-11T06:09:23+01:00,22405,4000044,297462,427872,965981,1367501,626,940602,0.261308,0.1796
2026-02-11T06:09:28+01:00,22410,4000037,297443,427891,964733,1367700,651,941619,0.261260,0.1795
2026-02-11T06:09:33+01:00,22415,4000031,297393,427941,963192,1368637,448,942420,0.261132,0.1791
2026-02-11T06:09:38+01:00,22420,4000040,297368,427966,961680,1369760,56,943210,0.261069,0.1789
2026-02-11T06:09:43+01:00,22425,4000036,297337,427997,960251,1370186,541,943724,0.260990,0.1786
2026-02-11T06:09:48+01:00,22430,4000028,297312,428022,958968,1370442,648,944636,0.260926,0.1784
2026-02-11T06:09:53+01:00,22435,4000038,297287,427974,957713,1371067,444,945553,0.260862,0.1784
2026-02-11T06:09:58+01:00,22440,4000039,297262,427999,956435,1371752,427,946164,0.260774,0.1782
2026-02-11T06:10:03+01:00,22445,4000019,297024,428237,955189,1372197,205,947167,0.260191,0.1763
2026-02-11T06:10:08+01:00,22450,4000036,297024,428237,953756,1372646,430,947943,0.260191,0.1763
2026-02-11T06:10:13+01:00,22455,4000022,296999,428214,952471,1373221,400,948717,0.260127,0.1762
2026-02-11T06:10:17+01:00,22460,4000035,296763,428460,950968,1373983,378,949483,0.260064,0.1743
2026-02-11T06:10:22+01:00,22465,4000029,296407,428806,949474,1374982,180,950180,0.258617,0.1714
2026-02-11T06:10:27+01:00,22470,4000026,296407,428275,948548,1376095,56,950645,0.258617,0.1731
2026-02-11T06:10:32+01:00,22475,4000027,296407,428275,946939,1377325,155,950926,0.258617,0.1731
2026-02-11T06:10:37+01:00,22480,4000027,296407,428275,945681,1377564,301,951799,0.258617,0.1731
2026-02-11T06:10:42+01:00,22485,4000012,296407,428275,944241,1378119,366,952604,0.258617,0.1731
2026-02-11T06:10:47+01:00,22490,4000008,296407,428275,943863,1378186,373,952904,0.258617,0.1731
2026-02-11T06:10:52+01:00,22495,4000008,296407,428275,943523,1378186,409,953208,0.258617,0.1731
2026-02-11T06:10:58+01:00,22500,4000009,296407,428275,943189,1378324,305,953509,0.258617,0.1731
2026-02-11T06:11:03+01:00,22505,4000011,296407,428275,942867,1378312,377,953773,0.258617,0.1731
2026-02-11T06:11:08+01:00,22510,4000006,296407,428275,942490,1378367,401,954066,0.258617,0.1731
2026-02-11T06:11:13+01:00,22515,4000009,296407,428275,942128,1378396,377,954426,0.258617,0.1731
2026-02-11T06:11:18+01:00,22520,4000010,296407,428275,941783,1378389,448,954708,0.258617,0.1731
2026-02-11T06:11:23+01:00,22525,4000009,296407,428275,941435,1378553,369,954970,0.258617,0.1731
2026-02-11T06:11:28+01:00,22530,4000009,296407,428275,941087,1378553,404,955283,0.258617,0.1731
2026-02-11T06:11:33+01:00,22535,4000008,296407,428275,940736,1378622,364,955604,0.258617,0.1731
2026-02-11T06:11:38+01:00,22540,4000008,296407,428275,940395,1378622,431,955878,0.258617,0.1731
2026-02-11T06:11:42+01:00,22545,4000009,296407,428275,940055,1378622,493,956157,0.258617,0.1731
2026-02-11T06:11:47+01:00,22550,4000008,296407,428275,939692,1378690,397,956547,0.258617,0.1731
2026-02-11T06:11:52+01:00,22555,4000010,296407,428275,939316,1378691,474,956847,0.258617,0.1731
2026-02-11T06:11:57+01:00,22560,4000009,296407,428275,938965,1378831,388,957143,0.258617,0.1731
2026-02-11T06:12:02+01:00,22565,4000008,296382,428300,938625,1378907,312,957482,0.258553,0.1729
2026-02-11T06:12:08+01:00,22570,4000019,296360,428322,937314,1379331,501,958191,0.258497,0.1728
2026-02-11T06:12:13+01:00,22575,4000048,296355,427217,937134,1380376,104,958862,0.258485,0.1765
2026-02-11T06:12:18+01:00,22580,4000043,296355,427214,935605,1381113,456,959300,0.258485,0.1765
2026-02-11T06:12:23+01:00,22585,4000038,296350,427219,934319,1381362,496,960292,0.258472,0.1764
2026-02-11T06:12:28+01:00,22590,4000015,296343,427204,932800,1382608,6,961054,0.258454,0.1764
2026-02-11T06:12:33+01:00,22595,4000034,296338,427209,931230,1383543,180,961534,0.258441,0.1764
2026-02-11T06:12:38+01:00,22600,4000031,296324,427202,929847,1384184,130,962344,0.258405,0.1764
2026-02-11T06:12:43+01:00,22605,4000013,296324,427202,928728,1384507,322,962930,0.258405,0.1764
2026-02-11T06:12:48+01:00,22610,4000015,296324,427202,927568,1385400,91,963430,0.258405,0.1764
2026-02-11T06:12:53+01:00,22615,4000038,296319,427136,926490,1385862,311,963920,0.258393,0.1766
2026-02-11T06:12:58+01:00,22620,4000024,296319,427131,925529,1386077,308,964660,0.258393,0.1766
2026-02-11T06:13:03+01:00,22625,4000034,296314,427131,924502,1386350,487,965250,0.258380,0.1766
2026-02-11T06:13:07+01:00,22630,4000031,296314,426715,923920,1386600,474,966008,0.258380,0.1780
2026-02-11T06:13:12+01:00,22635,4000018,296314,426307,923376,1386997,280,966744,0.258380,0.1793
2026-02-11T06:13:18+01:00,22640,4000011,296309,426312,922453,1387029,569,967339,0.258367,0.1793
2026-02-11T06:13:22+01:00,22645,4000020,296309,426311,921513,1387369,398,968120,0.258367,0.1793
2026-02-11T06:13:27+01:00,22650,4000025,296304,426316,920480,1387870,365,968690,0.258354,0.1793
2026-02-11T06:13:33+01:00,22655,4000021,296294,426321,919478,1388307,143,969478,0.258329,0.1792
2026-02-11T06:13:37+01:00,22660,4000009,296294,426316,918541,1388390,411,970057,0.258329,0.1792
2026-02-11T06:13:42+01:00,22665,4000019,296294,426316,917463,1388972,330,970644,0.258329,0.1792
2026-02-11T06:13:48+01:00,22670,4000020,296284,426326,916483,1389178,439,971310,0.258303,0.1791
2026-02-11T06:13:52+01:00,22675,4000028,296277,426320,915335,1389696,324,972076,0.258286,0.1791
2026-02-11T06:13:58+01:00,22680,4000029,296277,426320,913970,1390316,283,972863,0.258286,0.1791
2026-02-11T06:14:02+01:00,22685,4000029,296277,426320,912906,1390981,109,973436,0.258286,0.1791
2026-02-11T06:14:07+01:00,22690,4000029,296277,426320,911461,1391402,391,974178,0.258286,0.1791
2026-02-11T06:14:13+01:00,22695,4000026,296273,426324,910194,1391634,508,975093,0.258275,0.1791
2026-02-11T06:14:17+01:00,22700,4000033,296273,426324,908925,1392156,354,976001,0.258275,0.1791
2026-02-11T06:14:23+01:00,22705,4000040,296273,426324,907600,1392470,595,976778,0.258275,0.1791
2026-02-11T06:14:28+01:00,22710,4000037,296268,426329,906312,1392748,621,977759,0.258263,0.1790
2026-02-11T06:14:33+01:00,22715,4000031,296268,426329,905075,1392970,777,978612,0.258263,0.1790
2026-02-11T06:14:38+01:00,22720,4000016,296262,426335,903946,1393355,475,979643,0.258247,0.1790
2026-02-11T06:14:43+01:00,22725,4000037,296252,426345,902682,1393839,491,980428,0.258222,0.1789
2026-02-11T06:14:47+01:00,22730,4000026,296081,426477,901315,1394866,20,981267,0.258178,0.1776
2026-02-11T06:14:53+01:00,22735,4000030,295677,426871,899952,1395390,406,981734,0.256755,0.1743
2026-02-11T06:14:57+01:00,22740,4000008,295677,426871,899086,1395789,374,982211,0.256755,0.1743
2026-02-11T06:15:02+01:00,22745,4000008,295677,426871,898756,1395782,440,982482,0.256755,0.1743
2026-02-11T06:15:07+01:00,22750,4000009,295677,426871,898421,1395783,440,982817,0.256755,0.1743
2026-02-11T06:15:12+01:00,22755,4000008,295677,426844,898106,1395861,433,983087,0.256755,0.1744
2026-02-11T06:15:17+01:00,22760,4000007,295677,426532,898088,1395855,503,983352,0.256755,0.1755
2026-02-11T06:15:23+01:00,22765,4000010,295677,426485,897761,1395856,503,983728,0.256755,0.1756
2026-02-11T06:15:28+01:00,22770,4000012,295677,426485,897391,1395947,501,984011,0.256755,0.1756
2026-02-11T06:15:32+01:00,22775,4000011,295677,426468,897076,1396016,445,984329,0.256755,0.1757
2026-02-11T06:15:38+01:00,22780,4000004,295677,426391,896788,1396055,460,984633,0.256755,0.1760
2026-02-11T06:15:42+01:00,22785,4000007,295677,426378,896459,1396160,422,984911,0.256755,0.1760
2026-02-11T06:15:47+01:00,22790,4000009,295677,426344,896141,1396154,440,985253,0.256755,0.1761
2026-02-11T06:15:53+01:00,22795,4000009,295677,426343,895781,1396231,417,985560,0.256755,0.1761
2026-02-11T06:15:57+01:00,22800,4000007,295677,426343,895424,1396299,422,985842,0.256755,0.1761
2026-02-11T06:16:03+01:00,22805,4000008,295677,426343,895042,1396289,489,986168,0.256755,0.1761
2026-02-11T06:16:08+01:00,22810,4000005,295677,426343,894667,1396375,408,986535,0.256755,0.1761
2026-02-11T06:16:12+01:00,22815,4000010,295677,426343,894347,1396389,431,986823,0.256755,0.1761
2026-02-11T06:16:17+01:00,22820,4000009,295677,426343,893987,1396463,429,987110,0.256755,0.1761
2026-02-11T06:16:23+01:00,22825,4000010,295677,426343,893624,1396462,429,987475,0.256755,0.1761
2026-02-11T06:16:28+01:00,22830,4000012,295677,426343,893285,1396454,501,987752,0.256755,0.1761
2026-02-11T06:16:33+01:00,22835,4000011,295677,426343,892935,1396529,489,988038,0.256755,0.1761
2026-02-11T06:16:38+01:00,22840,4000010,295677,426343,892557,1396528,489,988416,0.256755,0.1761
2026-02-11T06:16:43+01:00,22845,4000010,295677,426343,892223,1396521,560,988686,0.256755,0.1761
2026-02-11T06:16:48+01:00,22850,4000010,295677,426343,891883,1396593,488,989026,0.256755,0.1761
2026-02-11T06:16:53+01:00,22855,4000008,295677,426343,891565,1396652,487,989284,0.256755,0.1761
2026-02-11T06:16:58+01:00,22860,4000012,295677,426343,890782,1396689,602,989919,0.256755,0.1761
2026-02-11T06:17:03+01:00,22865,4000027,295677,426343,889901,1396966,398,990742,0.256755,0.1761
2026-02-11T06:17:08+01:00,22870,4000028,295677,426343,888976,1397133,394,991505,0.256755,0.1761
2026-02-11T06:17:13+01:00,22875,4000019,295677,426343,887995,1397321,557,992126,0.256755,0.1761
2026-02-11T06:17:18+01:00,22880,4000027,295677,426343,887034,1397561,567,992845,0.256755,0.1761
2026-02-11T06:17:23+01:00,22885,4000027,295677,426343,886080,1397726,580,993621,0.256755,0.1761
2026-02-11T06:17:28+01:00,22890,4000026,295677,426343,885164,1397895,582,994365,0.256755,0.1761
2026-02-11T06:17:33+01:00,22895,4000031,295677,426343,884230,1398080,534,995167,0.256755,0.1761
2026-02-11T06:17:38+01:00,22900,4000013,295677,426343,883305,1398392,354,995942,0.256755,0.1761
2026-02-11T06:17:43+01:00,22905,4000024,295677,426343,882346,1398620,478,996560,0.256755,0.1761
2026-02-11T06:17:48+01:00,22910,4000015,295677,426343,881403,1398885,411,997296,0.256755,0.1761
2026-02-11T06:17:53+01:00,22915,4000027,295677,426343,880372,1399255,481,997899,0.256755,0.1761
2026-02-11T06:17:58+01:00,22920,4000024,295676,426343,879438,1399435,464,998668,0.256752,0.1761
2026-02-11T06:18:03+01:00,22925,4000021,295676,426343,878414,1399701,542,999345,0.256752,0.1761
2026-02-11T06:18:07+01:00,22930,4000020,295116,426908,877482,1399896,623,999995,0.256752,0.1715
2026-02-11T06:18:12+01:00,22935,4000022,294780,426790,876991,1400080,607,1000774,0.254467,0.1702
2026-02-11T06:18:17+01:00,22940,4000020,294780,426451,876400,1400244,590,1001555,0.254467,0.1714
2026-02-11T06:18:22+01:00,22945,4000022,294780,426451,875501,1400382,599,1002309,0.254467,0.1714
2026-02-11T06:18:28+01:00,22950,4000013,294780,426402,874629,1400332,785,1003085,0.254467,0.1715
2026-02-11T06:18:32+01:00,22955,4000011,294780,426402,873692,1400724,567,1003846,0.254467,0.1715
2026-02-11T06:18:38+01:00,22960,4000011,294780,426402,872788,1401129,302,1004610,0.254467,0.1715
2026-02-11T06:18:43+01:00,22965,4000024,294780,426402,871820,1401227,608,1005187,0.254467,0.1715
2026-02-11T06:18:48+01:00,22970,4000024,294780,426353,870939,1401402,588,1005962,0.254467,0.1717
2026-02-11T06:18:53+01:00,22975,4000024,294780,426343,869971,1401841,362,1006727,0.254467,0.1717
2026-02-11T06:18:57+01:00,22980,4000025,294780,426343,868918,1402532,126,1007326,0.254467,0.1717
2026-02-11T06:19:03+01:00,22985,4000018,294780,426343,867858,1403119,170,1007748,0.254467,0.1717
2026-02-11T06:19:08+01:00,22990,4000023,294780,426343,866910,1403230,459,1008301,0.254467,0.1717
2026-02-11T06:19:13+01:00,22995,4000014,294780,426327,865995,1403403,448,1009061,0.254467,0.1718
2026-02-11T06:19:18+01:00,23000,4000024,294780,426327,865042,1403597,583,1009695,0.254467,0.1718
2026-02-11T06:19:22+01:00,23005,4000019,294780,426327,864121,1403727,661,1010403,0.254467,0.1718
2026-02-11T06:19:28+01:00,23010,4000012,294780,426327,863113,1403966,655,1011171,0.254467,0.1718
2026-02-11T06:19:33+01:00,23015,4000012,294780,426327,862237,1403993,718,1011957,0.254467,0.1718
2026-02-11T06:19:38+01:00,23020,4000027,294780,426327,861297,1404047,849,1012727,0.254467,0.1718
2026-02-11T06:19:43+01:00,23025,4000026,294780,426327,860365,1404235,828,1013491,0.254467,0.1718
2026-02-11T06:19:48+01:00,23030,4000028,294780,426327,859402,1404415,819,1014285,0.254467,0.1718
2026-02-11T06:19:53+01:00,23035,4000015,294780,426327,858512,1404687,628,1015081,0.254467,0.1718
2026-02-11T06:19:58+01:00,23040,4000015,294780,426327,857751,1404713,599,1015845,0.254467,0.1718
2026-02-11T06:20:03+01:00,23045,4000019,294780,426327,856755,1405271,268,1016618,0.254467,0.1718
2026-02-11T06:20:08+01:00,23050,4000033,294780,426327,855404,1405690,445,1017387,0.254467,0.1718
2026-02-11T06:20:12+01:00,23055,4000027,293884,427197,854239,1405921,443,1018343,0.254467,0.1644
2026-02-11T06:20:18+01:00,23060,4000016,293796,427278,852804,1406672,310,1019156,0.251800,0.1637
2026-02-11T06:20:22+01:00,23065,4000006,293796,426631,852429,1406839,430,1019881,0.251711,0.1659
2026-02-11T06:20:28+01:00,23070,4000008,293796,426365,852353,1406852,420,1020222,0.251620,0.1668
2026-02-11T06:20:32+01:00,23075,4000009,293796,426365,852039,1406906,420,1020483,0.251529,0.1668
2026-02-11T06:20:37+01:00,23080,4000008,293796,426365,851700,1406906,436,1020805,0.251437,0.1668
2026-02-11T06:20:42+01:00,23085,4000008,293796,426365,851348,1406979,420,1021100,0.251347,0.1668
2026-02-11T06:20:48+01:00,23090,4000010,293796,426365,850974,1406970,499,1021406,0.251257,0.1668
2026-02-11T06:20:52+01:00,23095,4000009,293796,426365,850603,1406970,498,1021777,0.251167,0.1668
2026-02-11T06:20:58+01:00,23100,4000011,293796,426365,850243,1407041,492,1022074,0.251077,0.1668
2026-02-11T06:21:03+01:00,23105,4000020,293796,426365,849542,1407290,497,1022530,0.250985,0.1668
2026-02-11T06:21:08+01:00,23110,4000036,293796,426365,848472,1407440,596,1023367,0.250894,0.1668
2026-02-11T06:21:12+01:00,23115,4000027,293796,426365,847069,1407833,742,1024222,0.250804,0.1668
2026-02-11T06:21:18+01:00,23120,4000031,293796,426365,845787,1408384,503,1025196,0.250714,0.1668
2026-02-11T06:21:22+01:00,23125,4000016,293796,426365,844551,1408769,353,1026182,0.250622,0.1668
2026-02-11T06:21:28+01:00,23130,4000027,293796,426365,843138,1409283,461,1026984,0.250532,0.1668
2026-02-11T06:21:33+01:00,23135,4000034,293796,426365,841868,1409533,500,1027972,0.250441,0.1668
2026-02-11T06:21:38+01:00,23140,4000030,293796,426365,840620,1409732,712,1028805,0.250351,0.1668
2026-02-11T06:21:43+01:00,23145,4000005,293796,426365,839896,1409792,732,1029424,0.250259,0.1668
2026-02-11T06:21:48+01:00,23150,4000010,293796,426365,839556,1409892,629,1029772,0.250169,0.1668
2026-02-11T06:21:53+01:00,23155,4000010,293796,426365,839217,1409892,629,1030111,0.250078,0.1668
2026-02-11T06:21:58+01:00,23160,4000010,293796,426365,838852,1409995,625,1030377,0.249988,0.1668
2026-02-11T06:22:03+01:00,23165,4000012,293796,426365,838513,1409995,625,1030718,0.249899,0.1668
2026-02-11T06:22:08+01:00,23170,4000006,293796,426365,838137,1410009,683,1031016,0.249807,0.1668
2026-02-11T06:22:13+01:00,23175,4000012,293796,426365,837835,1410030,649,1031337,0.249718,0.1668
2026-02-11T06:22:18+01:00,23180,4000005,293796,426365,837468,1410078,669,1031629,0.249626,0.1668
2026-02-11T06:22:23+01:00,23185,4000033,293796,426365,836662,1410386,591,1032233,0.249536,0.1668
2026-02-11T06:22:28+01:00,23190,4000022,293796,426365,835390,1410690,571,1033210,0.249444,0.1668
2026-02-11T06:22:33+01:00,23195,4000024,293796,426365,834204,1410939,450,1034270,0.249356,0.1668
2026-02-11T06:22:38+01:00,23200,4000025,293796,426365,833258,1411110,439,1035057,0.249264,0.1668
2026-02-11T06:22:43+01:00,23205,4000024,293796,426365,832166,1411426,626,1035645,0.249173,0.1668
2026-02-11T06:22:48+01:00,23210,4000029,293796,426365,831269,1411577,587,1036435,0.249083,0.1668
2026-02-11T06:22:53+01:00,23215,4000031,293796,426365,830444,1411695,584,1037147,0.248991,0.1668
2026-02-11T06:22:58+01:00,23220,4000028,293796,426365,829486,1411884,574,1037923,0.248902,0.1668
2026-02-11T06:23:03+01:00,23225,4000028,293796,426365,828532,1412074,565,1038696,0.248812,0.1668
2026-02-11T06:23:08+01:00,23230,4000016,293796,426365,827590,1412224,576,1039465,0.248721,0.1668
2026-02-11T06:23:13+01:00,23235,4000012,293796,426365,826691,1412193,742,1040225,0.248631,0.1668
2026-02-11T06:23:18+01:00,23240,4000011,293796,426365,825712,1412722,420,1040996,0.248540,0.1668
2026-02-11T06:23:23+01:00,23245,4000025,293796,426365,824746,1412841,703,1041574,0.248450,0.1668
2026-02-11T06:23:28+01:00,23250,4000023,293796,426351,823818,1413023,710,1042325,0.248359,0.1669
2026-02-11T06:23:32+01:00,23255,4000022,293796,426351,822882,1413176,718,1043099,0.248269,0.1669
2026-02-11T06:23:38+01:00,23260,4000026,293796,426351,821915,1413359,709,1043896,0.248177,0.1669
2026-02-11T06:23:43+01:00,23265,4000038,293796,426351,820922,1413792,540,1044637,0.248088,0.1669
2026-02-11T06:23:48+01:00,23270,4000032,293796,426351,819720,1413941,559,1045665,0.247996,0.1669
2026-02-11T06:23:53+01:00,23275,4000005,293796,426351,818449,1414786,265,1046358,0.247907,0.1669
2026-02-11T06:23:58+01:00,23280,4000041,293796,426351,817066,1415184,544,1047100,0.247816,0.1669
2026-02-11T06:24:03+01:00,23285,4000034,293796,426351,815765,1415697,431,1047994,0.247726,0.1669
2026-02-11T06:24:08+01:00,23290,4000029,293796,426351,814556,1415852,565,1048909,0.247635,0.1669
2026-02-11T06:24:13+01:00,23295,4000030,293796,426351,813100,1416391,598,1049794,0.247544,0.1669
2026-02-11T06:24:18+01:00,23300,4000018,293796,426351,811752,1416726,637,1050756,0.247453,0.1669
2026-02-11T06:24:23+01:00,23305,4000019,293796,426351,810473,1417092,499,1051808,0.247363,0.1669
2026-02-11T06:24:28+01:00,23310,4000030,293796,426351,809263,1417568,403,1052649,0.247272,0.1669
2026-02-11T06:24:32+01:00,23315,4000033,293628,426519,808009,1417817,480,1053580,0.494393,0.1655
2026-02-11T06:24:37+01:00,23320,4000025,292330,427812,806729,1418611,182,1054361,0.488403,0.1546
2026-02-11T06:24:42+01:00,23325,4000027,291005,428667,805933,1418821,433,1055168,0.482318,0.1450
2026-02-11T06:24:47+01:00,23330,4000019,289696,429977,804686,1419025,639,1055996,0.468221,0.1338
2026-02-11T06:24:52+01:00,23335,4000007,288442,431227,803599,1419239,558,1056942,0.460155,0.1230
2026-02-11T06:24:57+01:00,23340,4000006,288099,431362,803482,1419298,484,1057281,0.460155,0.1208
2026-02-11T06:25:02+01:00,23345,4000009,287751,431359,803486,1419324,527,1057562,0.447822,0.1190
2026-02-11T06:25:07+01:00,23350,4000008,287411,431360,803486,1419324,544,1057883,0.447822,0.1172
2026-02-11T06:25:12+01:00,23355,4000008,287077,431361,803494,1419312,596,1058168,0.426219,0.1154
2026-02-11T06:25:17+01:00,23360,4000008,286704,431361,803494,1419384,587,1058478,0.426219,0.1135
2026-02-11T06:25:22+01:00,23365,4000008,286333,431361,803490,1419385,603,1058836,0.426219,0.1115
2026-02-11T06:25:27+01:00,23370,4000006,285988,431580,803278,1419395,660,1059105,0.402798,0.1089
2026-02-11T06:25:32+01:00,23375,4000007,285642,431585,803273,1419455,602,1059450,0.402798,0.1071
2026-02-11T06:25:37+01:00,23380,4000018,284452,431620,803270,1420146,318,1060212,0.383524,0.1007
2026-02-11T06:25:42+01:00,23385,4000016,283154,432546,802411,1420556,276,1061073,0.372056,0.0904
2026-02-11T06:25:47+01:00,23390,4000017,281849,433359,801606,1420973,360,1061870,0.347047,0.0805
2026-02-11T06:25:52+01:00,23395,4000023,280506,433364,801611,1421226,529,1062787,0.333750,0.0731
2026-02-11T06:25:57+01:00,23400,4000032,279295,433368,801602,1421459,520,1063788,0.319866,0.0664
2026-02-11T06:26:02+01:00,23405,4000029,278119,433486,801499,1421682,524,1064719,0.302999,0.0594
2026-02-11T06:26:07+01:00,23410,4000023,276895,434712,800220,1422099,544,1065553,0.272256,0.0481
2026-02-11T06:26:12+01:00,23415,4000024,275573,435268,799693,1422447,516,1066527,0.256029,0.0385
2026-02-11T06:26:17+01:00,23420,4000026,275350,434229,799631,1423286,337,1067193,0.227250,0.0410
2026-02-11T06:26:22+01:00,23425,4000030,275350,432933,799648,1423645,432,1068022,0.211040,0.0457
2026-02-11T06:26:27+01:00,23430,4000017,275350,431948,799658,1424058,258,1068745,0.195524,0.0493
2026-02-11T06:26:33+01:00,23435,4000010,275350,431927,798612,1424621,176,1069324,0.179261,0.0494
2026-02-11T06:26:37+01:00,23440,4000023,275350,431829,797750,1424823,367,1069904,0.163416,0.0497
2026-02-11T06:26:42+01:00,23445,4000023,275350,430926,797732,1424987,365,1070663,0.147929,0.0530
2026-02-11T06:26:48+01:00,23450,4000015,275350,430334,797252,1425240,565,1071274,0.131609,0.0552
2026-02-11T06:26:53+01:00,23455,4000029,275350,429977,796787,1425282,740,1071893,0.115755,0.0565
2026-02-11T06:26:58+01:00,23460,4000025,275350,429469,796418,1425383,724,1072681,0.100064,0.0583
2026-02-11T06:27:03+01:00,23465,4000024,275350,429469,795470,1425560,711,1073464,0.084139,0.0583
2026-02-11T06:27:07+01:00,23470,4000021,275350,429288,794720,1425739,685,1074239,0.068604,0.0590
2026-02-11T06:27:13+01:00,23475,4000022,275350,428473,794565,1426143,462,1075029,0.052664,0.0619
2026-02-11T06:27:17+01:00,23480,4000023,275350,428360,793766,1426289,481,1075777,0.036739,0.0623
2026-02-11T06:27:23+01:00,23485,4000026,275350,427551,793597,1426480,639,1076409,0.020379,0.0653
2026-02-11T06:27:28+01:00,23490,4000012,275350,427551,792651,1426748,513,1077199,0.004684,0.0653
2026-02-11T06:27:33+01:00,23495,4000021,275350,427441,791819,1426854,569,1077988,0.000100,0.0657
2026-02-11T06:27:38+01:00,23500,4000010,275350,427441,790761,1427230,486,1078742,0.000100,0.0657
2026-02-11T06:27:43+01:00,23505,4000030,275350,427441,789725,1427505,504,1079505,0.000100,0.0657
2026-02-11T06:27:47+01:00,23510,4000017,275350,427441,788358,1427890,689,1080289,0.000100,0.0657
2026-02-11T06:27:52+01:00,23515,4000029,275350,427441,787063,1428446,400,1081329,0.000100,0.0657
2026-02-11T06:27:58+01:00,23520,4000023,275350,427441,785728,1428740,648,1082116,0.000100,0.0657
2026-02-11T06:28:03+01:00,23525,4000017,275350,427441,784471,1428999,607,1083149,0.000100,0.0657
2026-02-11T06:28:07+01:00,23530,4000004,275350,427441,783251,1429207,853,1083902,0.000100,0.0657
2026-02-11T06:28:13+01:00,23535,4000019,275350,427441,782003,1429635,604,1084986,0.000100,0.0657
2026-02-11T06:28:18+01:00,23540,4000016,275350,427441,780823,1429803,641,1085958,0.000100,0.0657
2026-02-11T06:28:22+01:00,23545,4000005,275350,427441,779717,1430149,705,1086643,0.000100,0.0657
2026-02-11T06:28:28+01:00,23550,4000009,275350,427441,779378,1430185,672,1086983,0.000100,0.0657
2026-02-11T06:28:33+01:00,23555,4000008,275350,427441,779037,1430185,671,1087324,0.000100,0.0657
2026-02-11T06:28:37+01:00,23560,4000009,275350,427441,778711,1430173,739,1087595,0.000100,0.0657
2026-02-11T06:28:42+01:00,23565,4000013,275350,427441,778380,1430319,592,1087931,0.000100,0.0657
2026-02-11T06:28:48+01:00,23570,4000010,275350,427441,778017,1430299,672,1088231,0.000100,0.0657
2026-02-11T06:28:52+01:00,23575,4000007,275350,427441,777671,1430298,672,1088575,0.000100,0.0657
2026-02-11T06:28:57+01:00,23580,4000008,275350,427441,777328,1430407,662,1088820,0.000100,0.0657
2026-02-11T06:29:03+01:00,23585,4000033,275350,427441,776146,1430669,640,1089787,0.000100,0.0657
2026-02-11T06:29:08+01:00,23590,4000033,275350,427441,774822,1430968,628,1090824,0.000100,0.0657
2026-02-11T06:29:13+01:00,23595,4000030,275350,427399,773626,1431107,876,1091672,0.000100,0.0658
2026-02-11T06:29:17+01:00,23600,4000030,275350,427399,772426,1431264,943,1092648,0.000100,0.0658
2026-02-11T06:29:22+01:00,23605,4000017,275350,427399,771158,1431721,722,1093667,0.000100,0.0658
2026-02-11T06:29:27+01:00,23610,4000023,275350,427399,769758,1432457,355,1094704,0.000100,0.0658
2026-02-11T06:29:32+01:00,23615,4000015,275350,427399,768342,1432969,462,1095493,0.000100,0.0658
2026-02-11T06:29:38+01:00,23620,4000030,275350,427399,767059,1433363,360,1096499,0.000100,0.0658
2026-02-11T06:29:43+01:00,23625,4000026,275350,427399,765999,1433386,548,1097344,0.000100,0.0658
2026-02-11T06:29:48+01:00,23630,4000028,275350,427399,764772,1433923,380,1098204,0.000100,0.0658
2026-02-11T06:29:53+01:00,23635,4000029,275350,427399,763289,1434634,359,1098998,0.000100,0.0658
2026-02-11T06:29:57+01:00,23640,4000027,275350,427399,762098,1434739,574,1099867,0.000100,0.0658
2026-02-11T06:30:02+01:00,23645,4000027,275350,427399,760818,1434964,692,1100804,0.000100,0.0658
2026-02-11T06:30:08+01:00,23650,4000031,275350,427399,759550,1435494,591,1101647,0.000100,0.0658
2026-02-11T06:30:13+01:00,23655,4000002,275350,427399,758333,1435697,616,1102607,0.000100,0.0658
2026-02-11T06:30:18+01:00,23660,4000025,275350,427399,757012,1436206,516,1103542,0.000100,0.0658
2026-02-11T06:30:23+01:00,23665,4000029,275350,427399,755645,1436612,605,1104418,0.000100,0.0658
2026-02-11T06:30:28+01:00,23670,4000033,275350,427399,754301,1436944,600,1105439,0.000100,0.0658
2026-02-11T06:30:33+01:00,23675,4000011,275350,427399,753548,1437011,787,1105916,0.000100,0.0658
2026-02-11T06:30:38+01:00,23680,4000010,275350,427399,753215,1437004,786,1106256,0.000100,0.0658
2026-02-11T06:30:43+01:00,23685,4000011,275350,427399,752880,1437004,852,1106526,0.000100,0.0658
2026-02-11T06:30:48+01:00,23690,4000013,275350,427399,752553,1437062,780,1106869,0.000100,0.0658
2026-02-11T06:30:53+01:00,23695,4000010,275350,427399,752212,1437061,780,1107208,0.000100,0.0658
2026-02-11T06:30:58+01:00,23700,4000013,275350,427399,751840,1437062,856,1107506,0.000100,0.0658
2026-02-11T06:31:03+01:00,23705,4000011,275350,427399,751483,1437127,782,1107870,0.000100,0.0658
2026-02-11T06:31:07+01:00,23710,4000006,275350,427399,751126,1437127,827,1108177,0.000100,0.0658
2026-02-11T06:31:13+01:00,23715,4000008,275350,427399,750791,1437191,786,1108491,0.000100,0.0658
2026-02-11T06:31:18+01:00,23720,4000010,275350,427399,750499,1437147,787,1108828,0.000100,0.0658
2026-02-11T06:31:23+01:00,23725,4000010,275350,427399,750143,1437231,781,1109106,0.000100,0.0658
2026-02-11T06:31:27+01:00,23730,4000009,275350,427399,749790,1437232,781,1109457,0.000100,0.0658
2026-02-11T06:31:33+01:00,23735,4000006,275350,427399,749441,1437276,732,1109808,0.000100,0.0658
2026-02-11T06:31:38+01:00,23740,4000006,275350,427399,749025,1437422,681,1110129,0.000100,0.0658
2026-02-11T06:31:43+01:00,23745,4000008,275350,427399,748655,1437573,535,1110496,0.000100,0.0658
2026-02-11T06:31:48+01:00,23750,4000010,275350,427399,748292,1437566,611,1110792,0.000100,0.0658
2026-02-11T06:31:53+01:00,23755,4000014,275350,427399,747941,1437566,611,1111147,0.000100,0.0658
2026-02-11T06:31:58+01:00,23760,4000006,275350,427399,747592,1437660,566,1111439,0.000100,0.0658
2026-02-11T06:32:03+01:00,23765,4000013,275350,427399,747245,1437695,529,1111795,0.000100,0.0658
2026-02-11T06:32:08+01:00,23770,4000011,275350,427399,746891,1437771,523,1112077,0.000100,0.0658
2026-02-11T06:32:13+01:00,23775,4000016,275350,427399,746541,1437771,522,1112433,0.000100,0.0658
2026-02-11T06:32:18+01:00,23780,4000010,275350,427399,746175,1437845,514,1112727,0.000100,0.0658
2026-02-11T06:32:23+01:00,23785,4000013,275350,427399,745834,1437813,547,1113070,0.000100,0.0658
2026-02-11T06:32:28+01:00,23790,4000012,275350,427399,745462,1437813,591,1113397,0.000100,0.0658
2026-02-11T06:32:33+01:00,23795,4000036,275350,427399,745001,1437891,705,1113690,0.000100,0.0658
2026-02-11T06:32:38+01:00,23800,4000022,275350,427399,743907,1438141,561,1114664,0.000100,0.0658
2026-02-11T06:32:43+01:00,23805,4000021,275350,427399,742985,1438296,524,1115467,0.000100,0.0658
2026-02-11T06:32:48+01:00,23810,4000022,275350,427399,742095,1438432,501,1116245,0.000100,0.0658
2026-02-11T06:32:52+01:00,23815,4000017,275350,427399,741214,1438550,520,1116984,0.000100,0.0658
2026-02-11T06:32:58+01:00,23820,4000012,275350,427399,740289,1438602,624,1117748,0.000100,0.0658
2026-02-11T06:33:03+01:00,23825,4000012,275350,427399,739482,1438702,580,1118499,0.000100,0.0658
2026-02-11T06:33:08+01:00,23830,4000024,275350,427399,738527,1438748,719,1119281,0.000100,0.0658
2026-02-11T06:33:13+01:00,23835,4000021,275350,427399,737468,1439033,764,1120007,0.000100,0.0658
2026-02-11T06:33:18+01:00,23840,4000033,275350,427399,736584,1439358,480,1120862,0.000100,0.0658
2026-02-11T06:33:23+01:00,23845,4000015,275350,427399,735679,1439399,598,1121590,0.000100,0.0658
2026-02-11T06:33:28+01:00,23850,4000023,275350,427399,734723,1439703,597,1122251,0.000100,0.0658
2026-02-11T06:33:33+01:00,23855,4000025,275350,427399,733784,1439877,635,1122980,0.000100,0.0658
2026-02-11T06:33:38+01:00,23860,4000025,275350,427399,732737,1440138,640,1123761,0.000100,0.0658
2026-02-11T06:33:43+01:00,23865,4000030,275350,427399,731786,1440326,619,1124550,0.000100,0.0658
2026-02-11T06:33:48+01:00,23870,4000013,275350,427399,730836,1440350,751,1125327,0.000100,0.0658
2026-02-11T06:33:53+01:00,23875,4000031,275350,427399,729834,1440746,606,1126096,0.000100,0.0658
2026-02-11T06:33:58+01:00,23880,4000018,275350,427399,728986,1440695,670,1126918,0.000100,0.0658
2026-02-11T06:34:03+01:00,23885,4000025,275350,427399,728085,1440754,717,1127720,0.000100,0.0658
2026-02-11T06:34:08+01:00,23890,4000022,275350,427399,727154,1440935,687,1128497,0.000100,0.0658
2026-02-11T06:34:13+01:00,23895,4000026,275350,427399,726178,1441156,669,1129274,0.000100,0.0658
2026-02-11T06:34:18+01:00,23900,4000030,275350,427399,725118,1441450,665,1130048,0.000100,0.0658
2026-02-11T06:34:23+01:00,23905,4000026,275350,427399,724193,1441607,668,1130809,0.000100,0.0658
2026-02-11T06:34:28+01:00,23910,4000028,275350,427399,723261,1441786,658,1131574,0.000100,0.0658
2026-02-11T06:34:33+01:00,23915,4000013,275350,427399,722304,1442105,500,1132355,0.000100,0.0658
2026-02-11T06:34:38+01:00,23920,4000021,275350,427399,721275,1442579,441,1132977,0.000100,0.0658
2026-02-11T06:34:43+01:00,23925,4000015,275350,427399,720317,1442675,571,1133703,0.000100,0.0658
2026-02-11T06:34:48+01:00,23930,4000022,275350,427211,719551,1442964,445,1134501,0.000100,0.0665
2026-02-11T06:34:53+01:00,23935,4000024,275350,427203,718557,1443177,618,1135119,0.000100,0.0665
2026-02-11T06:34:58+01:00,23940,4000022,275350,427203,717610,1443460,509,1135890,0.000100,0.0665
2026-02-11T06:35:02+01:00,23945,4000025,275350,427203,716730,1443606,465,1136671,0.000100,0.0665
2026-02-11T06:35:08+01:00,23950,4000010,275350,427203,715835,1443869,383,1137370,0.000100,0.0665
2026-02-11T06:35:12+01:00,23955,4000024,275350,427203,714967,1443953,537,1138014,0.000100,0.0665
2026-02-11T06:35:18+01:00,23960,4000026,275350,427203,713911,1444258,519,1138785,0.000100,0.0665
2026-02-11T06:35:23+01:00,23965,4000015,275350,427203,713019,1444369,496,1139578,0.000100,0.0665
2026-02-11T06:35:27+01:00,23970,4000018,275350,427203,712143,1444513,483,1140326,0.000100,0.0665
2026-02-11T06:35:33+01:00,23975,4000024,275350,427203,711243,1444573,600,1141055,0.000100,0.0665
2026-02-11T06:35:38+01:00,23980,4000018,275350,427203,710155,1444653,771,1141886,0.000100,0.0665
2026-02-11T06:35:43+01:00,23985,4000015,275350,427203,708964,1444874,715,1142909,0.000100,0.0665
2026-02-11T06:35:47+01:00,23990,4000010,275350,427203,708548,1444976,627,1143306,0.000100,0.0665
2026-02-11T06:35:53+01:00,23995,4000014,275350,427203,708204,1444976,693,1143588,0.000100,0.0665
2026-02-11T06:35:58+01:00,24000,4000011,275350,427203,707884,1445028,624,1143922,0.000100,0.0665
2026-02-11T06:36:03+01:00,24005,4000009,275350,427203,707551,1445020,693,1144192,0.000100,0.0665
2026-02-11T06:36:08+01:00,24010,4000012,275350,427203,707189,1445020,693,1144557,0.000100,0.0665
2026-02-11T06:36:13+01:00,24015,4000012,275350,427203,706826,1445097,688,1144848,0.000100,0.0665
2026-02-11T06:36:18+01:00,24020,4000005,275350,427203,706477,1445233,532,1145210,0.000100,0.0665
2026-02-11T06:36:23+01:00,24025,4000010,275350,427203,706132,1445248,590,1145487,0.000100,0.0665
2026-02-11T06:36:28+01:00,24030,4000011,275350,427203,705792,1445248,592,1145826,0.000100,0.0665
2026-02-11T06:36:33+01:00,24035,4000005,275350,427203,705456,1445254,635,1146107,0.000100,0.0665
2026-02-11T06:36:38+01:00,24040,4000010,275350,427203,705113,1445308,586,1146450,0.000100,0.0665
2026-02-11T06:36:43+01:00,24045,4000010,275350,427203,704752,1445309,655,1146741,0.000100,0.0665
2026-02-11T06:36:48+01:00,24050,4000005,275350,427203,704409,1445336,606,1147101,0.000100,0.0665
2026-02-11T06:36:53+01:00,24055,4000009,275350,427203,704041,1445372,647,1147396,0.000100,0.0665
2026-02-11T06:36:58+01:00,24060,4000009,275350,427203,703686,1445355,652,1147763,0.000100,0.0665
2026-02-11T06:37:03+01:00,24065,4000007,275350,427203,703282,1445549,568,1148055,0.000100,0.0665
2026-02-11T06:37:08+01:00,24070,4000016,275350,427203,702331,1445510,779,1148843,0.000100,0.0665
2026-02-11T06:37:13+01:00,24075,4000017,275350,427203,701049,1446101,433,1149881,0.000100,0.0665
2026-02-11T06:37:18+01:00,24080,4000030,275350,427203,699711,1446569,547,1150650,0.000100,0.0665
2026-02-11T06:37:22+01:00,24085,4000026,275350,427203,698436,1446812,558,1151667,0.000100,0.0665
2026-02-11T06:37:28+01:00,24090,4000023,275350,427203,696998,1447517,448,1152507,0.000100,0.0665
2026-02-11T06:37:33+01:00,24095,4000031,275350,427203,695470,1448304,386,1153318,0.000100,0.0665
2026-02-11T06:37:38+01:00,24100,4000032,275350,427203,694274,1448407,577,1154221,0.000100,0.0665
2026-02-11T06:37:43+01:00,24105,4000017,275350,427203,693005,1448845,454,1155160,0.000100,0.0665
2026-02-11T06:37:48+01:00,24110,4000037,275350,426490,692407,1449137,426,1156227,0.000100,0.0691
2026-02-11T06:37:53+01:00,24115,4000011,275350,426490,691165,1449354,641,1157011,0.000100,0.0691
2026-02-11T06:37:58+01:00,24120,4000032,275350,426490,689834,1449902,401,1158055,0.000100,0.0691
2026-02-11T06:38:03+01:00,24125,4000017,275350,426490,688475,1450432,427,1158843,0.000100,0.0691
2026-02-11T06:38:08+01:00,24130,4000011,275350,426490,687188,1450746,356,1159881,0.000100,0.0691
2026-02-11T06:38:13+01:00,24135,4000029,275350,426490,685851,1451080,586,1160672,0.000100,0.0691
2026-02-11T06:38:18+01:00,24140,4000030,275350,426490,684464,1451533,728,1161465,0.000100,0.0691
2026-02-11T06:38:23+01:00,24145,4000018,275350,426490,683310,1451802,467,1162599,0.000100,0.0691
2026-02-11T06:38:28+01:00,24150,4000028,275350,426490,682056,1452064,430,1163638,0.000100,0.0691
2026-02-11T06:38:33+01:00,24155,4000031,275350,426490,680857,1452214,685,1164435,0.000100,0.0691
2026-02-11T06:38:37+01:00,24160,4000030,275350,426490,679450,1452620,673,1165447,0.000100,0.0691
2026-02-11T06:38:43+01:00,24165,4000030,275350,426490,678145,1453170,443,1166432,0.000100,0.0691
2026-02-11T06:38:47+01:00,24170,4000017,275350,426490,676893,1453635,324,1167325,0.000100,0.0691
2026-02-11T06:38:53+01:00,24175,4000018,275350,426490,675536,1454042,470,1168130,0.000100,0.0691
2026-02-11T06:38:57+01:00,24180,4000027,275350,426490,674421,1454304,512,1168950,0.000100,0.0691
2026-02-11T06:39:03+01:00,24185,4000030,275350,426490,673161,1454544,556,1169929,0.000100,0.0691
2026-02-11T06:39:07+01:00,24190,4000025,275350,426490,671999,1454685,490,1171011,0.000100,0.0691
2026-02-11T06:39:12+01:00,24195,4000026,275350,426490,670870,1454876,576,1171864,0.000100,0.0691
2026-02-11T06:39:18+01:00,24200,4000032,275350,426490,669602,1455104,598,1172888,0.000100,0.0691
2026-02-11T06:39:22+01:00,24205,4000024,275350,426490,668417,1455250,622,1173895,0.000100,0.0691
2026-02-11T06:39:28+01:00,24210,4000031,275350,426490,667292,1455376,544,1174979,0.000100,0.0691
2026-02-11T06:39:33+01:00,24215,4000035,275350,426490,666089,1455520,733,1175853,0.000100,0.0691
2026-02-11T06:39:37+01:00,24220,4000007,275350,426490,665083,1455785,620,1176679,0.000100,0.0691
2026-02-11T06:39:42+01:00,24225,4000009,275350,426490,664741,1455930,475,1177023,0.000100,0.0691
2026-02-11T06:39:48+01:00,24230,4000007,275350,426490,664344,1456055,471,1177297,0.000100,0.0691
2026-02-11T06:39:53+01:00,24235,4000012,275350,426490,664028,1456037,471,1177636,0.000100,0.0691
2026-02-11T06:39:58+01:00,24240,4000011,275350,426490,663726,1456036,527,1177882,0.000100,0.0691
2026-02-11T06:40:03+01:00,24245,4000005,275350,426490,663364,1456074,468,1178259,0.000100,0.0691
2026-02-11T06:40:08+01:00,24250,4000012,275350,426490,663003,1456099,513,1178557,0.000100,0.0691
2026-02-11T06:40:13+01:00,24255,4000009,275350,426490,662621,1456190,511,1178847,0.000100,0.0691
2026-02-11T06:40:18+01:00,24260,4000002,275350,426490,661697,1456248,627,1179590,0.000100,0.0691
2026-02-11T06:40:23+01:00,24265,4000019,275350,426490,660530,1456446,543,1180660,0.000100,0.0691
2026-02-11T06:40:27+01:00,24270,4000028,275350,426490,659306,1456801,570,1181511,0.000100,0.0691
2026-02-11T06:40:33+01:00,24275,4000032,275350,426490,657999,1457079,577,1182537,0.000100,0.0691
2026-02-11T06:40:38+01:00,24280,4000026,275350,426490,656691,1457469,576,1183450,0.000100,0.0691
2026-02-11T06:40:43+01:00,24285,4000012,275350,426490,655256,1458432,101,1184383,0.000100,0.0691
2026-02-11T06:40:48+01:00,24290,4000017,275350,426490,653694,1459393,209,1184881,0.000100,0.0691
2026-02-11T06:40:53+01:00,24295,4000039,275350,426490,652269,1459781,482,1185667,0.000100,0.0691
2026-02-11T06:40:58+01:00,24300,4000010,275350,426490,651087,1460025,378,1186680,0.000100,0.0691
2026-02-11T06:41:03+01:00,24305,4000020,275350,426490,649923,1460198,556,1187503,0.000100,0.0691
2026-02-11T06:41:08+01:00,24310,4000031,275350,426490,648717,1460753,434,1188287,0.000100,0.0691
2026-02-11T06:41:12+01:00,24315,4000003,275350,426490,647492,1461104,345,1189222,0.000100,0.0691
2026-02-11T06:41:18+01:00,24320,4000030,275350,426490,646365,1461254,621,1189950,0.000100,0.0691
2026-02-11T06:41:23+01:00,24325,4000030,275350,426490,645058,1461572,645,1190915,0.000100,0.0691
2026-02-11T06:41:28+01:00,24330,4000034,275350,426490,643808,1461804,629,1191953,0.000100,0.0691
2026-02-11T06:41:33+01:00,24335,4000018,275350,426490,642626,1462279,497,1192776,0.000100,0.0691
2026-02-11T06:41:38+01:00,24340,4000033,275350,426490,641598,1462478,499,1193618,0.000100,0.0691
2026-02-11T06:41:43+01:00,24345,4000028,275350,426490,640415,1462850,444,1194479,0.000100,0.0691
2026-02-11T06:41:48+01:00,24350,4000013,275350,426490,639071,1463252,442,1195408,0.000100,0.0691
2026-02-11T06:41:53+01:00,24355,4000015,275350,426490,637787,1463589,620,1196179,0.000100,0.0691
2026-02-11T06:41:57+01:00,24360,4000026,275350,426490,636591,1463968,432,1197195,0.000100,0.0691
2026-02-11T06:42:03+01:00,24365,4000027,275350,426490,635365,1464244,591,1197987,0.000100,0.0691
2026-02-11T06:42:07+01:00,24370,4000028,275350,426490,634222,1464350,594,1199022,0.000100,0.0691
2026-02-11T06:42:13+01:00,24375,4000021,275350,426490,633159,1464323,701,1199998,0.000100,0.0691
2026-02-11T06:42:18+01:00,24380,4000023,275350,426490,631934,1464781,538,1200930,0.000100,0.0691
2026-02-11T06:42:23+01:00,24385,4000031,275350,426490,630775,1464921,646,1201849,0.000100,0.0691
2026-02-11T06:42:28+01:00,24390,4000017,275350,426490,629526,1465422,356,1202873,0.000100,0.0691
2026-02-11T06:42:33+01:00,24395,4000017,275350,426490,628391,1465714,438,1203634,0.000100,0.0691
2026-02-11T06:42:37+01:00,24400,4000031,275350,426490,627170,1466101,323,1204597,0.000100,0.0691
2026-02-11T06:42:42+01:00,24405,4000031,275350,426490,625875,1466378,499,1205439,0.000100,0.0691
2026-02-11T06:42:48+01:00,24410,4000036,275350,426490,624597,1466900,353,1206346,0.000100,0.0691
2026-02-11T06:42:53+01:00,24415,4000008,275350,426490,623498,1467281,444,1206945,0.000100,0.0691
2026-02-11T06:42:58+01:00,24420,4000010,275350,426490,623154,1467349,412,1207255,0.000100,0.0691
2026-02-11T06:43:03+01:00,24425,4000009,275350,426490,622826,1467402,383,1207558,0.000100,0.0691
2026-02-11T06:43:08+01:00,24430,4000010,275350,426490,622486,1467402,451,1207831,0.000100,0.0691
2026-02-11T06:43:13+01:00,24435,4000012,275350,426490,622159,1467389,464,1208160,0.000100,0.0691
2026-02-11T06:43:18+01:00,24440,4000012,275350,426490,621784,1467469,443,1208476,0.000100,0.0691
2026-02-11T06:43:23+01:00,24445,4000012,275350,426490,621431,1467468,507,1208766,0.000100,0.0691
2026-02-11T06:43:28+01:00,24450,4000009,275350,426490,621093,1467453,508,1209115,0.000100,0.0691
2026-02-11T06:43:33+01:00,24455,4000009,275350,426490,620701,1467714,369,1209385,0.000100,0.0691
2026-02-11T06:43:38+01:00,24460,4000012,275350,426490,620315,1467903,282,1209672,0.000100,0.0691
2026-02-11T06:43:43+01:00,24465,4000011,275350,426490,620012,1467853,351,1209955,0.000100,0.0691
2026-02-11T06:43:47+01:00,24470,4000008,275350,426490,619658,1467929,284,1210297,0.000100,0.0691
2026-02-11T06:43:52+01:00,24475,4000008,275350,426490,619324,1467981,276,1210587,0.000100,0.0691
2026-02-11T06:43:58+01:00,24480,4000005,275350,426490,618954,1468006,310,1210895,0.000100,0.0691
2026-02-11T06:44:03+01:00,24485,4000011,275350,426490,618585,1468049,344,1211193,0.000100,0.0691
2026-02-11T06:44:08+01:00,24490,4000009,275350,426490,618242,1468023,419,1211485,0.000100,0.0691
2026-02-11T06:44:13+01:00,24495,4000049,275350,426490,617612,1468090,603,1211904,0.000100,0.0691
2026-02-11T06:44:18+01:00,24500,4000014,275350,426490,616285,1468491,469,1212929,0.000100,0.0691
2026-02-11T06:44:23+01:00,24505,4000017,275350,426490,615078,1468789,600,1213710,0.000100,0.0691
2026-02-11T06:44:28+01:00,24510,4000036,275350,426490,613757,1469095,589,1214755,0.000100,0.0691
2026-02-11T06:44:33+01:00,24515,4000031,275350,426490,612493,1469327,705,1215666,0.000100,0.0691
2026-02-11T06:44:38+01:00,24520,4000031,275350,426490,611297,1469453,878,1216563,0.000100,0.0691
2026-02-11T06:44:42+01:00,24525,4000025,275350,426490,610095,1469917,566,1217607,0.000100,0.0691
2026-02-11T06:44:48+01:00,24530,4000030,275350,426490,609173,1469835,570,1218612,0.000100,0.0691
2026-02-11T06:44:52+01:00,24535,4000031,275350,426490,607904,1470091,676,1219520,0.000100,0.0691
2026-02-11T06:44:57+01:00,24540,4000029,275350,426490,606560,1470984,152,1220493,0.000100,0.0691
2026-02-11T06:45:03+01:00,24545,4000011,275350,426490,605389,1471282,111,1221389,0.000100,0.0691
2026-02-11T06:45:08+01:00,24550,4000021,275350,426490,604517,1471236,457,1221971,0.000100,0.0691
2026-02-11T06:45:13+01:00,24555,4000020,275350,426490,603591,1471561,382,1222646,0.000100,0.0691
2026-02-11T06:45:18+01:00,24560,4000001,275350,426490,602758,1471600,392,1223411,0.000100,0.0691
2026-02-11T06:45:23+01:00,24565,4000021,275350,426490,601887,1471575,534,1224185,0.000100,0.0691
2026-02-11T06:45:28+01:00,24570,4000001,275350,426490,600866,1471805,642,1224848,0.000100,0.0691
2026-02-11T06:45:33+01:00,24575,4000014,275350,426490,599634,1472159,630,1225751,0.000100,0.0691
2026-02-11T06:45:37+01:00,24580,4000013,275350,426490,598525,1472322,409,1226917,0.000100,0.0691
2026-02-11T06:45:42+01:00,24585,4000019,275350,426490,597320,1472621,514,1227724,0.000100,0.0691
2026-02-11T06:45:48+01:00,24590,4000026,275350,426490,596011,1473084,575,1228516,0.000100,0.0691
2026-02-11T06:45:53+01:00,24595,4000018,275350,426490,594744,1473489,377,1229568,0.000100,0.0691
2026-02-11T06:45:58+01:00,24600,4000013,275350,426490,593513,1473714,568,1230378,0.000100,0.0691
2026-02-11T06:46:02+01:00,24605,4000012,275350,426490,592291,1473953,475,1231453,0.000100,0.0691
2026-02-11T06:46:08+01:00,24610,4000024,275350,426490,591079,1474209,442,1232454,0.000100,0.0691
2026-02-11T06:46:12+01:00,24615,4000032,275350,426490,589883,1474591,439,1233279,0.000100,0.0691
2026-02-11T06:46:18+01:00,24620,4000031,275350,426490,588343,1475383,376,1234089,0.000100,0.0691
2026-02-11T06:46:23+01:00,24625,4000027,275350,426490,587517,1475093,527,1235050,0.000100,0.0691
2026-02-11T06:46:28+01:00,24630,4000014,275350,426490,586267,1475297,706,1235904,0.000100,0.0691
2026-02-11T06:46:33+01:00,24635,4000019,275350,426490,584996,1475585,673,1236925,0.000100,0.0691
2026-02-11T06:46:38+01:00,24640,4000015,275350,426490,583828,1475890,523,1237934,0.000100,0.0691
2026-02-11T06:46:43+01:00,24645,4000029,275350,426490,582719,1475997,708,1238765,0.000100,0.0691
2026-02-11T06:46:48+01:00,24650,4000005,275350,426490,581841,1475975,790,1239559,0.000100,0.0691
2026-02-11T06:46:53+01:00,24655,4000008,275350,426490,581507,1476010,758,1239893,0.000100,0.0691
2026-02-11T06:46:57+01:00,24660,4000008,275350,426490,581208,1475967,758,1240235,0.000100,0.0691
2026-02-11T06:47:03+01:00,24665,4000005,275350,426490,580826,1476129,702,1240508,0.000100,0.0691
2026-02-11T06:47:08+01:00,24670,4000009,275350,426490,580503,1476154,680,1240832,0.000100,0.0691
2026-02-11T06:47:13+01:00,24675,4000011,275350,426490,580155,1476142,754,1241120,0.000100,0.0691
2026-02-11T06:47:18+01:00,24680,4000006,275350,426490,579797,1476159,733,1241477,0.000100,0.0691
2026-02-11T06:47:23+01:00,24685,4000009,275350,426490,579470,1476415,435,1241849,0.000100,0.0691
2026-02-11T06:47:27+01:00,24690,4000009,275350,426490,579106,1476415,507,1242141,0.000100,0.0691
2026-02-11T06:47:33+01:00,24695,4000010,275350,426490,578762,1476400,586,1242422,0.000100,0.0691
2026-02-11T06:47:38+01:00,24700,4000010,275350,426490,578407,1476478,508,1242777,0.000100,0.0691
2026-02-11T06:47:43+01:00,24705,4000011,275350,426490,578053,1476478,581,1243059,0.000100,0.0691
2026-02-11T06:47:48+01:00,24710,4000011,275350,426490,577741,1476448,581,1243401,0.000100,0.0691
2026-02-11T06:47:53+01:00,24715,4000013,275350,426490,577349,1476526,583,1243715,0.000100,0.0691
2026-02-11T06:47:58+01:00,24720,4000006,275350,426490,576974,1476639,463,1244090,0.000100,0.0691
2026-02-11T06:48:03+01:00,24725,4000009,275350,426490,576604,1476672,501,1244392,0.000100,0.0691
2026-02-11T06:48:08+01:00,24730,4000008,275350,426490,576245,1476671,563,1244689,0.000100,0.0691
2026-02-11T06:48:12+01:00,24735,4000006,275350,426490,575899,1476743,489,1245035,0.000100,0.0691
2026-02-11T06:48:18+01:00,24740,4000008,275350,426490,575564,1476721,561,1245322,0.000100,0.0691
2026-02-11T06:48:23+01:00,24745,4000011,275350,426490,575224,1476714,562,1245671,0.000100,0.0691
2026-02-11T06:48:27+01:00,24750,4000008,275350,426490,574965,1476700,560,1245943,0.000100,0.0691
2026-02-11T06:48:33+01:00,24755,4000013,275350,426490,574737,1476621,450,1246365,0.000100,0.0691
2026-02-11T06:48:38+01:00,24760,4000009,275350,426490,574424,1476538,526,1246681,0.000100,0.0691
2026-02-11T06:48:43+01:00,24765,4000005,275350,426490,574081,1476590,537,1246957,0.000100,0.0691
2026-02-11T06:48:47+01:00,24770,4000006,275350,426490,573795,1476580,523,1247268,0.000100,0.0691
2026-02-11T06:48:53+01:00,24775,4000012,275350,426490,572931,1476884,335,1248022,0.000100,0.0691
2026-02-11T06:48:58+01:00,24780,4000015,275350,426490,571927,1477100,468,1248680,0.000100,0.0691
2026-02-11T06:49:03+01:00,24785,4000016,275350,426490,570840,1477612,334,1249390,0.000100,0.0691
2026-02-11T06:49:08+01:00,24790,4000024,275350,426490,569914,1477823,457,1249990,0.000100,0.0691
2026-02-11T06:49:13+01:00,24795,4000013,275350,426490,568996,1478101,320,1250756,0.000100,0.0691
2026-02-11T06:49:17+01:00,24800,4000023,275350,426490,568046,1478171,601,1251365,0.000100,0.0691
2026-02-11T06:49:23+01:00,24805,4000021,275350,426490,567165,1478295,628,1252093,0.000100,0.0691
2026-02-11T06:49:28+01:00,24810,4000000,275350,426490,566334,1478301,640,1252885,0.000100,0.0691
2026-02-11T06:49:33+01:00,24815,4000025,275350,426490,565369,1478715,451,1253650,0.000100,0.0691
2026-02-11T06:49:38+01:00,24820,4000020,275350,426490,564440,1478860,544,1254336,0.000100,0.0691
2026-02-11T06:49:42+01:00,24825,4000028,275350,426490,563401,1479216,434,1255137,0.000100,0.0691
2026-02-11T06:49:48+01:00,24830,4000034,275350,426490,562199,1479390,571,1256034,0.000100,0.0691
2026-02-11T06:49:53+01:00,24835,4000026,275350,426490,560999,1479793,305,1257089,0.000100,0.0691
2026-02-11T06:49:58+01:00,24840,4000025,275350,426490,559798,1480071,430,1257886,0.000100,0.0691
2026-02-11T06:50:03+01:00,24845,4000033,275350,426490,558337,1480715,449,1258692,0.000100,0.0691
2026-02-11T06:50:07+01:00,24850,4000032,275350,426490,557170,1480862,636,1259524,0.000100,0.0691
2026-02-11T06:50:13+01:00,24855,4000032,275350,426490,555830,1481433,401,1260528,0.000100,0.0691
2026-02-11T06:50:18+01:00,24860,4000017,275350,426490,554864,1481237,439,1261637,0.000100,0.0691
2026-02-11T06:50:23+01:00,24865,4000035,275350,426490,553754,1481264,766,1262411,0.000100,0.0691
2026-02-11T06:50:28+01:00,24870,4000020,275350,426490,552711,1481517,461,1263491,0.000100,0.0691
2026-02-11T06:50:33+01:00,24875,4000021,275350,426490,551527,1481736,508,1264410,0.000100,0.0691
2026-02-11T06:50:38+01:00,24880,4000026,275350,426490,550155,1482341,341,1265349,0.000100,0.0691
2026-02-11T06:50:43+01:00,24885,4000029,275350,426490,548856,1482633,521,1266179,0.000100,0.0691
2026-02-11T06:50:48+01:00,24890,4000026,275350,426490,547734,1483016,368,1267068,0.000100,0.0691
2026-02-11T06:50:53+01:00,24895,4000028,275350,426490,546569,1483160,610,1267849,0.000100,0.0691
2026-02-11T06:50:58+01:00,24900,4000028,275350,426490,545518,1483302,534,1268834,0.000100,0.0691
2026-02-11T06:51:03+01:00,24905,4000032,275350,426490,543965,1484395,176,1269656,0.000100,0.0691
2026-02-11T06:51:08+01:00,24910,4000023,275350,426490,542648,1484687,446,1270402,0.000100,0.0691
2026-02-11T06:51:13+01:00,24915,4000030,275350,426490,541475,1484845,687,1271183,0.000100,0.0691
2026-02-11T06:51:18+01:00,24920,4000016,275350,426490,540305,1485149,509,1272213,0.000100,0.0691
2026-02-11T06:51:23+01:00,24925,4000033,275350,426490,539022,1485558,592,1273021,0.000100,0.0691
2026-02-11T06:51:28+01:00,24930,4000009,275350,426490,538434,1485723,339,1273673,0.000100,0.0691
2026-02-11T06:51:32+01:00,24935,4000009,275350,426490,538102,1485723,405,1273939,0.000100,0.0691
2026-02-11T06:51:37+01:00,24940,4000009,275350,426490,537803,1485756,351,1274259,0.000100,0.0691
2026-02-11T06:51:43+01:00,24945,4000009,275350,426490,537458,1485755,404,1274552,0.000100,0.0691
2026-02-11T06:51:48+01:00,24950,4000011,275350,426490,537161,1485776,394,1274840,0.000100,0.0691
2026-02-11T06:51:53+01:00,24955,4000011,275350,426490,536780,1485776,472,1275143,0.000100,0.0691
2026-02-11T06:51:58+01:00,24960,4000010,275350,426490,536443,1485830,395,1275502,0.000100,0.0691
2026-02-11T06:52:03+01:00,24965,4000008,275350,426490,536083,1485830,466,1275789,0.000100,0.0691
2026-02-11T06:52:08+01:00,24970,4000010,275350,426490,535692,1485944,455,1276079,0.000100,0.0691
2026-02-11T06:52:13+01:00,24975,4000011,275350,426490,535353,1485935,455,1276428,0.000100,0.0691
2026-02-11T06:52:18+01:00,24980,4000010,275350,426490,535011,1485935,528,1276696,0.000100,0.0691
2026-02-11T06:52:23+01:00,24985,4000008,275350,426490,534661,1486007,498,1277002,0.000100,0.0691
2026-02-11T06:52:28+01:00,24990,4000009,275350,426490,534342,1486062,459,1277306,0.000100,0.0691
2026-02-11T06:52:33+01:00,24995,4000011,275350,426490,533958,1486062,536,1277615,0.000100,0.0691
2026-02-11T06:52:38+01:00,25000,4000011,275350,426490,533588,1486054,536,1277993,0.000100,0.0691
2026-02-11T06:52:43+01:00,25005,4000010,275350,426490,533214,1486134,532,1278290,0.000100,0.0691
2026-02-11T06:52:48+01:00,25010,4000036,275350,426490,532792,1486134,601,1278669,0.000100,0.0691
2026-02-11T06:52:52+01:00,25015,4000029,275350,426490,531909,1485917,855,1279508,0.000100,0.0691
2026-02-11T06:52:58+01:00,25020,4000024,275350,426490,530777,1486040,833,1280534,0.000100,0.0691
2026-02-11T06:53:03+01:00,25025,4000021,275350,426490,529934,1486337,515,1281395,0.000100,0.0691
2026-02-11T06:53:08+01:00,25030,4000024,275350,426490,528983,1486505,522,1282174,0.000100,0.0691
2026-02-11T06:53:12+01:00,25035,4000021,275350,426490,528205,1486495,496,1282985,0.000100,0.0691
2026-02-11T06:53:18+01:00,25040,4000011,275350,426490,527316,1486675,410,1283770,0.000100,0.0691
2026-02-11T06:53:22+01:00,25045,4000021,275350,426490,526323,1487061,452,1284345,0.000100,0.0691
2026-02-11T06:53:28+01:00,25050,4000021,275350,426490,525333,1487707,137,1285004,0.000100,0.0691
2026-02-11T06:53:33+01:00,25055,4000028,275350,426490,524372,1487924,318,1285574,0.000100,0.0691
2026-02-11T06:53:38+01:00,25060,4000031,275350,426490,523406,1488093,522,1286170,0.000100,0.0691
2026-02-11T06:53:43+01:00,25065,4000025,275350,426490,522548,1488186,534,1286917,0.000100,0.0691
2026-02-11T06:53:48+01:00,25070,4000011,275350,426490,521727,1488205,559,1287680,0.000100,0.0691
2026-02-11T06:53:53+01:00,25075,4000011,275350,426490,520821,1488498,385,1288467,0.000100,0.0691
2026-02-11T06:53:58+01:00,25080,4000027,275350,426490,519820,1488689,593,1289085,0.000100,0.0691
2026-02-11T06:54:03+01:00,25085,4000036,275350,426490,518651,1488923,551,1290071,0.000100,0.0691
2026-02-11T06:54:08+01:00,25090,4000030,275350,426490,517291,1489530,524,1290845,0.000100,0.0691
2026-02-11T06:54:12+01:00,25095,4000026,275350,426490,516142,1489879,310,1291855,0.000100,0.0691
2026-02-11T06:54:17+01:00,25100,4000028,275350,426490,514899,1490107,527,1292655,0.000100,0.0691
2026-02-11T06:54:23+01:00,25105,4000022,275350,426490,513860,1490087,457,1293778,0.000100,0.0691
2026-02-11T06:54:28+01:00,25110,4000029,275350,426490,512864,1489927,806,1294592,0.000100,0.0691
2026-02-11T06:54:33+01:00,25115,4000016,275350,426490,511872,1489888,671,1295745,0.000100,0.0691
2026-02-11T06:54:38+01:00,25120,4000036,275350,426490,510796,1489933,678,1296789,0.000100,0.0691
2026-02-11T06:54:42+01:00,25125,4000029,275350,426490,509611,1490041,800,1297737,0.000100,0.0691
2026-02-11T06:54:48+01:00,25130,4000018,275350,426490,508348,1490765,367,1298698,0.000100,0.0691
2026-02-11T06:54:52+01:00,25135,4000027,275350,426490,507111,1491070,548,1299458,0.000100,0.0691
2026-02-11T06:54:58+01:00,25140,4000030,275350,426490,505783,1491375,602,1300430,0.000100,0.0691
2026-02-11T06:55:03+01:00,25145,4000015,275350,426490,504760,1491241,871,1301303,0.000100,0.0691
2026-02-11T06:55:08+01:00,25150,4000033,275350,426490,503565,1491624,683,1302321,0.000100,0.0691
2026-02-11T06:55:13+01:00,25155,4000022,275350,426490,502513,1491650,666,1303353,0.000100,0.0691
2026-02-11T06:55:18+01:00,25160,4000033,275350,426490,501123,1492031,882,1304157,0.000100,0.0691
2026-02-11T06:55:22+01:00,25165,4000032,275350,426490,499930,1492213,879,1305170,0.000100,0.0691
2026-02-11T06:55:28+01:00,25170,4000033,275350,426490,498966,1492132,722,1306373,0.000100,0.0691
2026-02-11T06:55:33+01:00,25175,4000009,275350,426490,498076,1492370,702,1307021,0.000100,0.0691
2026-02-11T06:55:38+01:00,25180,4000010,275350,426490,497769,1492424,615,1307362,0.000100,0.0691
2026-02-11T06:55:43+01:00,25185,4000008,275350,426490,497433,1492423,682,1307630,0.000100,0.0691
2026-02-11T06:55:48+01:00,25190,4000013,275350,426490,497093,1492494,608,1307978,0.000100,0.0691
2026-02-11T06:55:53+01:00,25195,4000008,275350,426490,496814,1492427,703,1308224,0.000100,0.0691
2026-02-11T06:55:57+01:00,25200,4000009,275350,426490,496444,1492427,702,1308596,0.000100,0.0691
2026-02-11T06:56:03+01:00,25205,4000011,275350,426490,496073,1492509,702,1308887,0.000100,0.0691
2026-02-11T06:56:08+01:00,25210,4000011,275350,426490,495782,1492443,702,1309244,0.000100,0.0691
2026-02-11T06:56:13+01:00,25215,4000010,275350,426490,495381,1492563,698,1309528,0.000100,0.0691
2026-02-11T06:56:18+01:00,25220,4000007,275350,426490,495021,1492562,697,1309887,0.000100,0.0691
2026-02-11T06:56:23+01:00,25225,4000008,275350,426490,494704,1492523,721,1310220,0.000100,0.0691
2026-02-11T06:56:28+01:00,25230,4000004,275350,426490,494367,1492582,697,1310518,0.000100,0.0691
2026-02-11T06:56:33+01:00,25235,4000009,275350,426490,494032,1492584,692,1310861,0.000100,0.0691
2026-02-11T06:56:38+01:00,25240,4000011,275350,426490,493659,1492584,764,1311164,0.000100,0.0691
2026-02-11T06:56:42+01:00,25245,4000008,275350,426490,493343,1492607,666,1311552,0.000100,0.0691
2026-02-11T06:56:48+01:00,25250,4000010,275350,426490,492983,1492608,741,1311838,0.000100,0.0691
2026-02-11T06:56:53+01:00,25255,4000008,275350,426490,492665,1492607,741,1312155,0.000100,0.0691
2026-02-11T06:56:58+01:00,25260,4000015,275350,426490,492243,1492394,740,1312798,0.000100,0.0691
2026-02-11T06:57:03+01:00,25265,4000025,275350,426490,491416,1492475,700,1313594,0.000100,0.0691
2026-02-11T06:57:08+01:00,25270,4000022,275350,426490,490471,1492653,679,1314379,0.000100,0.0691
2026-02-11T06:57:12+01:00,25275,4000019,275350,426490,489448,1492924,666,1315141,0.000100,0.0691
2026-02-11T06:57:17+01:00,25280,4000020,275350,426490,488552,1493064,649,1315915,0.000100,0.0691
2026-02-11T06:57:23+01:00,25285,4000024,275350,426490,487597,1493257,618,1316712,0.000100,0.0691
2026-02-11T06:57:28+01:00,25290,4000020,275350,426490,486870,1493171,648,1317491,0.000100,0.0691
2026-02-11T06:57:32+01:00,25295,4000032,275350,426490,486151,1492908,733,1318400,0.000100,0.0691
2026-02-11T06:57:38+01:00,25300,4000034,275350,426490,485421,1492831,479,1319463,0.000100,0.0691
2026-02-11T06:57:43+01:00,25305,4000031,275350,426490,484273,1493217,399,1320302,0.000100,0.0691
2026-02-11T06:57:48+01:00,25310,4000032,275350,426490,483039,1493425,654,1321074,0.000100,0.0691
2026-02-11T06:57:53+01:00,25315,4000028,275350,426490,481911,1493474,625,1322178,0.000100,0.0691
2026-02-11T06:57:58+01:00,25320,4000024,275350,426490,480539,1494059,613,1322973,0.000100,0.0691
2026-02-11T06:58:03+01:00,25325,4000001,275350,426490,479450,1494135,527,1324049,0.000100,0.0691
2026-02-11T06:58:08+01:00,25330,4000022,275350,426490,478399,1494292,325,1325166,0.000100,0.0691
2026-02-11T06:58:13+01:00,25335,4000030,275350,426490,477468,1494096,561,1326065,0.000100,0.0691
2026-02-11T06:58:18+01:00,25340,4000031,275350,426490,476425,1494109,746,1326911,0.000100,0.0691
2026-02-11T06:58:23+01:00,25345,4000016,275350,426490,475152,1494557,579,1327888,0.000100,0.0691
2026-02-11T06:58:28+01:00,25350,4000015,275350,426490,474057,1494651,546,1328921,0.000100,0.0691
2026-02-11T06:58:33+01:00,25355,4000034,275350,426490,473091,1494520,580,1330003,0.000100,0.0691
2026-02-11T06:58:38+01:00,25360,4000029,275350,426490,472220,1494373,679,1330917,0.000100,0.0691
2026-02-11T06:58:43+01:00,25365,4000015,275350,426490,470928,1494616,673,1331958,0.000100,0.0691
2026-02-11T06:58:48+01:00,25370,4000031,275350,426490,469909,1494641,704,1332937,0.000100,0.0691
2026-02-11T06:58:53+01:00,25375,4000023,275350,426490,468807,1494634,918,1333824,0.000100,0.0691
2026-02-11T06:58:58+01:00,25380,4000002,275350,426490,468146,1494401,972,1334643,0.000100,0.0691
2026-02-11T06:59:03+01:00,25385,4000028,275350,426490,467035,1494611,1068,1335474,0.000100,0.0691
2026-02-11T06:59:08+01:00,25390,4000033,275350,426490,465873,1494752,1237,1336331,0.000100,0.0691
2026-02-11T06:59:13+01:00,25395,4000027,275350,426490,464615,1494984,1476,1337112,0.000100,0.0691
2026-02-11T06:59:18+01:00,25400,4000029,275350,426490,463284,1495286,1722,1337897,0.000100,0.0691
2026-02-11T06:59:23+01:00,25405,4000032,275350,426490,462055,1495490,1980,1338667,0.000100,0.0691
2026-02-11T06:59:28+01:00,25410,4000032,275350,426490,461061,1495322,2487,1339322,0.000100,0.0691
2026-02-11T06:59:33+01:00,25415,4000031,275350,426490,459816,1495555,3202,1339618,0.000100,0.0691
2026-02-11T06:59:38+01:00,25420,4000027,275350,426490,458793,1495525,4251,1339618,0.000100,0.0691
2026-02-11T06:59:43+01:00,25425,4000030,275350,426490,457560,1495811,5201,1339618,0.000100,0.0691
2026-02-11T06:59:48+01:00,25430,4000030,275350,426490,456302,1495861,6409,1339618,0.000100,0.0691
2026-02-11T06:59:53+01:00,25435,4000022,275350,426490,454841,1496222,7501,1339618,0.000100,0.0691
2026-02-11T06:59:58+01:00,25440,4000004,275350,426490,453595,1496450,7965,1340154,0.000100,0.0691
2026-02-11T07:00:03+01:00,25445,4000002,275350,426490,452694,1496349,8357,1340762,0.000100,0.0691
2026-02-11T07:00:08+01:00,25450,4000023,275350,426490,451252,1496812,9020,1341099,0.000100,0.0691
2026-02-11T07:00:13+01:00,25455,4000028,275350,426490,450134,1496530,10402,1341122,0.000100,0.0691
2026-02-11T07:00:18+01:00,25460,4000028,275350,426490,449063,1496472,11531,1341122,0.000100,0.0691
2026-02-11T07:00:23+01:00,25465,4000030,275350,426490,448118,1496305,12592,1341175,0.000100,0.0691
2026-02-11T07:00:28+01:00,25470,4000032,275350,426490,446941,1496462,13614,1341175,0.000100,0.0691
2026-02-11T07:00:33+01:00,25475,4000023,275350,426490,445987,1496077,14944,1341175,0.000100,0.0691
2026-02-11T07:00:38+01:00,25480,4000000,275350,426490,445280,1495761,15944,1341175,0.000100,0.0691
2026-02-11T07:00:43+01:00,25485,4000028,275350,426490,444111,1495881,17021,1341175,0.000100,0.0691
2026-02-11T07:00:48+01:00,25490,4000028,275350,426490,443300,1495436,18277,1341175,0.000100,0.0691
2026-02-11T07:00:53+01:00,25495,4000029,275350,426490,441941,1495600,19473,1341175,0.000100,0.0691
2026-02-11T07:00:58+01:00,25500,4000030,275350,426490,440934,1495565,20516,1341175,0.000100,0.0691
2026-02-11T07:01:03+01:00,25505,4000029,275350,426490,439860,1495483,21411,1341435,0.000100,0.0691
2026-02-11T07:01:08+01:00,25510,4000029,275350,426490,438824,1495329,21799,1342237,0.000100,0.0691
2026-02-11T07:01:13+01:00,25515,4000003,275350,426490,438233,1494811,22474,1342645,0.000100,0.0691
2026-02-11T07:01:18+01:00,25520,4000008,275350,426490,437576,1494954,22993,1342645,0.000100,0.0691
2026-02-11T07:01:23+01:00,25525,4000007,275350,426490,437278,1494869,23375,1342645,0.000100,0.0691
2026-02-11T07:01:28+01:00,25530,4000008,275350,426490,437077,1494758,23688,1342645,0.000100,0.0691
2026-02-11T07:01:33+01:00,25535,4000007,275350,426490,436730,1494757,24035,1342645,0.000100,0.0691
2026-02-11T07:01:38+01:00,25540,4000009,275350,426490,436376,1494757,24391,1342645,0.000100,0.0691
2026-02-11T07:01:43+01:00,25545,4000008,275350,426490,435956,1494872,24695,1342645,0.000100,0.0691
2026-02-11T07:01:48+01:00,25550,4000009,275350,426490,435579,1494871,25074,1342645,0.000100,0.0691
2026-02-11T07:01:53+01:00,25555,4000008,275350,426490,435244,1494805,25474,1342645,0.000100,0.0691
2026-02-11T07:01:58+01:00,25560,4000042,275350,426490,434410,1494936,25889,1342967,0.000100,0.0691
2026-02-11T07:02:03+01:00,25565,4000042,275350,426490,433401,1494812,26112,1343877,0.000100,0.0691
2026-02-11T07:02:08+01:00,25570,4000033,275350,426490,432551,1494641,26941,1344060,0.000100,0.0691
2026-02-11T07:02:13+01:00,25575,4000015,275350,426490,431694,1494362,28059,1344060,0.000100,0.0691
2026-02-11T07:02:18+01:00,25580,4000015,275350,426490,430359,1494697,29059,1344060,0.000100,0.0691
2026-02-11T07:02:23+01:00,25585,4000031,275350,426490,429160,1494794,30177,1344060,0.000100,0.0691
2026-02-11T07:02:28+01:00,25590,4000029,275350,426490,428167,1494631,31331,1344060,0.000100,0.0691
2026-02-11T07:02:33+01:00,25595,4000033,275350,426490,426863,1494771,32499,1344060,0.000100,0.0691
2026-02-11T07:02:38+01:00,25600,4000029,275350,426490,425633,1494749,33747,1344060,0.000100,0.0691
2026-02-11T07:02:43+01:00,25605,4000000,275350,426490,424704,1494337,35059,1344060,0.000100,0.0691
2026-02-11T07:02:48+01:00,25610,4000026,275350,426490,424012,1493835,36279,1344060,0.000100,0.0691
2026-02-11T07:02:53+01:00,25615,4000015,275350,426490,422800,1493833,37482,1344060,0.000100,0.0691
2026-02-11T07:02:58+01:00,25620,4000021,275350,426490,421998,1493672,38169,1344342,0.000100,0.0691
2026-02-11T07:03:03+01:00,25625,4000017,275350,426490,420907,1494165,37966,1345139,0.000100,0.0691
2026-02-11T07:03:08+01:00,25630,4000030,275350,426490,420013,1494013,38670,1345494,0.000100,0.0691
2026-02-11T07:03:13+01:00,25635,4000031,275350,426490,418952,1494012,39733,1345494,0.000100,0.0691
2026-02-11T07:03:18+01:00,25640,4000030,275350,426490,418016,1493593,41087,1345494,0.000100,0.0691
2026-02-11T07:03:22+01:00,25645,4000026,275350,426490,416711,1493884,42097,1345494,0.000100,0.0691
2026-02-11T07:03:28+01:00,25650,4000000,275350,426490,415672,1494111,42883,1345494,0.000100,0.0691
2026-02-11T07:03:33+01:00,25655,4000029,275350,426490,415217,1493190,44288,1345494,0.000100,0.0691
2026-02-11T07:03:38+01:00,25660,4000031,275350,426490,414225,1493016,45456,1345494,0.000100,0.0691
2026-02-11T07:03:43+01:00,25665,4000038,275350,426490,413681,1492255,46768,1345494,0.000100,0.0691
2026-02-11T07:03:48+01:00,25670,4000035,275350,426490,412701,1492136,47864,1345494,0.000100,0.0691
2026-02-11T07:03:53+01:00,25675,4000032,275350,426490,411493,1492018,49187,1345494,0.000100,0.0691
2026-02-11T07:03:57+01:00,25680,4000016,275350,426490,411070,1491263,49929,1345914,0.000100,0.0691
2026-02-11T07:04:02+01:00,25685,4000023,275350,426490,410000,1491505,49913,1346765,0.000100,0.0691
2026-02-11T07:04:07+01:00,25690,3999418,275350,426490,409054,1491195,50438,1346891,0.000100,0.0691
2026-02-11T07:04:13+01:00,25695,3998412,275350,426490,408150,1491305,50226,1346891,0.000100,0.0691
2026-02-11T07:04:17+01:00,25700,3997441,275350,426490,408107,1490346,50257,1346891,0.000100,0.0691
2026-02-11T07:04:23+01:00,25705,3996443,275350,426490,407192,1490001,50519,1346891,0.000100,0.0691
2026-02-11T07:04:28+01:00,25710,3995517,275350,426490,405868,1490450,50468,1346891,0.000100,0.0691
2026-02-11T07:04:33+01:00,25715,3994482,275350,426490,405599,1489294,50858,1346891,0.000100,0.0691
2026-02-11T07:04:38+01:00,25720,3993508,275350,426490,404407,1489376,50994,1346891,0.000100,0.0691
2026-02-11T07:04:43+01:00,25725,3992482,275350,426490,404267,1487839,51645,1346891,0.000100,0.0691
2026-02-11T07:04:48+01:00,25730,3991513,275350,426490,403397,1487746,51639,1346891,0.000100,0.0691
2026-02-11T07:04:53+01:00,25735,3990507,275350,426490,402352,1487614,51810,1346891,0.000100,0.0691
2026-02-11T07:04:58+01:00,25740,3989485,275350,426490,401571,1487370,51201,1347503,0.000100,0.0691
2026-02-11T07:05:03+01:00,25745,3988511,275350,426490,400894,1487038,50604,1348135,0.000100,0.0691
2026-02-11T07:05:08+01:00,25750,3987510,275350,426490,400130,1486770,50535,1348235,0.000100,0.0691
2026-02-11T07:05:13+01:00,25755,3986483,275350,426490,399466,1486074,50868,1348235,0.000100,0.0691
2026-02-11T07:05:18+01:00,25760,3985520,275350,426490,399082,1485414,50920,1348264,0.000100,0.0691
2026-02-11T07:05:23+01:00,25765,3984520,275350,426490,397886,1485503,51027,1348264,0.000100,0.0691
2026-02-11T07:05:28+01:00,25770,3983517,275350,426490,397224,1485028,51161,1348264,0.000100,0.0691
2026-02-11T07:05:33+01:00,25775,3982483,275350,426490,397036,1484255,51088,1348264,0.000100,0.0691
2026-02-11T07:05:38+01:00,25780,3981509,275350,426490,396647,1483896,50862,1348264,0.000100,0.0691
2026-02-11T07:05:43+01:00,25785,3981509,275350,426490,395415,1483825,52165,1348264,0.000100,0.0691
2026-02-11T07:05:48+01:00,25790,3980508,275350,426490,395284,1482678,52432,1348274,0.000100,0.0691
2026-02-11T07:05:53+01:00,25795,3979483,275350,426490,395046,1481514,52809,1348274,0.000100,0.0691
2026-02-11T07:05:58+01:00,25800,3978512,275350,426490,394965,1480214,52895,1348598,0.000100,0.0691
2026-02-11T07:06:03+01:00,25805,3977483,275350,426490,394930,1479089,52131,1349493,0.000100,0.0691
2026-02-11T07:06:08+01:00,25810,3976597,275350,426490,394922,1477976,52254,1349605,0.000100,0.0691
2026-02-11T07:06:13+01:00,25815,3975568,275350,426490,394705,1476838,52540,1349645,0.000100,0.0691
2026-02-11T07:06:18+01:00,25820,3974568,275350,426490,394609,1475627,52847,1349645,0.000100,0.0691
2026-02-11T07:06:23+01:00,25825,3973600,275350,426490,394552,1474071,53492,1349645,0.000100,0.0691
2026-02-11T07:06:28+01:00,25830,3972568,275350,426490,394552,1472803,53728,1349645,0.000100,0.0691
2026-02-11T07:06:33+01:00,25835,3971568,275350,426490,393556,1472808,53719,1349645,0.000100,0.0691
2026-02-11T07:06:38+01:00,25840,3970601,275350,426490,393370,1471657,54089,1349645,0.000100,0.0691
2026-02-11T07:06:42+01:00,25845,3969583,275350,426490,393283,1470167,54648,1349645,0.000100,0.0691
2026-02-11T07:06:48+01:00,25850,3968568,275350,426490,392917,1469644,54522,1349645,0.000100,0.0691
2026-02-11T07:06:53+01:00,25855,3967598,275350,426490,392350,1469158,54593,1349657,0.000100,0.0691
2026-02-11T07:06:58+01:00,25860,3966603,275350,426490,391748,1468643,54715,1349657,0.000100,0.0691
2026-02-11T07:07:03+01:00,25865,3965734,275350,426490,390607,1468685,54204,1350398,0.000100,0.0691
2026-02-11T07:07:08+01:00,25870,3964786,275350,426490,390607,1467763,53821,1350755,0.000100,0.0691
2026-02-11T07:07:13+01:00,25875,3963755,275350,426490,390521,1466363,54276,1350755,0.000100,0.0691
2026-02-11T07:07:18+01:00,25880,3962784,275350,426490,390521,1465426,54242,1350755,0.000100,0.0691
2026-02-11T07:07:23+01:00,25885,3961784,275350,426490,390197,1464766,54226,1350755,0.000100,0.0691
2026-02-11T07:07:28+01:00,25890,3960755,275350,426490,389985,1463728,54395,1350807,0.000100,0.0691
2026-02-11T07:07:33+01:00,25895,3959793,275350,426490,389044,1463452,54650,1350807,0.000100,0.0691
2026-02-11T07:07:38+01:00,25900,3958755,275350,426490,389013,1461927,55168,1350807,0.000100,0.0691
2026-02-11T07:07:43+01:00,25905,3957785,275350,426490,388929,1460682,55527,1350807,0.000100,0.0691
2026-02-11T07:07:48+01:00,25910,3956777,275350,426490,388534,1459880,55716,1350807,0.000100,0.0691
2026-02-11T07:07:53+01:00,25915,3955783,275350,426490,387037,1460645,55454,1350807,0.000100,0.0691
2026-02-11T07:07:58+01:00,25920,3954785,275350,426490,386247,1460233,55461,1351004,0.000100,0.0691
2026-02-11T07:08:03+01:00,25925,3953790,275350,426490,386230,1459120,54689,1351911,0.000100,0.0691
2026-02-11T07:08:08+01:00,25930,3952824,275350,426490,386124,1458190,54759,1351911,0.000100,0.0691
2026-02-11T07:08:13+01:00,25935,3951790,275350,426490,386072,1457034,54933,1351911,0.000100,0.0691
2026-02-11T07:08:18+01:00,25940,3950825,275350,426490,386072,1455967,55035,1351911,0.000100,0.0691
2026-02-11T07:08:23+01:00,25945,3949823,275350,426490,386072,1454691,55309,1351911,0.000100,0.0691
2026-02-11T07:08:28+01:00,25950,3948790,275350,426490,386015,1453388,55636,1351911,0.000100,0.0691
2026-02-11T07:08:33+01:00,25955,3947790,275350,426490,385998,1452052,55989,1351911,0.000100,0.0691
2026-02-11T07:08:38+01:00,25960,3946810,275350,426490,385063,1451616,56380,1351911,0.000100,0.0691
2026-02-11T07:08:43+01:00,25965,3945790,275350,426490,385063,1450156,56770,1351961,0.000100,0.0691
2026-02-11T07:08:48+01:00,25970,3944807,275350,426490,385063,1448524,57419,1351961,0.000100,0.0691
2026-02-11T07:08:53+01:00,25975,3944819,275350,426490,385046,1447270,58702,1351961,0.000100,0.0691
2026-02-11T07:08:58+01:00,25980,3943792,275350,426490,384961,1446226,58282,1352483,0.000100,0.0691
2026-02-11T07:09:03+01:00,25985,3942824,275350,426490,384334,1445718,57625,1353307,0.000100,0.0691
2026-02-11T07:09:08+01:00,25990,3941790,275350,426490,384319,1444310,57999,1353322,0.000100,0.0691
2026-02-11T07:09:13+01:00,25995,3940790,275350,426490,384302,1442887,58439,1353322,0.000100,0.0691
2026-02-11T07:09:18+01:00,26000,3939822,275350,426490,383568,1442609,58483,1353322,0.000100,0.0691
2026-02-11T07:09:23+01:00,26005,3938790,275350,426490,383568,1441572,58479,1353331,0.000100,0.0691
2026-02-11T07:09:28+01:00,26010,3937790,275350,426490,383184,1440983,58452,1353331,0.000100,0.0691
2026-02-11T07:09:33+01:00,26015,3936814,275350,426490,382590,1440326,58727,1353331,0.000100,0.0691
2026-02-11T07:09:38+01:00,26020,3935829,275350,426490,382590,1438986,59082,1353331,0.000100,0.0691
2026-02-11T07:09:43+01:00,26025,3934811,275350,426490,381770,1438719,59151,1353331,0.000100,0.0691
2026-02-11T07:09:48+01:00,26030,3933822,275350,426490,381770,1437359,59522,1353331,0.000100,0.0691
2026-02-11T07:09:53+01:00,26035,3932790,275350,426490,381770,1436364,59471,1353345,0.000100,0.0691
2026-02-11T07:09:58+01:00,26040,3931810,275350,426490,381770,1435370,58964,1353866,0.000100,0.0691
2026-02-11T07:10:03+01:00,26045,3930814,275350,426490,381770,1434374,58236,1354594,0.000100,0.0691
2026-02-11T07:10:08+01:00,26050,3929850,275350,426490,381662,1432775,58866,1354707,0.000100,0.0691
2026-02-11T07:10:13+01:00,26055,3928814,275350,426490,381577,1431722,58968,1354707,0.000100,0.0691
2026-02-11T07:10:18+01:00,26060,3927834,275350,426490,381306,1430805,59168,1354715,0.000100,0.0691
2026-02-11T07:10:23+01:00,26065,3926843,275350,426490,380877,1429681,59730,1354715,0.000100,0.0691
2026-02-11T07:10:28+01:00,26070,3925846,275350,426490,380877,1428405,60009,1354715,0.000100,0.0691
2026-02-11T07:10:33+01:00,26075,3924841,275350,426490,380877,1427129,60269,1354726,0.000100,0.0691
2026-02-11T07:10:38+01:00,26080,3923832,275350,426490,380877,1425810,60579,1354726,0.000100,0.0691
2026-02-11T07:10:43+01:00,26085,3922852,275350,426490,380877,1424531,60878,1354726,0.000100,0.0691
2026-02-11T07:10:48+01:00,26090,3921841,275350,426490,380498,1423713,61051,1354739,0.000100,0.0691
2026-02-11T07:10:53+01:00,26095,3920814,275350,426490,380498,1422494,61243,1354739,0.000100,0.0691
2026-02-11T07:10:58+01:00,26100,3919814,275350,426490,380498,1421511,61140,1354825,0.000100,0.0691
2026-02-11T07:11:03+01:00,26105,3918836,275350,426490,380498,1420205,60657,1355636,0.000100,0.0691
2026-02-11T07:11:08+01:00,26110,3917840,275350,426490,380495,1419063,60638,1355804,0.000100,0.0691
2026-02-11T07:11:12+01:00,26115,3916834,275350,426490,380495,1417836,60859,1355804,0.000100,0.0691
2026-02-11T07:11:18+01:00,26120,3915843,275350,426490,379851,1417132,61216,1355804,0.000100,0.0691
2026-02-11T07:11:23+01:00,26125,3914833,275350,426490,379755,1415834,61600,1355804,0.000100,0.0691
2026-02-11T07:11:28+01:00,26130,3913852,275350,426490,379670,1414925,61613,1355804,0.000100,0.0691
2026-02-11T07:11:33+01:00,26135,3912814,275350,426490,379585,1414070,61473,1355846,0.000100,0.0691
2026-02-11T07:11:38+01:00,26140,3911814,275350,426490,379551,1413067,61510,1355846,0.000100,0.0691
2026-02-11T07:11:42+01:00,26145,3910834,275350,426490,379551,1412137,61460,1355846,0.000100,0.0691
2026-02-11T07:11:48+01:00,26150,3909847,275350,426490,379289,1411262,61610,1355846,0.000100,0.0691
2026-02-11T07:11:53+01:00,26155,3908814,275350,426490,378721,1410582,61825,1355846,0.000100,0.0691
2026-02-11T07:11:58+01:00,26160,3907914,275350,426490,378721,1409562,61588,1356203,0.000100,0.0691
2026-02-11T07:12:03+01:00,26165,3906967,275350,426490,378721,1408285,60973,1357148,0.000100,0.0691
2026-02-11T07:12:08+01:00,26170,3905974,275350,426490,378721,1406896,61355,1357162,0.000100,0.0691
2026-02-11T07:12:13+01:00,26175,3906011,275350,426490,378721,1405606,62682,1357162,0.000100,0.0691
2026-02-11T07:12:18+01:00,26180,3904997,275350,426490,378721,1404276,62987,1357173,0.000100,0.0691
2026-02-11T07:12:23+01:00,26185,3903967,275350,426490,378721,1402995,63238,1357173,0.000100,0.0691
2026-02-11T07:12:28+01:00,26190,3902999,275350,426490,378721,1401659,63606,1357173,0.000100,0.0691
2026-02-11T07:12:33+01:00,26195,3901967,275350,426490,378721,1400573,63660,1357173,0.000100,0.0691
2026-02-11T07:12:38+01:00,26200,3900967,275350,426490,378721,1399216,64017,1357173,0.000100,0.0691
2026-02-11T07:12:43+01:00,26205,3899992,275350,426490,378721,1398189,64069,1357173,0.000100,0.0691
2026-02-11T07:12:48+01:00,26210,3898967,275350,426490,378721,1396798,64435,1357173,0.000100,0.0691
2026-02-11T07:12:53+01:00,26215,3897981,275350,426490,378721,1395121,65126,1357173,0.000100,0.0691
2026-02-11T07:12:58+01:00,26220,3896983,275350,426490,378721,1394071,64712,1357639,0.000100,0.0691
2026-02-11T07:13:03+01:00,26225,3895993,275350,426490,378721,1392530,64954,1357948,0.000100,0.0691
2026-02-11T07:13:08+01:00,26230,3894967,275350,426490,378721,1391134,65324,1357948,0.000100,0.0691
2026-02-11T07:13:13+01:00,26235,3893967,275350,426490,378721,1390498,64915,1357993,0.000100,0.0691
2026-02-11T07:13:18+01:00,26240,3892995,275350,426490,378721,1388924,65517,1357993,0.000100,0.0691
2026-02-11T07:13:23+01:00,26245,3891995,275350,426490,378721,1387670,65771,1357993,0.000100,0.0691
2026-02-11T07:13:28+01:00,26250,3890993,275350,426490,378721,1386010,66429,1357993,0.000100,0.0691
2026-02-11T07:13:33+01:00,26255,3890001,275350,426490,378242,1385305,66621,1357993,0.000100,0.0691
2026-02-11T07:13:38+01:00,26260,3888993,275350,426490,377737,1384186,67237,1357993,0.000100,0.0691
2026-02-11T07:13:43+01:00,26265,3887997,275350,426490,377190,1383806,67168,1357993,0.000100,0.0691
2026-02-11T07:13:48+01:00,26270,3887001,275350,426490,376833,1382580,67719,1358029,0.000100,0.0691
2026-02-11T07:13:53+01:00,26275,3885967,275350,426490,376833,1381133,68132,1358029,0.000100,0.0691
2026-02-11T07:13:58+01:00,26280,3884985,275350,426490,376737,1379789,68301,1358318,0.000100,0.0691
2026-02-11T07:14:03+01:00,26285,3883967,275350,426490,376737,1378856,67216,1359318,0.000100,0.0691
2026-02-11T07:14:08+01:00,26290,3882992,275350,426490,376737,1377338,67733,1359344,0.000100,0.0691
2026-02-11T07:14:13+01:00,26295,3881999,275350,426490,376737,1376041,68037,1359344,0.000100,0.0691
2026-02-11T07:14:18+01:00,26300,3880999,275350,426490,376737,1374736,68342,1359344,0.000100,0.0691
2026-02-11T07:14:23+01:00,26305,3879996,275350,426490,376737,1373467,68608,1359344,0.000100,0.0691
2026-02-11T07:14:28+01:00,26310,3878967,275350,426490,376737,1371657,69389,1359344,0.000100,0.0691
2026-02-11T07:14:33+01:00,26315,3877988,275350,426490,376737,1370817,69250,1359344,0.000100,0.0691
2026-02-11T07:14:38+01:00,26320,3876998,275350,426490,376737,1369518,69559,1359344,0.000100,0.0691
2026-02-11T07:14:43+01:00,26325,3875993,275350,426490,376737,1368198,69874,1359344,0.000100,0.0691
2026-02-11T07:14:48+01:00,26330,3874967,275350,426490,376737,1367062,69984,1359344,0.000100,0.0691
2026-02-11T07:14:53+01:00,26335,3873967,275350,426490,376737,1365808,70238,1359344,0.000100,0.0691
2026-02-11T07:14:58+01:00,26340,3872993,275350,426490,376737,1364631,70074,1359711,0.000100,0.0691
2026-02-11T07:15:03+01:00,26345,3871999,275350,426490,376737,1363593,69453,1360376,0.000100,0.0691
2026-02-11T07:15:08+01:00,26350,3870998,275350,426490,376737,1362353,69655,1360413,0.000100,0.0691
2026-02-11T07:15:13+01:00,26355,3870967,275350,426490,376737,1361425,70552,1360413,0.000100,0.0691
2026-02-11T07:15:18+01:00,26360,3869983,275350,426490,376737,1360355,70638,1360413,0.000100,0.0691
2026-02-11T07:15:23+01:00,26365,3868967,275350,426490,376737,1358720,71257,1360413,0.000100,0.0691
2026-02-11T07:15:28+01:00,26370,3867967,275350,426490,376737,1357714,71263,1360413,0.000100,0.0691
2026-02-11T07:15:33+01:00,26375,3866993,275350,426490,376737,1356285,71718,1360413,0.000100,0.0691
2026-02-11T07:15:38+01:00,26380,3865967,275350,426490,376737,1355229,71748,1360413,0.000100,0.0691
2026-02-11T07:15:43+01:00,26385,3864999,275350,426490,376737,1353983,72026,1360413,0.000100,0.0691
2026-02-11T07:15:48+01:00,26390,3863967,275350,426490,376737,1352811,72166,1360413,0.000100,0.0691
2026-02-11T07:15:53+01:00,26395,3863002,275350,426490,376737,1351380,72632,1360413,0.000100,0.0691
2026-02-11T07:15:58+01:00,26400,3861969,275350,426490,376737,1349854,72851,1360687,0.000100,0.0691
2026-02-11T07:16:03+01:00,26405,3860972,275350,426490,376737,1348795,72013,1361587,0.000100,0.0691
2026-02-11T07:16:08+01:00,26410,3859973,275350,426490,376710,1347473,72276,1361674,0.000100,0.0691
2026-02-11T07:16:13+01:00,26415,3858972,275350,426490,376710,1346322,72426,1361674,0.000100,0.0691
2026-02-11T07:16:18+01:00,26420,3857991,275350,426490,376710,1345281,72486,1361674,0.000100,0.0691
2026-02-11T07:16:23+01:00,26425,3856972,275350,426490,376685,1343799,72974,1361674,0.000100,0.0691
2026-02-11T07:16:28+01:00,26430,3855972,275350,426490,376685,1342422,73351,1361674,0.000100,0.0691
2026-02-11T07:16:33+01:00,26435,3854972,275350,426490,376685,1341323,73450,1361674,0.000100,0.0691
2026-02-11T07:16:38+01:00,26440,3853972,275350,426490,376685,1339932,73841,1361674,0.000100,0.0691
2026-02-11T07:16:43+01:00,26445,3853004,275350,426490,376685,1339019,73786,1361674,0.000100,0.0691
2026-02-11T07:16:48+01:00,26450,3851972,275350,426490,376685,1337990,73783,1361674,0.000100,0.0691
2026-02-11T07:16:53+01:00,26455,3850993,275350,426490,376685,1336598,74079,1361791,0.000100,0.0691
2026-02-11T07:16:58+01:00,26460,3849993,275350,426490,376685,1335539,74138,1361791,0.000100,0.0691
2026-02-11T07:17:03+01:00,26465,3849075,275350,426490,376685,1334432,73581,1362537,0.000100,0.0691
2026-02-11T07:17:08+01:00,26470,3848296,275350,426490,376685,1333026,73662,1363083,0.000100,0.0691
2026-02-11T07:17:13+01:00,26475,3847266,275350,426490,376685,1332056,73569,1363116,0.000100,0.0691
2026-02-11T07:17:18+01:00,26480,3846297,275350,426490,376685,1331117,73539,1363116,0.000100,0.0691
2026-02-11T07:17:23+01:00,26485,3845266,275350,426490,376685,1329571,74054,1363116,0.000100,0.0691
2026-02-11T07:17:28+01:00,26490,3844266,275350,426490,376685,1328187,74438,1363116,0.000100,0.0691
2026-02-11T07:17:33+01:00,26495,3843266,275350,426490,376685,1327135,74490,1363116,0.000100,0.0691
2026-02-11T07:17:38+01:00,26500,3842266,275350,426490,376685,1325841,74784,1363116,0.000100,0.0691
2026-02-11T07:17:43+01:00,26505,3841266,275350,426490,376685,1324569,75056,1363116,0.000100,0.0691
2026-02-11T07:17:48+01:00,26510,3840274,275350,426490,376685,1323736,74897,1363116,0.000100,0.0691
2026-02-11T07:17:53+01:00,26515,3839296,275350,426490,376685,1322335,75320,1363116,0.000100,0.0691
2026-02-11T07:17:58+01:00,26520,3838266,275350,426490,376685,1321398,75161,1363182,0.000100,0.0691
2026-02-11T07:18:03+01:00,26525,3837266,275350,426490,376685,1321032,74527,1363182,0.000100,0.0691
2026-02-11T07:18:08+01:00,26530,3836296,275350,426490,376660,1319897,74717,1363182,0.000100,0.0691
2026-02-11T07:18:13+01:00,26535,3835296,275350,426490,376660,1318007,75607,1363182,0.000100,0.0691
2026-02-11T07:18:18+01:00,26540,3834266,275350,426490,376660,1317358,75226,1363182,0.000100,0.0691
2026-02-11T07:18:23+01:00,26545,3833293,275350,426490,376660,1315838,75773,1363182,0.000100,0.0691
2026-02-11T07:18:28+01:00,26550,3832305,275350,426490,376660,1314532,76091,1363182,0.000100,0.0691
2026-02-11T07:18:33+01:00,26555,3832292,275350,426490,376660,1313261,77349,1363182,0.000100,0.0691
2026-02-11T07:18:38+01:00,26560,3831266,275350,426490,376660,1311721,77863,1363182,0.000100,0.0691
2026-02-11T07:18:43+01:00,26565,3830301,275350,426490,376660,1310666,77953,1363182,0.000100,0.0691
2026-02-11T07:18:48+01:00,26570,3829266,275350,426490,376635,1309335,78274,1363182,0.000100,0.0691
2026-02-11T07:18:53+01:00,26575,3828266,275350,426490,376635,1307972,78637,1363182,0.000100,0.0691
2026-02-11T07:18:58+01:00,26580,3827282,275350,426490,376635,1306810,78618,1363379,0.000100,0.0691
2026-02-11T07:19:03+01:00,26585,3826311,275350,426490,376635,1305333,78476,1364027,0.000100,0.0691
2026-02-11T07:19:08+01:00,26590,3825298,275350,426490,376635,1304207,78386,1364230,0.000100,0.0691
2026-02-11T07:19:13+01:00,26595,3824295,275350,426490,376610,1303032,78535,1364278,0.000100,0.0691
2026-02-11T07:19:18+01:00,26600,3823300,275350,426490,375790,1302888,78504,1364278,0.000100,0.0691
2026-02-11T07:19:23+01:00,26605,3822266,275350,426490,375788,1301409,78951,1364278,0.000100,0.0691
2026-02-11T07:19:28+01:00,26610,3821297,275350,426490,375788,1299993,79398,1364278,0.000100,0.0691
2026-02-11T07:19:33+01:00,26615,3820296,275350,426490,375788,1299185,79205,1364278,0.000100,0.0691
2026-02-11T07:19:38+01:00,26620,3819318,275350,426490,375788,1297941,79471,1364278,0.000100,0.0691
2026-02-11T07:19:43+01:00,26625,3818301,275350,426490,375788,1296756,79639,1364278,0.000100,0.0691
2026-02-11T07:19:48+01:00,26630,3817296,275350,426490,375788,1295608,79782,1364278,0.000100,0.0691
2026-02-11T07:19:53+01:00,26635,3816296,275350,426490,375788,1294278,80112,1364278,0.000100,0.0691
2026-02-11T07:19:58+01:00,26640,3815266,275350,426490,375788,1292964,80396,1364278,0.000100,0.0691
2026-02-11T07:20:03+01:00,26645,3814294,275350,426490,375788,1291520,80868,1364278,0.000100,0.0691
2026-02-11T07:20:08+01:00,26650,3813289,275350,426490,375788,1290787,80385,1364489,0.000100,0.0691
2026-02-11T07:20:13+01:00,26655,3812535,275350,426490,375788,1289426,80028,1365453,0.000100,0.0691
2026-02-11T07:20:18+01:00,26660,3811503,275350,426490,375788,1288925,79451,1365499,0.000100,0.0691
2026-02-11T07:20:23+01:00,26665,3810501,275350,426490,375788,1287469,79898,1365506,0.000100,0.0691
2026-02-11T07:20:28+01:00,26670,3809531,275350,426490,375788,1285992,80405,1365506,0.000100,0.0691
2026-02-11T07:20:33+01:00,26675,3808535,275350,426490,375788,1284748,80653,1365506,0.000100,0.0691
2026-02-11T07:20:38+01:00,26680,3807501,275350,426490,375788,1283827,80540,1365506,0.000100,0.0691
2026-02-11T07:20:43+01:00,26685,3806527,275350,426490,375788,1282162,81231,1365506,0.000100,0.0691
2026-02-11T07:20:48+01:00,26690,3805532,275350,426490,375788,1280850,81548,1365506,0.000100,0.0691
2026-02-11T07:20:53+01:00,26695,3804525,275350,426490,375788,1279529,81862,1365506,0.000100,0.0691
2026-02-11T07:20:58+01:00,26700,3803535,275350,426490,375788,1278686,81715,1365506,0.000100,0.0691
2026-02-11T07:21:03+01:00,26705,3802519,275350,426490,375788,1277937,81448,1365506,0.000100,0.0691
2026-02-11T07:21:08+01:00,26710,3801527,275350,426490,375788,1276267,82126,1365506,0.000100,0.0691
2026-02-11T07:21:13+01:00,26715,3800501,275350,426490,375788,1274996,82371,1365506,0.000100,0.0691
2026-02-11T07:21:18+01:00,26720,3799527,275350,426490,375788,1273822,82571,1365506,0.000100,0.0691
2026-02-11T07:21:23+01:00,26725,3798501,275350,426490,375788,1272822,82545,1365506,0.000100,0.0691
2026-02-11T07:21:28+01:00,26730,3797534,275350,426490,375788,1272388,82012,1365506,0.000100,0.0691
2026-02-11T07:21:33+01:00,26735,3796529,275350,426490,375788,1271020,82375,1365506,0.000100,0.0691
2026-02-11T07:21:38+01:00,26740,3795526,275350,426490,375788,1270182,82210,1365506,0.000100,0.0691
2026-02-11T07:21:43+01:00,26745,3795529,275350,426490,375788,1268881,83485,1365535,0.000100,0.0691
2026-02-11T07:21:48+01:00,26750,3794501,275350,426490,375788,1267625,83713,1365535,0.000100,0.0691
2026-02-11T07:21:53+01:00,26755,3793501,275350,426490,375788,1266614,83724,1365535,0.000100,0.0691
2026-02-11T07:21:58+01:00,26760,3792505,275350,426490,375788,1265878,83044,1365955,0.000100,0.0691
2026-02-11T07:22:03+01:00,26765,3791531,275350,426490,375788,1264640,82546,1366717,0.000100,0.0691
2026-02-11T07:22:08+01:00,26770,3790528,275350,426490,375788,1263323,82811,1366766,0.000100,0.0691
2026-02-11T07:22:13+01:00,26775,3789501,275350,426490,375788,1262243,82864,1366766,0.000100,0.0691
2026-02-11T07:22:18+01:00,26780,3788501,275350,426490,375788,1260697,83410,1366766,0.000100,0.0691
2026-02-11T07:22:23+01:00,26785,3787533,275350,426490,375788,1259218,83921,1366766,0.000100,0.0691
2026-02-11T07:22:28+01:00,26790,3786501,275350,426490,375788,1258094,84013,1366766,0.000100,0.0691
2026-02-11T07:22:33+01:00,26795,3785501,275350,426490,375788,1256777,84330,1366766,0.000100,0.0691
2026-02-11T07:22:38+01:00,26800,3784531,275350,426490,375788,1255320,84817,1366766,0.000100,0.0691
2026-02-11T07:22:43+01:00,26805,3783501,275350,426490,375788,1254052,85055,1366766,0.000100,0.0691
2026-02-11T07:22:48+01:00,26810,3782525,275350,426490,375788,1252729,85374,1366794,0.000100,0.0691
2026-02-11T07:22:53+01:00,26815,3781501,275350,426490,375788,1251556,85523,1366794,0.000100,0.0691
2026-02-11T07:22:58+01:00,26820,3780526,275350,426490,375788,1250139,85965,1366794,0.000100,0.0691
2026-02-11T07:23:03+01:00,26825,3779531,275350,426490,375788,1248831,86278,1366794,0.000100,0.0691
2026-02-11T07:23:08+01:00,26830,3778501,275350,426490,375788,1247489,86590,1366794,0.000100,0.0691
2026-02-11T07:23:13+01:00,26835,3777501,275350,426490,375788,1246330,86749,1366794,0.000100,0.0691
2026-02-11T07:23:18+01:00,26840,3776532,275350,426490,375788,1245226,86884,1366794,0.000100,0.0691
2026-02-11T07:23:23+01:00,26845,3775501,275350,426490,375788,1243564,87515,1366794,0.000100,0.0691
2026-02-11T07:23:28+01:00,26850,3774501,275350,426490,375788,1242542,87537,1366794,0.000100,0.0691
2026-02-11T07:23:33+01:00,26855,3773501,275350,426490,375788,1241535,87544,1366794,0.000100,0.0691
2026-02-11T07:23:38+01:00,26860,3772501,275350,426490,375788,1240054,88025,1366794,0.000100,0.0691
2026-02-11T07:23:43+01:00,26865,3771528,275350,426490,375788,1238801,88305,1366794,0.000100,0.0691
2026-02-11T07:23:48+01:00,26870,3770529,275350,426490,375788,1237594,88513,1366794,0.000100,0.0691
2026-02-11T07:23:53+01:00,26875,3769509,275350,426490,375788,1236235,88852,1366794,0.000100,0.0691
2026-02-11T07:23:58+01:00,26880,3768542,275350,426490,375788,1234951,89139,1366824,0.000100,0.0691
2026-02-11T07:24:03+01:00,26885,3767501,275350,426490,375788,1234383,87689,1367801,0.000100,0.0691
2026-02-11T07:24:08+01:00,26890,3766551,275350,426490,375788,1233294,87468,1368161,0.000100,0.0691
2026-02-11T07:24:13+01:00,26895,3765528,275350,426490,375788,1232309,87430,1368161,0.000100,0.0691
2026-02-11T07:24:18+01:00,26900,3764528,275350,426490,375788,1231558,87143,1368199,0.000100,0.0691
2026-02-11T07:24:23+01:00,26905,3763528,275350,426490,375788,1230040,87661,1368199,0.000100,0.0691
2026-02-11T07:24:28+01:00,26910,3762558,275350,426490,375788,1229013,87718,1368199,0.000100,0.0691
2026-02-11T07:24:33+01:00,26915,3761557,275350,426490,375788,1227698,88032,1368199,0.000100,0.0691
2026-02-11T07:24:38+01:00,26920,3760528,275350,426490,375788,1226202,88499,1368199,0.000100,0.0691
2026-02-11T07:24:43+01:00,26925,3760528,275350,426490,375788,1225024,89677,1368199,0.000100,0.0691
2026-02-11T07:24:48+01:00,26930,3759528,275350,426490,375788,1223967,89734,1368199,0.000100,0.0691
2026-02-11T07:24:53+01:00,26935,3758556,275350,426490,375788,1222456,90273,1368199,0.000100,0.0691
2026-02-11T07:24:58+01:00,26940,3757561,275350,426490,375788,1221259,90475,1368199,0.000100,0.0691
2026-02-11T07:25:03+01:00,26945,3756528,275350,426490,375788,1219957,90744,1368199,0.000100,0.0691
2026-02-11T07:25:08+01:00,26950,3755528,275350,426490,375788,1219280,90421,1368199,0.000100,0.0691
2026-02-11T07:25:13+01:00,26955,3754561,275350,426490,375788,1217635,91099,1368199,0.000100,0.0691
2026-02-11T07:25:18+01:00,26960,3753556,275350,426490,375788,1216385,91344,1368199,0.000100,0.0691
2026-02-11T07:25:23+01:00,26965,3752553,275350,426490,375788,1215116,91610,1368199,0.000100,0.0691
2026-02-11T07:25:28+01:00,26970,3751555,275350,426490,375788,1213938,91790,1368199,0.000100,0.0691
2026-02-11T07:25:33+01:00,26975,3750528,275350,426490,375788,1212670,92031,1368199,0.000100,0.0691
2026-02-11T07:25:38+01:00,26980,3749528,275350,426490,375788,1211755,91946,1368199,0.000100,0.0691
2026-02-11T07:25:43+01:00,26985,3748528,275350,426490,375788,1210469,92210,1368221,0.000100,0.0691
2026-02-11T07:25:48+01:00,26990,3747567,275350,426490,375788,1209630,92088,1368221,0.000100,0.0691
2026-02-11T07:25:53+01:00,26995,3746528,275350,426490,375788,1208323,92356,1368221,0.000100,0.0691
2026-02-11T07:25:58+01:00,27000,3745554,275350,426490,375788,1207137,92345,1368444,0.000100,0.0691
2026-02-11T07:26:03+01:00,27005,3744972,275350,426490,375788,1206175,91811,1369358,0.000100,0.0691
2026-02-11T07:26:08+01:00,27010,3743943,275350,426490,375788,1205472,91303,1369540,0.000100,0.0691
2026-02-11T07:26:13+01:00,27015,3742942,275350,426490,375788,1204109,91665,1369540,0.000100,0.0691
2026-02-11T07:26:18+01:00,27020,3741942,275350,426490,375788,1202658,92116,1369540,0.000100,0.0691
2026-02-11T07:26:23+01:00,27025,3740942,275350,426490,375788,1201633,92087,1369594,0.000100,0.0691
2026-02-11T07:26:28+01:00,27030,3739969,275350,426490,375788,1200803,91944,1369594,0.000100,0.0691
2026-02-11T07:26:33+01:00,27035,3738942,275350,426490,375788,1199560,92160,1369594,0.000100,0.0691
2026-02-11T07:26:38+01:00,27040,3737942,275350,426490,375788,1198628,92092,1369594,0.000100,0.0691
2026-02-11T07:26:43+01:00,27045,3736977,275350,426490,375788,1197425,92330,1369594,0.000100,0.0691
2026-02-11T07:26:48+01:00,27050,3735942,275350,426490,375788,1195992,92728,1369594,0.000100,0.0691
2026-02-11T07:26:53+01:00,27055,3734942,275350,426490,375788,1194926,92794,1369594,0.000100,0.0691
2026-02-11T07:26:58+01:00,27060,3733971,275350,426490,375788,1193563,93186,1369594,0.000100,0.0691
2026-02-11T07:27:03+01:00,27065,3732942,275350,426490,375788,1192499,93221,1369594,0.000100,0.0691
2026-02-11T07:27:08+01:00,27070,3731942,275350,426490,375788,1191448,93272,1369594,0.000100,0.0691
2026-02-11T07:27:13+01:00,27075,3730978,275350,426490,375788,1190276,93480,1369594,0.000100,0.0691
2026-02-11T07:27:18+01:00,27080,3729970,275350,426490,375788,1189098,93650,1369594,0.000100,0.0691
2026-02-11T07:27:23+01:00,27085,3728942,275350,426490,375788,1188050,93670,1369594,0.000100,0.0691
2026-02-11T07:27:28+01:00,27090,3727942,275350,426490,375788,1187019,93701,1369594,0.000100,0.0691
2026-02-11T07:27:33+01:00,27095,3726942,275350,426490,375788,1185439,94281,1369594,0.000100,0.0691
2026-02-11T07:27:38+01:00,27100,3725942,275350,426490,375788,1184243,94477,1369594,0.000100,0.0691
2026-02-11T07:27:43+01:00,27105,3724942,275350,426490,375788,1183243,94477,1369594,0.000100,0.0691
2026-02-11T07:27:48+01:00,27110,3723969,275350,426490,375788,1182009,94738,1369594,0.000100,0.0691
2026-02-11T07:27:53+01:00,27115,3722976,275350,426490,375788,1180840,94914,1369594,0.000100,0.0691
2026-02-11T07:27:58+01:00,27120,3722953,275350,426490,375788,1179971,95668,1369686,0.000100,0.0691
2026-02-11T07:28:03+01:00,27125,3721944,275350,426490,375788,1178633,95211,1370472,0.000100,0.0691
2026-02-11T07:28:08+01:00,27130,3721157,275350,426490,375788,1177628,95162,1370739,0.000100,0.0691
2026-02-11T07:28:13+01:00,27135,3720162,275350,426490,375788,1176271,95524,1370739,0.000100,0.0691
2026-02-11T07:28:18+01:00,27140,3719130,275350,426490,375788,1174762,96001,1370739,0.000100,0.0691
2026-02-11T07:28:23+01:00,27145,3718164,275350,426490,375788,1173071,96726,1370739,0.000100,0.0691
2026-02-11T07:28:28+01:00,27150,3717169,275350,426490,375788,1172281,96521,1370739,0.000100,0.0691
2026-02-11T07:28:33+01:00,27155,3716130,275350,426490,375788,1170882,96871,1370749,0.000100,0.0691
2026-02-11T07:28:38+01:00,27160,3715130,275350,426490,375788,1169924,96829,1370749,0.000100,0.0691
2026-02-11T07:28:43+01:00,27165,3714130,275350,426490,375788,1168863,96890,1370749,0.000100,0.0691
2026-02-11T07:28:48+01:00,27170,3713159,275350,426490,375788,1167657,97125,1370749,0.000100,0.0691
2026-02-11T07:28:53+01:00,27175,3712130,275350,426490,375788,1166554,97199,1370749,0.000100,0.0691
2026-02-11T07:28:58+01:00,27180,3711161,275350,426490,375788,1165503,97281,1370749,0.000100,0.0691
2026-02-11T07:29:03+01:00,27185,3710164,275350,426490,375788,1163821,97966,1370749,0.000100,0.0691
2026-02-11T07:29:08+01:00,27190,3709130,275350,426490,375788,1162746,98007,1370749,0.000100,0.0691
2026-02-11T07:29:13+01:00,27195,3708130,275350,426490,375788,1161719,98034,1370749,0.000100,0.0691
2026-02-11T07:29:18+01:00,27200,3707132,275350,426490,375788,1160623,98132,1370749,0.000100,0.0691
2026-02-11T07:29:23+01:00,27205,3706153,275350,426490,375788,1158946,98830,1370749,0.000100,0.0691
2026-02-11T07:29:28+01:00,27210,3705146,275350,426490,375788,1157795,98974,1370749,0.000100,0.0691
2026-02-11T07:29:33+01:00,27215,3704130,275350,426490,375788,1156800,98953,1370749,0.000100,0.0691
2026-02-11T07:29:38+01:00,27220,3703151,275350,426490,375788,1155934,98840,1370749,0.000100,0.0691
2026-02-11T07:29:43+01:00,27225,3702130,275350,426490,375788,1154815,98926,1370761,0.000100,0.0691
2026-02-11T07:29:48+01:00,27230,3701164,275350,426490,375788,1153194,99581,1370761,0.000100,0.0691
2026-02-11T07:29:53+01:00,27235,3700168,275350,426490,375788,1151842,99937,1370761,0.000100,0.0691
2026-02-11T07:29:58+01:00,27240,3699141,275350,426490,375788,1150606,100026,1370881,0.000100,0.0691
2026-02-11T07:30:03+01:00,27245,3698130,275350,426490,375788,1150053,98834,1371615,0.000100,0.0691
2026-02-11T07:30:08+01:00,27250,3697245,275350,426490,375788,1149216,98361,1372040,0.000100,0.0691
2026-02-11T07:30:13+01:00,27255,3696238,275350,426490,375788,1147873,98641,1372096,0.000100,0.0691
2026-02-11T07:30:18+01:00,27260,3695238,275350,426490,375788,1146873,98641,1372096,0.000100,0.0691
2026-02-11T07:30:23+01:00,27265,3694269,275350,426490,375788,1146355,98190,1372096,0.000100,0.0691
2026-02-11T07:30:28+01:00,27270,3693273,275350,426490,375788,1145054,98495,1372096,0.000100,0.0691
2026-02-11T07:30:33+01:00,27275,3692238,275350,426490,375788,1144408,98106,1372096,0.000100,0.0691
2026-02-11T07:30:38+01:00,27280,3691268,275350,426490,375788,1143983,97561,1372096,0.000100,0.0691
2026-02-11T07:30:43+01:00,27285,3690244,275350,426490,375788,1142721,97779,1372116,0.000100,0.0691
2026-02-11T07:30:48+01:00,27290,3689267,275350,426490,375788,1141378,98145,1372116,0.000100,0.0691
2026-02-11T07:30:53+01:00,27295,3688266,275350,426490,375788,1140094,98428,1372116,0.000100,0.0691
2026-02-11T07:30:58+01:00,27300,3687275,275350,426490,375788,1138847,98684,1372116,0.000100,0.0691
2026-02-11T07:31:03+01:00,27305,3686238,275350,426490,375788,1137974,98520,1372116,0.000100,0.0691
2026-02-11T07:31:08+01:00,27310,3686238,275350,426490,375788,1136926,99568,1372116,0.000100,0.0691
2026-02-11T07:31:13+01:00,27315,3685267,275350,426490,375788,1136122,99401,1372116,0.000100,0.0691
2026-02-11T07:31:18+01:00,27320,3684238,275350,426490,375788,1134554,99940,1372116,0.000100,0.0691
2026-02-11T07:31:23+01:00,27325,3683238,275350,426490,375788,1133216,100278,1372116,0.000100,0.0691
2026-02-11T07:31:28+01:00,27330,3682238,275350,426490,375788,1132073,100421,1372116,0.000100,0.0691
2026-02-11T07:31:33+01:00,27335,3681238,275350,426490,375788,1131073,100421,1372116,0.000100,0.0691
2026-02-11T07:31:38+01:00,27340,3680238,275350,426490,375788,1130016,100478,1372116,0.000100,0.0691
2026-02-11T07:31:43+01:00,27345,3679270,275350,426490,375788,1129534,99992,1372116,0.000100,0.0691
2026-02-11T07:31:48+01:00,27350,3678270,275350,426490,375788,1128224,100302,1372116,0.000100,0.0691
2026-02-11T07:31:53+01:00,27355,3677238,275350,426490,375788,1127184,100310,1372116,0.000100,0.0691
2026-02-11T07:31:58+01:00,27360,3676264,275350,426490,375788,1126258,100262,1372116,0.000100,0.0691
2026-02-11T07:32:03+01:00,27365,3675247,275350,426490,375788,1125142,99752,1372725,0.000100,0.0691
2026-02-11T07:32:08+01:00,27370,3674476,275350,426490,375788,1123833,99696,1373319,0.000100,0.0691
2026-02-11T07:32:13+01:00,27375,3673490,275350,426490,375788,1123116,99301,1373445,0.000100,0.0691
2026-02-11T07:32:18+01:00,27380,3672458,275350,426490,375788,1122491,98878,1373461,0.000100,0.0691
2026-02-11T07:32:23+01:00,27385,3671458,275350,426490,375788,1121786,98583,1373461,0.000100,0.0691
2026-02-11T07:32:28+01:00,27390,3670493,275350,426490,375788,1120701,98703,1373461,0.000100,0.0691
2026-02-11T07:32:33+01:00,27395,3669458,275350,426490,375788,1120018,98319,1373493,0.000100,0.0691
2026-02-11T07:32:38+01:00,27400,3668484,275350,426490,375788,1118510,98853,1373493,0.000100,0.0691
2026-02-11T07:32:43+01:00,27405,3667482,275350,426490,375788,1117244,99117,1373493,0.000100,0.0691
2026-02-11T07:32:48+01:00,27410,3666491,275350,426490,375788,1116013,99357,1373493,0.000100,0.0691
2026-02-11T07:32:53+01:00,27415,3665458,275350,426490,375788,1114280,100057,1373493,0.000100,0.0691
2026-02-11T07:32:58+01:00,27420,3664458,275350,426490,375788,1114117,99220,1373493,0.000100,0.0691
2026-02-11T07:33:03+01:00,27425,3663458,275350,426490,375788,1113124,99213,1373493,0.000100,0.0691
2026-02-11T07:33:08+01:00,27430,3662458,275350,426490,375788,1112408,98929,1373493,0.000100,0.0691
2026-02-11T07:33:13+01:00,27435,3661458,275350,426490,375788,1111716,98621,1373493,0.000100,0.0691
2026-02-11T07:33:18+01:00,27440,3660458,275350,426490,375788,1110812,98525,1373493,0.000100,0.0691
2026-02-11T07:33:23+01:00,27445,3659492,275350,426490,375788,1109715,98656,1373493,0.000100,0.0691
2026-02-11T07:33:28+01:00,27450,3658458,275350,426490,375788,1108903,98434,1373493,0.000100,0.0691
2026-02-11T07:33:33+01:00,27455,3657458,275350,426490,375788,1107447,98890,1373493,0.000100,0.0691
2026-02-11T07:33:38+01:00,27460,3656482,275350,426490,375788,1106293,99068,1373493,0.000100,0.0691
2026-02-11T07:33:43+01:00,27465,3655485,275350,426490,375788,1105135,99229,1373493,0.000100,0.0691
2026-02-11T07:33:48+01:00,27470,3654458,275350,426490,375788,1103837,99500,1373493,0.000100,0.0691
2026-02-11T07:33:53+01:00,27475,3653527,275350,426490,375788,1102866,99540,1373493,0.000100,0.0691
2026-02-11T07:33:58+01:00,27480,3652458,275350,426490,375788,1102077,99260,1373493,0.000100,0.0691
2026-02-11T07:34:03+01:00,27485,3651458,275350,426490,375788,1101772,98260,1373798,0.000100,0.0691
2026-02-11T07:34:08+01:00,27490,3650458,275350,426490,375788,1100833,97607,1374390,0.000100,0.0691
2026-02-11T07:34:13+01:00,27495,3650486,275350,426490,375788,1099691,98631,1374536,0.000100,0.0691
2026-02-11T07:34:18+01:00,27500,3649488,275350,426490,375788,1098323,99001,1374536,0.000100,0.0691
2026-02-11T07:34:23+01:00,27505,3648458,275350,426490,375788,1097312,98982,1374536,0.000100,0.0691
2026-02-11T07:34:28+01:00,27510,3647497,275350,426490,375788,1096674,98659,1374536,0.000100,0.0691
2026-02-11T07:34:33+01:00,27515,3646489,275350,426490,375788,1095347,98978,1374536,0.000100,0.0691
2026-02-11T07:34:38+01:00,27520,3645458,275350,426490,375788,1093824,99470,1374536,0.000100,0.0691
2026-02-11T07:34:43+01:00,27525,3644458,275350,426490,375788,1093313,98981,1374536,0.000100,0.0691
2026-02-11T07:34:48+01:00,27530,3643491,275350,426490,375788,1091986,99341,1374536,0.000100,0.0691
2026-02-11T07:34:53+01:00,27535,3642458,275350,426490,375788,1091259,99035,1374536,0.000100,0.0691
2026-02-11T07:34:58+01:00,27540,3641458,275350,426490,375788,1089938,99356,1374536,0.000100,0.0691
2026-02-11T07:35:03+01:00,27545,3640489,275350,426490,375788,1088615,99710,1374536,0.000100,0.0691
2026-02-11T07:35:08+01:00,27550,3639490,275350,426490,375788,1087352,99974,1374536,0.000100,0.0691
2026-02-11T07:35:13+01:00,27555,3638487,275350,426490,375788,1086149,100174,1374536,0.000100,0.0691
2026-02-11T07:35:18+01:00,27560,3637458,275350,426490,375788,1084663,100631,1374536,0.000100,0.0691
2026-02-11T07:35:23+01:00,27565,3636485,275350,426490,375788,1083239,101082,1374536,0.000100,0.0691
2026-02-11T07:35:28+01:00,27570,3635458,275350,426490,375788,1081848,101446,1374536,0.000100,0.0691
2026-02-11T07:35:33+01:00,27575,3634459,275350,426490,375788,1080644,101651,1374536,0.000100,0.0691
2026-02-11T07:35:38+01:00,27580,3633458,275350,426490,375788,1079936,101358,1374536,0.000100,0.0691
2026-02-11T07:35:43+01:00,27585,3632490,275350,426490,375788,1078494,101832,1374536,0.000100,0.0691
2026-02-11T07:35:48+01:00,27590,3631482,275350,426490,375788,1077167,102119,1374568,0.000100,0.0691
2026-02-11T07:35:53+01:00,27595,3630485,275350,426490,375788,1076340,101938,1374579,0.000100,0.0691
2026-02-11T07:35:58+01:00,27600,3629460,275350,426490,375788,1074781,102210,1374841,0.000100,0.0691
2026-02-11T07:36:03+01:00,27605,3628487,275350,426490,375788,1074095,101290,1375474,0.000100,0.0691
2026-02-11T07:36:08+01:00,27610,3627495,275350,426490,375788,1073299,100610,1375958,0.000100,0.0691
2026-02-11T07:36:13+01:00,27615,3626458,275350,426490,375788,1072436,100436,1375958,0.000100,0.0691
2026-02-11T07:36:18+01:00,27620,3625472,275350,426490,375788,1071342,100544,1375958,0.000100,0.0691
2026-02-11T07:36:23+01:00,27625,3624486,275350,426490,375788,1070198,100702,1375958,0.000100,0.0691
2026-02-11T07:36:28+01:00,27630,3623458,275350,426490,375788,1068915,100957,1375958,0.000100,0.0691
2026-02-11T07:36:33+01:00,27635,3622458,275350,426490,375788,1068139,100733,1375958,0.000100,0.0691
2026-02-11T07:36:38+01:00,27640,3621486,275350,426490,375788,1067060,100840,1375958,0.000100,0.0691
2026-02-11T07:36:43+01:00,27645,3620458,275350,426490,375788,1066226,100646,1375958,0.000100,0.0691
2026-02-11T07:36:48+01:00,27650,3619487,275350,426490,375788,1065082,100819,1375958,0.000100,0.0691
2026-02-11T07:36:53+01:00,27655,3618458,275350,426490,375788,1064364,100508,1375958,0.000100,0.0691
2026-02-11T07:36:58+01:00,27660,3617458,275350,426490,375788,1063364,100508,1375958,0.000100,0.0691
2026-02-11T07:37:03+01:00,27665,3616458,275350,426490,375788,1062364,100508,1375958,0.000100,0.0691
2026-02-11T07:37:08+01:00,27670,3615458,275350,426490,375788,1062005,99867,1375958,0.000100,0.0691
2026-02-11T07:37:13+01:00,27675,3615458,275350,426490,375788,1061487,100385,1375958,0.000100,0.0691
2026-02-11T07:37:18+01:00,27680,3614492,275350,426490,375788,1060403,100503,1375958,0.000100,0.0691
2026-02-11T07:37:23+01:00,27685,3613458,275350,426490,375788,1059584,100288,1375958,0.000100,0.0691
2026-02-11T07:37:28+01:00,27690,3612458,275350,426490,375788,1058760,100112,1375958,0.000100,0.0691
2026-02-11T07:37:33+01:00,27695,3611476,275350,426490,375788,1058058,99832,1375958,0.000100,0.0691
2026-02-11T07:37:38+01:00,27700,3610493,275350,426490,375788,1057223,99684,1375958,0.000100,0.0691
2026-02-11T07:37:43+01:00,27705,3609491,275350,426490,375788,1055929,99976,1375958,0.000100,0.0691
2026-02-11T07:37:48+01:00,27710,3608458,275350,426490,375788,1055474,99398,1375958,0.000100,0.0691
2026-02-11T07:37:53+01:00,27715,3607458,275350,426490,375788,1054474,99398,1375958,0.000100,0.0691
2026-02-11T07:37:58+01:00,27720,3606487,275350,426490,375788,1053050,99851,1375958,0.000100,0.0691
2026-02-11T07:38:03+01:00,27725,3605490,275350,426490,375788,1051880,100024,1375958,0.000100,0.0691
2026-02-11T07:38:08+01:00,27730,3604697,275350,426490,375788,1050661,99551,1376857,0.000100,0.0691
2026-02-11T07:38:13+01:00,27735,3603862,275350,426490,375788,1049569,99552,1377113,0.000100,0.0691
2026-02-11T07:38:18+01:00,27740,3602830,275350,426490,375788,1048264,99825,1377113,0.000100,0.0691
2026-02-11T07:38:23+01:00,27745,3601852,275350,426490,375788,1047933,99178,1377113,0.000100,0.0691
2026-02-11T07:38:28+01:00,27750,3600830,275350,426490,375788,1046778,99311,1377113,0.000100,0.0691
2026-02-11T07:38:33+01:00,27755,3599830,275350,426490,375788,1045921,99168,1377113,0.000100,0.0691
2026-02-11T07:38:38+01:00,27760,3598861,275350,426490,375788,1044696,99424,1377113,0.000100,0.0691
2026-02-11T07:38:43+01:00,27765,3597830,275350,426490,375788,1043370,99719,1377113,0.000100,0.0691
2026-02-11T07:38:48+01:00,27770,3596856,275350,426490,375788,1042576,99484,1377168,0.000100,0.0691
2026-02-11T07:38:53+01:00,27775,3595868,275350,426490,375788,1041297,99775,1377168,0.000100,0.0691
2026-02-11T07:38:58+01:00,27780,3594862,275350,426490,375788,1040602,99464,1377168,0.000100,0.0691
2026-02-11T07:39:03+01:00,27785,3593858,275350,426490,375788,1039306,99756,1377168,0.000100,0.0691
2026-02-11T07:39:08+01:00,27790,3592830,275350,426490,375788,1037682,100352,1377168,0.000100,0.0691
2026-02-11T07:39:13+01:00,27795,3591858,275350,426490,375788,1036861,100201,1377168,0.000100,0.0691
2026-02-11T07:39:18+01:00,27800,3590868,275350,426490,375788,1036147,99925,1377168,0.000100,0.0691
2026-02-11T07:39:23+01:00,27805,3589830,275350,426490,375788,1035898,99136,1377168,0.000100,0.0691
2026-02-11T07:39:28+01:00,27810,3588830,275350,426490,375788,1034797,99237,1377168,0.000100,0.0691
2026-02-11T07:39:33+01:00,27815,3587830,275350,426490,375788,1033635,99399,1377168,0.000100,0.0691
2026-02-11T07:39:38+01:00,27820,3586830,275350,426490,375788,1033635,98399,1377168,0.000100,0.0691
2026-02-11T07:39:43+01:00,27825,3585871,275350,426490,375788,1032909,98166,1377168,0.000100,0.0691
2026-02-11T07:39:48+01:00,27830,3584846,275350,426490,375788,1031537,98513,1377168,0.000100,0.0691
2026-02-11T07:39:53+01:00,27835,3583830,275350,426490,375788,1030453,98581,1377168,0.000100,0.0691
2026-02-11T07:39:58+01:00,27840,3582865,275350,426490,375788,1029614,98325,1377298,0.000100,0.0691
2026-02-11T07:40:03+01:00,27845,3581941,275350,426490,375788,1028500,97566,1378247,0.000100,0.0691
2026-02-11T07:40:08+01:00,27850,3580912,275350,426490,375788,1027659,97378,1378247,0.000100,0.0691
2026-02-11T07:40:13+01:00,27855,3579946,275350,426490,375788,1026854,97217,1378247,0.000100,0.0691
2026-02-11T07:40:18+01:00,27860,3579912,275350,426490,375788,1025525,98512,1378247,0.000100,0.0691
2026-02-11T07:40:23+01:00,27865,3578912,275350,426490,375788,1024299,98730,1378255,0.000100,0.0691
2026-02-11T07:40:28+01:00,27870,3577912,275350,426490,375788,1023530,98499,1378255,0.000100,0.0691
2026-02-11T07:40:33+01:00,27875,3576949,275350,426490,375788,1022733,98333,1378255,0.000100,0.0691
2026-02-11T07:40:38+01:00,27880,3575940,275350,426490,375788,1021902,98155,1378255,0.000100,0.0691
2026-02-11T07:40:43+01:00,27885,3574912,275350,426490,375788,1020864,98165,1378255,0.000100,0.0691
2026-02-11T07:40:48+01:00,27890,3573912,275350,426490,375788,1020305,97724,1378255,0.000100,0.0691
2026-02-11T07:40:53+01:00,27895,3572912,275350,426490,375788,1019809,97220,1378255,0.000100,0.0691
2026-02-11T07:40:58+01:00,27900,3571912,275350,426490,375788,1018964,97065,1378255,0.000100,0.0691
2026-02-11T07:41:03+01:00,27905,3570943,275350,426490,375788,1018143,96917,1378255,0.000100,0.0691
2026-02-11T07:41:08+01:00,27910,3569951,275350,426490,375788,1016982,97086,1378255,0.000100,0.0691
2026-02-11T07:41:13+01:00,27915,3568912,275350,426490,375788,1015708,97321,1378255,0.000100,0.0691
2026-02-11T07:41:18+01:00,27920,3567912,275350,426490,375788,1014794,97235,1378255,0.000100,0.0691
2026-02-11T07:41:23+01:00,27925,3566912,275350,426490,375788,1013632,97397,1378255,0.000100,0.0691
2026-02-11T07:41:28+01:00,27930,3565917,275350,426490,375788,1013607,96427,1378255,0.000100,0.0691
2026-02-11T07:41:33+01:00,27935,3564946,275350,426490,375788,1012382,96681,1378255,0.000100,0.0691
2026-02-11T07:41:38+01:00,27940,3563945,275350,426490,375788,1011191,96871,1378255,0.000100,0.0691
2026-02-11T07:41:43+01:00,27945,3562943,275350,426490,375788,1010437,96623,1378255,0.000100,0.0691
2026-02-11T07:41:48+01:00,27950,3561912,275350,426490,375788,1010118,95911,1378255,0.000100,0.0691
2026-02-11T07:41:53+01:00,27955,3560913,275350,426490,375788,1009828,95202,1378255,0.000100,0.0691
2026-02-11T07:41:58+01:00,27960,3559942,275350,426490,375788,1008157,95788,1378369,0.000100,0.0691
2026-02-11T07:42:03+01:00,27965,3559183,275350,426490,375788,1007551,94694,1379310,0.000100,0.0691
2026-02-11T07:42:08+01:00,27970,3558287,275350,426490,375788,1006551,94521,1379587,0.000100,0.0691
2026-02-11T07:42:13+01:00,27975,3557287,275350,426490,375788,1005558,94514,1379587,0.000100,0.0691
2026-02-11T07:42:18+01:00,27980,3556287,275350,426490,375788,1004491,94581,1379587,0.000100,0.0691
2026-02-11T07:42:23+01:00,27985,3555324,275350,426490,375788,1003344,94747,1379605,0.000100,0.0691
2026-02-11T07:42:28+01:00,27990,3554287,275350,426490,375788,1002154,94900,1379605,0.000100,0.0691
2026-02-11T07:42:33+01:00,27995,3553287,275350,426490,375788,1001482,94550,1379627,0.000100,0.0691
2026-02-11T07:42:38+01:00,28000,3552309,275350,426490,375788,1000451,94603,1379627,0.000100,0.0691
2026-02-11T07:42:43+01:00,28005,3551287,275350,426490,375788,999431,94601,1379627,0.000100,0.0691
2026-02-11T07:42:48+01:00,28010,3550287,275350,426490,375788,998114,94918,1379627,0.000100,0.0691
2026-02-11T07:42:53+01:00,28015,3549287,275350,426490,375788,997818,94214,1379627,0.000100,0.0691
2026-02-11T07:42:58+01:00,28020,3548327,275350,426490,375788,996381,94691,1379627,0.000100,0.0691
2026-02-11T07:43:03+01:00,28025,3547287,275350,426490,375788,995427,94605,1379627,0.000100,0.0691
2026-02-11T07:43:08+01:00,28030,3547287,275350,426490,375788,994522,95510,1379627,0.000100,0.0691
2026-02-11T07:43:13+01:00,28035,3546287,275350,426490,375788,993358,95674,1379627,0.000100,0.0691
2026-02-11T07:43:18+01:00,28040,3545316,275350,426490,375788,992882,95179,1379627,0.000100,0.0691
2026-02-11T07:43:23+01:00,28045,3544287,275350,426490,375788,992134,94898,1379627,0.000100,0.0691
2026-02-11T07:43:28+01:00,28050,3543318,275350,426490,375788,990996,95067,1379627,0.000100,0.0691
2026-02-11T07:43:33+01:00,28055,3542318,275350,426490,375788,989663,95400,1379627,0.000100,0.0691
2026-02-11T07:43:38+01:00,28060,3541287,275350,426490,375788,988846,95186,1379627,0.000100,0.0691
2026-02-11T07:43:43+01:00,28065,3540287,275350,426490,375788,987839,95193,1379627,0.000100,0.0691
2026-02-11T07:43:48+01:00,28070,3539287,275350,426490,375788,987293,94739,1379627,0.000100,0.0691
2026-02-11T07:43:53+01:00,28075,3538287,275350,426490,375788,986176,94856,1379627,0.000100,0.0691
2026-02-11T07:43:58+01:00,28080,3537287,275350,426490,375788,985193,94839,1379627,0.000100,0.0691
2026-02-11T07:44:03+01:00,28085,3536328,275350,426490,375788,983865,94598,1380237,0.000100,0.0691
2026-02-11T07:44:08+01:00,28090,3535287,275350,426490,375788,983218,93860,1380581,0.000100,0.0691
2026-02-11T07:44:13+01:00,28095,3534287,275350,426490,375788,982256,93790,1380613,0.000100,0.0691
2026-02-11T07:44:18+01:00,28100,3533287,275350,426490,375788,981269,93777,1380613,0.000100,0.0691
2026-02-11T07:44:23+01:00,28105,3532323,275350,426490,375788,980817,93265,1380613,0.000100,0.0691
2026-02-11T07:44:28+01:00,28110,3531287,275350,426490,375788,979566,93480,1380613,0.000100,0.0691
2026-02-11T07:44:33+01:00,28115,3530314,275350,426490,375788,978349,93724,1380613,0.000100,0.0691
2026-02-11T07:44:38+01:00,28120,3529287,275350,426490,375788,976889,94157,1380613,0.000100,0.0691
2026-02-11T07:44:43+01:00,28125,3528287,275350,426490,375788,976052,93994,1380613,0.000100,0.0691
2026-02-11T07:44:48+01:00,28130,3527316,275350,426490,375788,975024,94051,1380613,0.000100,0.0691
2026-02-11T07:44:53+01:00,28135,3526319,275350,426490,375788,974385,93693,1380613,0.000100,0.0691
2026-02-11T07:44:58+01:00,28140,3525323,275350,426490,375788,973593,93489,1380613,0.000100,0.0691
2026-02-11T07:45:03+01:00,28145,3524287,275350,426490,375788,971910,94136,1380613,0.000100,0.0691
2026-02-11T07:45:08+01:00,28150,3523287,275350,426490,375788,970910,94136,1380613,0.000100,0.0691
2026-02-11T07:45:13+01:00,28155,3522311,275350,426490,375788,969909,94161,1380613,0.000100,0.0691
2026-02-11T07:45:18+01:00,28160,3521287,275350,426490,375788,969052,93994,1380613,0.000100,0.0691
2026-02-11T07:45:23+01:00,28165,3520311,275350,426490,375788,967929,94141,1380613,0.000100,0.0691
2026-02-11T07:45:28+01:00,28170,3519287,275350,426490,375788,967070,93976,1380613,0.000100,0.0691
2026-02-11T07:45:33+01:00,28175,3518287,275350,426490,375788,966186,93860,1380613,0.000100,0.0691
2026-02-11T07:45:38+01:00,28180,3517287,275350,426490,375788,965186,93860,1380613,0.000100,0.0691
2026-02-11T07:45:43+01:00,28185,3516315,275350,426490,375788,963637,94437,1380613,0.000100,0.0691
2026-02-11T07:45:48+01:00,28190,3515317,275350,426490,375788,962317,94759,1380613,0.000100,0.0691
2026-02-11T07:45:53+01:00,28195,3514287,275350,426490,375788,961170,94876,1380613,0.000100,0.0691
2026-02-11T07:45:58+01:00,28200,3513287,275350,426490,375788,961170,93876,1380613,0.000100,0.0691
2026-02-11T07:46:03+01:00,28205,3512287,275350,426490,375788,960335,93052,1381272,0.000100,0.0691
2026-02-11T07:46:08+01:00,28210,3511311,275350,426490,375788,959422,92472,1381789,0.000100,0.0691
2026-02-11T07:46:13+01:00,28215,3511317,275350,426490,375788,958243,93626,1381820,0.000100,0.0691
2026-02-11T07:46:18+01:00,28220,3510287,275350,426490,375788,956727,94112,1381820,0.000100,0.0691
2026-02-11T07:46:23+01:00,28225,3509287,275350,426490,375788,956047,93792,1381820,0.000100,0.0691
2026-02-11T07:46:28+01:00,28230,3508317,275350,426490,375788,954517,94352,1381820,0.000100,0.0691
2026-02-11T07:46:33+01:00,28235,3507287,275350,426490,375788,953709,94130,1381820,0.000100,0.0691
2026-02-11T07:46:38+01:00,28240,3506287,275350,426490,375788,952833,94006,1381820,0.000100,0.0691
2026-02-11T07:46:43+01:00,28245,3505287,275350,426490,375788,952740,93099,1381820,0.000100,0.0691
2026-02-11T07:46:48+01:00,28250,3504287,275350,426490,375788,951396,93443,1381820,0.000100,0.0691
2026-02-11T07:46:53+01:00,28255,3503316,275350,426490,375788,950945,92923,1381820,0.000100,0.0691
2026-02-11T07:46:58+01:00,28260,3502287,275350,426490,375788,949412,93427,1381820,0.000100,0.0691
2026-02-11T07:47:03+01:00,28265,3501287,275350,426490,375788,948412,93427,1381820,0.000100,0.0691
2026-02-11T07:47:08+01:00,28270,3500326,275350,426490,375788,947624,93254,1381820,0.000100,0.0691
2026-02-11T07:47:13+01:00,28275,3499312,275350,426490,375788,946314,93550,1381820,0.000100,0.0691
2026-02-11T07:47:18+01:00,28280,3498287,275350,426490,375788,945263,93576,1381820,0.000100,0.0691
2026-02-11T07:47:23+01:00,28285,3497287,275350,426490,375788,944263,93576,1381820,0.000100,0.0691
2026-02-11T07:47:28+01:00,28290,3496313,275350,426490,375788,943670,93195,1381820,0.000100,0.0691
2026-02-11T07:47:33+01:00,28295,3495287,275350,426490,375788,942704,93135,1381820,0.000100,0.0691
2026-02-11T07:47:38+01:00,28300,3494287,275350,426490,375788,942495,92344,1381820,0.000100,0.0691
2026-02-11T07:47:43+01:00,28305,3493287,275350,426490,375788,941400,92439,1381820,0.000100,0.0691
2026-02-11T07:47:48+01:00,28310,3492320,275350,426490,375788,941326,91546,1381820,0.000100,0.0691
2026-02-11T07:47:53+01:00,28315,3491310,275350,426490,375788,939424,92438,1381820,0.000100,0.0691
2026-02-11T07:47:58+01:00,28320,3490287,275350,426490,375788,938716,92123,1381820,0.000100,0.0691
2026-02-11T07:48:03+01:00,28325,3489315,275350,426490,375788,937885,91776,1382026,0.000100,0.0691
2026-02-11T07:48:08+01:00,28330,3488320,275350,426490,375788,936894,90834,1382964,0.000100,0.0691
2026-02-11T07:48:13+01:00,28335,3487287,275350,426490,375788,935917,90778,1382964,0.000100,0.0691
2026-02-11T07:48:18+01:00,28340,3486311,275350,426490,375788,934227,91492,1382964,0.000100,0.0691
2026-02-11T07:48:23+01:00,28345,3485287,275350,426490,375788,933917,90778,1382964,0.000100,0.0691
2026-02-11T07:48:28+01:00,28350,3484287,275350,426490,375788,932934,90761,1382964,0.000100,0.0691
2026-02-11T07:48:33+01:00,28355,3483311,275350,426490,375788,931739,90980,1382964,0.000100,0.0691
2026-02-11T07:48:38+01:00,28360,3482287,275350,426490,375788,931493,90202,1382964,0.000100,0.0691
2026-02-11T07:48:43+01:00,28365,3481287,275350,426490,375788,930624,90071,1382964,0.000100,0.0691
2026-02-11T07:48:48+01:00,28370,3480310,275350,426490,375788,929428,90290,1382964,0.000100,0.0691
2026-02-11T07:48:53+01:00,28375,3479287,275350,426490,375788,928294,90401,1382964,0.000100,0.0691
2026-02-11T07:48:58+01:00,28380,3478287,275350,426490,375788,927294,90401,1382964,0.000100,0.0691
2026-02-11T07:49:03+01:00,28385,3477287,275350,426490,375788,926822,89873,1382964,0.000100,0.0691
2026-02-11T07:49:08+01:00,28390,3476287,275350,426490,375788,925918,89777,1382964,0.000100,0.0691
2026-02-11T07:49:13+01:00,28395,3475296,275350,426490,375788,925040,89664,1382964,0.000100,0.0691
2026-02-11T07:49:18+01:00,28400,3474287,275350,426490,375788,923402,90293,1382964,0.000100,0.0691
2026-02-11T07:49:23+01:00,28405,3474320,275350,426490,375788,922119,91609,1382964,0.000100,0.0691
2026-02-11T07:49:28+01:00,28410,3473318,275350,426490,375788,921351,91375,1382964,0.000100,0.0691
2026-02-11T07:49:33+01:00,28415,3472287,275350,426490,375788,920528,91167,1382964,0.000100,0.0691
2026-02-11T07:49:38+01:00,28420,3471287,275350,426490,375788,920263,90432,1382964,0.000100,0.0691
2026-02-11T07:49:43+01:00,28425,3470313,275350,426490,375788,918938,90783,1382964,0.000100,0.0691
2026-02-11T07:49:48+01:00,28430,3469287,275350,426490,375788,917573,91122,1382964,0.000100,0.0691
2026-02-11T07:49:53+01:00,28435,3468287,275350,426490,375788,916799,90896,1382964,0.000100,0.0691
2026-02-11T07:49:58+01:00,28440,3467308,275350,426490,375788,915985,90635,1383060,0.000100,0.0691
2026-02-11T07:50:03+01:00,28445,3466321,275350,426490,375788,915313,89834,1383546,0.000100,0.0691
2026-02-11T07:50:08+01:00,28450,3465287,275350,426490,375788,914666,88969,1384024,0.000100,0.0691
2026-02-11T07:50:13+01:00,28455,3464287,275350,426490,375788,914641,87979,1384039,0.000100,0.0691
2026-02-11T07:50:18+01:00,28460,3463287,275350,426490,375788,913808,87812,1384039,0.000100,0.0691
2026-02-11T07:50:23+01:00,28465,3462287,275350,426490,375788,912736,87884,1384039,0.000100,0.0691
2026-02-11T07:50:28+01:00,28470,3461287,275350,426490,375788,912736,86884,1384039,0.000100,0.0691
2026-02-11T07:50:33+01:00,28475,3460287,275350,426490,375788,912038,86582,1384039,0.000100,0.0691
2026-02-11T07:50:38+01:00,28480,3459323,275350,426490,375788,910800,86856,1384039,0.000100,0.0691
2026-02-11T07:50:43+01:00,28485,3458287,275350,426490,375788,910733,85887,1384039,0.000100,0.0691
2026-02-11T07:50:48+01:00,28490,3457287,275350,426490,375788,910329,85291,1384039,0.000100,0.0691
2026-02-11T07:50:53+01:00,28495,3456294,275350,426490,375788,909882,84745,1384039,0.000100,0.0691
2026-02-11T07:50:58+01:00,28500,3455287,275350,426490,375788,908681,84939,1384039,0.000100,0.0691
2026-02-11T07:51:03+01:00,28505,3454287,275350,426490,375788,907857,84763,1384039,0.000100,0.0691
2026-02-11T07:51:08+01:00,28510,3453287,275350,426490,375788,907857,83763,1384039,0.000100,0.0691
2026-02-11T07:51:13+01:00,28515,3452287,275350,426490,375788,907286,83334,1384039,0.000100,0.0691
2026-02-11T07:51:18+01:00,28520,3451287,275350,426490,375788,906504,83116,1384039,0.000100,0.0691
2026-02-11T07:51:23+01:00,28525,3450287,275350,426490,375788,906069,82551,1384039,0.000100,0.0691
2026-02-11T07:51:28+01:00,28530,3449287,275350,426490,375788,905419,82201,1384039,0.000100,0.0691
2026-02-11T07:51:33+01:00,28535,3448287,275350,426490,375788,905034,81586,1384039,0.000100,0.0691
2026-02-11T07:51:38+01:00,28540,3447318,275350,426490,375788,904371,81280,1384039,0.000100,0.0691
2026-02-11T07:51:43+01:00,28545,3446309,275350,426490,375788,903051,81591,1384039,0.000100,0.0691
2026-02-11T07:51:48+01:00,28550,3445287,275350,426490,375788,902084,81536,1384039,0.000100,0.0691
2026-02-11T07:51:53+01:00,28555,3444326,275350,426490,375788,900558,82101,1384039,0.000100,0.0691
2026-02-11T07:51:58+01:00,28560,3443287,275350,426490,375788,899148,82472,1384039,0.000100,0.0691
2026-02-11T07:52:03+01:00,28565,3442559,275350,426490,375788,898252,81751,1384928,0.000100,0.0691
2026-02-11T07:52:08+01:00,28570,3441554,275350,426490,375788,897639,80877,1385410,0.000100,0.0691
2026-02-11T07:52:13+01:00,28575,3440554,275350,426490,375788,897271,80245,1385410,0.000100,0.0691
2026-02-11T07:52:18+01:00,28580,3439554,275350,426490,375788,895663,80803,1385460,0.000100,0.0691
2026-02-11T07:52:23+01:00,28585,3438554,275350,426490,375788,894864,80602,1385460,0.000100,0.0691
2026-02-11T07:52:28+01:00,28590,3438554,275350,426490,375788,894231,81235,1385460,0.000100,0.0691
2026-02-11T07:52:33+01:00,28595,3437590,275350,426490,375788,892736,81766,1385460,0.000100,0.0691
2026-02-11T07:52:38+01:00,28600,3436554,275350,426490,375788,892247,81219,1385460,0.000100,0.0691
2026-02-11T07:52:43+01:00,28605,3435554,275350,426490,375788,891173,81293,1385460,0.000100,0.0691
2026-02-11T07:52:48+01:00,28610,3434554,275350,426490,375788,890694,80772,1385460,0.000100,0.0691
2026-02-11T07:52:53+01:00,28615,3433587,275350,426490,375788,889595,80904,1385460,0.000100,0.0691
2026-02-11T07:52:58+01:00,28620,3432554,275350,426490,375788,889021,80445,1385460,0.000100,0.0691
2026-02-11T07:53:03+01:00,28625,3431554,275350,426490,375788,889021,79445,1385460,0.000100,0.0691
2026-02-11T07:53:08+01:00,28630,3430581,275350,426490,375788,888327,79166,1385460,0.000100,0.0691
2026-02-11T07:53:13+01:00,28635,3429554,275350,426490,375788,887341,79125,1385460,0.000100,0.0691
2026-02-11T07:53:18+01:00,28640,3428583,275350,426490,375788,886260,79235,1385460,0.000100,0.0691
2026-02-11T07:53:23+01:00,28645,3427554,275350,426490,375788,885366,79100,1385460,0.000100,0.0691
2026-02-11T07:53:28+01:00,28650,3426554,275350,426490,375788,884528,78938,1385460,0.000100,0.0691
2026-02-11T07:53:33+01:00,28655,3425554,275350,426490,375788,884528,77938,1385460,0.000100,0.0691
2026-02-11T07:53:38+01:00,28660,3424554,275350,426490,375788,883985,77481,1385460,0.000100,0.0691
2026-02-11T07:53:43+01:00,28665,3423554,275350,426490,375788,883140,77326,1385460,0.000100,0.0691
2026-02-11T07:53:48+01:00,28670,3422554,275350,426490,375788,882702,76764,1385460,0.000100,0.0691
2026-02-11T07:53:53+01:00,28675,3421554,275350,426490,375788,882633,75833,1385460,0.000100,0.0691
2026-02-11T07:53:58+01:00,28680,3420597,275350,426490,375788,882629,74880,1385460,0.000100,0.0691
2026-02-11T07:54:03+01:00,28685,3420089,275350,426490,375788,881562,74527,1386372,0.000100,0.0691
2026-02-11T07:54:08+01:00,28690,3419089,275350,426490,375788,881333,73368,1386760,0.000100,0.0691
2026-02-11T07:54:13+01:00,28695,3418089,275350,426490,375788,880893,72714,1386854,0.000100,0.0691
2026-02-11T07:54:18+01:00,28700,3417110,275350,426490,375788,880024,72604,1386854,0.000100,0.0691
2026-02-11T07:54:23+01:00,28705,3416089,275350,426490,375788,879119,72488,1386854,0.000100,0.0691
2026-02-11T07:54:28+01:00,28710,3415089,275350,426490,375788,879119,71488,1386854,0.000100,0.0691
2026-02-11T07:54:33+01:00,28715,3414089,275350,426490,375788,879057,70550,1386854,0.000100,0.0691
2026-02-11T07:54:38+01:00,28720,3413089,275350,426490,375788,879057,69550,1386854,0.000100,0.0691
2026-02-11T07:54:43+01:00,28725,3412089,275350,426490,375788,878389,69218,1386854,0.000100,0.0691
2026-02-11T07:54:48+01:00,28730,3411089,275350,426490,375788,878339,68268,1386854,0.000100,0.0691
2026-02-11T07:54:53+01:00,28735,3410089,275350,426490,375788,877295,68312,1386854,0.000100,0.0691
2026-02-11T07:54:58+01:00,28740,3409089,275350,426490,375788,876878,67729,1386854,0.000100,0.0691
2026-02-11T07:55:03+01:00,28745,3408089,275350,426490,375788,876391,67216,1386854,0.000100,0.0691
2026-02-11T07:55:08+01:00,28750,3407114,275350,426490,375788,875581,67051,1386854,0.000100,0.0691
2026-02-11T07:55:13+01:00,28755,3406121,275350,426490,375788,874838,66801,1386854,0.000100,0.0691
2026-02-11T07:55:18+01:00,28760,3405089,275350,426490,375788,873811,66796,1386854,0.000100,0.0691
2026-02-11T07:55:23+01:00,28765,3404089,275350,426490,375788,873715,65892,1386854,0.000100,0.0691
2026-02-11T07:55:28+01:00,28770,3403116,275350,426490,375788,872611,66023,1386854,0.000100,0.0691
2026-02-11T07:55:33+01:00,28775,3402089,275350,426490,375788,871590,66017,1386854,0.000100,0.0691
2026-02-11T07:55:38+01:00,28780,3402089,275350,426490,375788,871470,66137,1386854,0.000100,0.0691
2026-02-11T07:55:43+01:00,28785,3401089,275350,426490,375788,871470,65137,1386854,0.000100,0.0691
2026-02-11T07:55:48+01:00,28790,3400123,275350,426490,375788,870845,64796,1386854,0.000100,0.0691
2026-02-11T07:55:53+01:00,28795,3399112,275350,426490,375788,869499,65131,1386854,0.000100,0.0691
